PMID	PubDate	Species
41264140	2025 Nov 20	Mouse
41260166	2025 Nov 18	Mouse
41259786	2025 Nov 14	Mouse
41258726	2025 Nov 19	Mouse
41258082	2025 Nov 18	Mouse
41257852	2025 Nov 19	Mouse
41256469	2025 Oct 1	Mouse
41255240	2025 Nov 19	Mouse
41254811	2025 Nov 18	Mouse
41251406	2025 Nov 18	Mouse
41245517	2025	Mouse
41242538	2025 Nov 14	Mouse
41236928	2025 Nov 13	Mouse
41235679	2026 Jan	Mouse
41234695	2025	Mouse
41233759	2025 Nov 13	Mouse
41215770	2025 Dec	Mouse
41214429	2025 Nov 10	Mouse
41213482	2025 Nov 8	Mouse
41208816	2025 Dec	Mouse
41207405	2025 Nov 7	Mouse
41205853	2025 Nov 6	Mouse
41201079	2025 Nov 7	Mouse
41200799	2025 Nov 7	Mouse
41198759	2025 Nov 6	Mouse
41194652	2025 Nov	Mouse
41190216	2025	Mouse
41185633	2025 Oct	Mouse
41178714	2025 Nov 3	Mouse
41177139	2025 Oct 27	Mouse
41176908	2025 Nov 1	Mouse
41176002	2025 Oct 30	Mouse
41173032	2025 Nov 1	Mouse
41170910	2025 Nov 13	Mouse
41163191	2025 Oct 29	Mouse
41161589	2026 Jan	Mouse
41155170	2025 Oct 10	Mouse
41148155	2025 Nov 12	Mouse
41146463	2025 Oct	Mouse
41139459	2025 Oct 26	Mouse
41135736	2025 Nov 15	Mouse
41133454	2026 Jan	Mouse
41130306	2025 Dec	Mouse
41125571	2025 Oct 22	Mouse
41117256	2025 Oct 21	Mouse
41113931	2025	Mouse
41111515	2025	Mouse
41111484	2025 Dec	Mouse
41108151	2025 Oct 18	Mouse
41108129	2025 Oct 18	Mouse
41106457	2025 Oct 15	Mouse
41104872	2025 Dec	Mouse
41103413	2025	Mouse
41102146	2025 Oct 16	Mouse
41102140	2025 Oct 16	Mouse
41096895	2025 Oct 2	Mouse
41093854	2025 Oct 15	Mouse
41090154	2025 Oct	Mouse
41089701	2025	Mouse
41089260	2025	Mouse
41088346	2025 Oct 14	Mouse
41086902	2025 Oct 12	Mouse
41082511	2025 Sep 23	Mouse
41080734	2025 Dec	Mouse
41079991	2025 Nov	Mouse
41077348	2025 Oct 10	Mouse
41077081	2025 Oct 10	Mouse
41076582	2025 Nov 5	Mouse
41076526	2025 Oct 11	Mouse
41075743	2025 Nov	Mouse
41075429	2025 Oct 5	Mouse
41075115	2025 Oct 11	Mouse
41072700	2025 Nov	Mouse
41067282	2025 Dec	Mouse
41067202	2025 Nov 25	Mouse
41060973	2025	Mouse
41051363	2025 Oct 6	Mouse
41051362	2025 Oct 6	Mouse
41047035	2025 Dec	Mouse
41046448	2025 Oct 5	Mouse
41043625	2025 Dec 16	Mouse
41043411	2025 Nov 10	Mouse
41041437	2025	Mouse
41041044	2025	Mouse
41040155	2025 Sep 27	Mouse
41035432	2026 Jan	Mouse
41031135	2025 Nov	Mouse
41031019	2025 Sep 16	Mouse
41028499	2025 Nov	Mouse
41022004	2025 Sep 19	Mouse
41020295	2025 Nov	Mouse
41014769	2025 Dec 3	Mouse
41013655	2025 Sep 26	Mouse
41013182	2025 Sep 26	Mouse
41006212	2025 Sep 26	Mouse
41005083	2026 Feb	Mouse
41001102	2025	Mouse
41000702	2025 Sep 19	Mouse
40999539	2025 Sep 25	Mouse
40999516	2025 Sep 25	Mouse
40997129	2025	Mouse
40995851	2025 Sep	Mouse
40995561	2025	Mouse
40987460	2025 Sep 1	Mouse
40976363	2025 Sep 19	Mouse
40975506	2025 Dec	Mouse
40974845	2025 Dec	Mouse
40972737	2025 Dec	Mouse
40970517	2025 Sep 19	Mouse
40963906	2025	Mouse
40948117	2025 Sep 15	Mouse
40946991	2025 Sep 12	Mouse
40946934	2026 Jan	Mouse
40945544	2025 Sep 11	Mouse
40932696	2025 Sep 8	Mouse
40930457	2025 Sep 8	Mouse
40930294	2026 Jan 30	Mouse
40929885	2025 Nov	Mouse
40924013	2025 Oct 24	Mouse
40919882	2025 Sep	Mouse
40919665	2025 Jan 21	Mouse
40916823	2025 May 28	Mouse
40915381	2025 Sep 5	Mouse
40914549	2025 Sep 4	Mouse
40913865	2025 Nov 14	Mouse
40913785	2025 Jul 24	Mouse
40907650	2025 Nov	Mouse
40903824	2025 Sep	Mouse
40902750	2025 Sep 1	Mouse
40898256	2025 Sep 2	Mouse
40896957	2025 Oct	Mouse
40896869	2025 Aug 30	Mouse
40896798	2025	Mouse
40893665	2025 Aug	Mouse
40892916	2025 Sep 9	Mouse
40890747	2025 Sep 1	Mouse
40889796	2025 Oct	Mouse
40888101	2025 Sep 16	Mouse
40887495	2025 Sep	Mouse
40886326	2025 Nov	Mouse
40885352	2025 Sep	Mouse
40877980	2025 Aug 28	Mouse
40869195	2025 Aug 15	Mouse
40879013	2025 Oct	Mouse
40875519	2025 Nov 3	Mouse
40865711	2025 Nov	Mouse
40862354	2025 Sep 10	Mouse
40860660	2025	Mouse
40860023	2025 Aug 20	Mouse
40854507	2025 Dec	Mouse
40847348	2025 Aug 22	Mouse
40848981	2025 Nov	Mouse
40848578	2025 Nov	Mouse
40847478	2025 Aug 22	Mouse
40843172	2025	Mouse
40838523	2025 Aug 31	Mouse
40829693	2025 Sep 25	Mouse
40822351	2025 Aug 15	Mouse
40821826	2025	Mouse
40818538	2025 Nov	Mouse
40818185	2025 Oct	Mouse
40817785	2025 Aug 31	Mouse
40817461	2025 Nov 1	Mouse
40816940	2025 Oct	Mouse
40813306	2025 Sep 8	Mouse
40812964	2025 Sep	Mouse
40797305	2025 Aug 12	Mouse
40797087	2025 Aug 12	Mouse
40790990	2025 Jul-Sep	Mouse
40790756	2025 Aug 11	Mouse
40787173	2025 Sep	Mouse
40783334	2025 Aug 8	Mouse
40782567	2025 Aug 5	Mouse
40781794	2025 Aug 8	Mouse
40781689	2025 Aug 8	Mouse
40780140	2026 Feb	Mouse
40779842	2025 Oct 30	Mouse
40779147	2025 Oct	Mouse
40779002	2025 Aug 8	Mouse
40778537	2025 Aug	Mouse
40776599	2025 Sep	Mouse
40765832	2025	Mouse
40760019	2025 Aug 4	Mouse
40757971	2025 May 28	Mouse
40755158	2025 Aug	Mouse
40753437	2025 Aug 2	Mouse
40749610	2025 Oct 10	Mouse
40746264	2025 Aug	Mouse
40744211	2025 Oct	Mouse
40744145	2025 Oct 10	Mouse
40743507	2025 Aug 12	Mouse
40737429	2025 Jul 30	Mouse
40736261	2025 Nov	Mouse
40735514	2025 Sep	Mouse
40733772	2025 Oct 15	Mouse
40730513	2025 Jul 29	Mouse
40728163	2025 Aug 6	Mouse
40727996	2025 Sep	Mouse
40721606	2025 Jul 28	Mouse
40715937	2025 Jul 26	Mouse
40717961	2025	Mouse
40714468	2025 Oct 10	Mouse
40714033	2025 Jul 15	Mouse
40712009	2025 Jul 25	Mouse
40710320	2025 Jul 11	Mouse
40709559	2025 Oct	Mouse
40702221	2025 Sep	Mouse
40701030	2025 Sep-Oct	Mouse
40699912	2025 Jul 31	Mouse
40698077	2025	Mouse
40695281	2025 Sep 18	Mouse
40691970	2025 Oct	Mouse
40686193	2025 Aug	Mouse
40685060	2025 Nov	Mouse
40684994	2025 Nov	Mouse
40684207	2025 Jul 19	Mouse
40682253	2025 Jul 31	Mouse
40682232	2025	Mouse
40681017	2025 Sep	Mouse
40680126	2025 Jul 18	Mouse
40678610	2025 Jul	Mouse
40678261	2025 Sep	Mouse
40677439	2025 Jun	Mouse
40673894	2025 Jul 30	Mouse
40671121	2025 Jul 16	Mouse
40666997	2025 Jun 26	Mouse
40664892	2025 Aug	Mouse
40664639	2025 Jul 15	Mouse
40654155	2025 Jul 14	Mouse
40654154	2025 Jul 14	Mouse
40651795	2025 Oct	Mouse
40650059	2025 Jun 29	Mouse
40646376	2025 Nov	Mouse
40641371	2025 Dec	Mouse
40638212	2025 Nov 1	Mouse
40635000	2025 Jul 9	Mouse
40634791	2025 Jul	Mouse
40633452	2025 Oct	Mouse
40628511	2025 Mar 28	Mouse
40628108	2025 Nov	Mouse
40624668	2025 Jul 7	Mouse
40621694	2025 Jul 7	Mouse
40620422	2025 Jun	Mouse
40620356	2025 Sep	Mouse
40618872	2025 Oct 15	Mouse
40618799	2025 Aug	Mouse
40618705	2025 Sep	Mouse
40618631	2026 Jan 5	Mouse
40618094	2025 Jul 5	Mouse
40616212	2025 Jul	Mouse
40616103	2025 Jul 5	Mouse
40611524	2025 Aug	Mouse
40611375	2025 Jul 16	Mouse
40606845	2025 Jul	Mouse
40605494	2025 Oct	Mouse
40605150	2025 Aug	Mouse
40604282	2025 Aug	Mouse
40602581	2025 Aug	Mouse
40595596	2025 Jul 1	Mouse
40592720	2025 Jul 1	Mouse
40592131	2025 Sep	Mouse
40587399	2025 Jun 13	Mouse
40585250	2025 Jun 9	Mouse
40584820	2025 Sep	Mouse
40583471	2025 Nov	Mouse
40583463	2025 Sep	Mouse
40583237	2025 Sep	Mouse
40582653	2025 Aug	Mouse
40582373	2025 Sep	Mouse
40581888	2025 Jul	Mouse
40579479	2025 Jul	Mouse
40570942	2025 Aug	Mouse
40569959	2025	Mouse
40555911	2025 Jun 25	Mouse
40553578	2025 Jun 24	Mouse
40545529	2025 Jun 22	Mouse
40545361	2025	Mouse
40544666	2025 Sep 23	Mouse
40544314	2025 Jun 21	Mouse
40544000	2025 Aug	Mouse
40543563	2025 Jun 19	Mouse
40542398	2025 Jun 20	Mouse
40541821	2025 Sep	Mouse
40541454	2025 Jun 20	Mouse
40540898	2025 Sep 23	Mouse
40538163	2025 Jul 1	Mouse
40534503	2025 Jul 1	Mouse
40527441	2025 Oct	Mouse
40522441	2025 Jul	Mouse
40520017	2025	Mouse
40517943	2025 Sep	Mouse
40517915	2025 Jul 24	Mouse
40506565	2025 Sep	Mouse
40505483	2025 Aug	Mouse
40502622	2025 Aug	Mouse
40501760	2025 Jun 1	Mouse
40501713	2025 May 27	Mouse
40500748	2025 Jun 11	Mouse
40496065	2025 May	Mouse
40494201	2025 Aug 28	Mouse
40490703	2025 Jun 9	Mouse
40478933	2025 Jun 6	Mouse
40476065	2025 May	Mouse
40475787	2025	Mouse
40474870	2025	Mouse
40466654	2025 Jun 13	Mouse
40463228	2025 May 13	Mouse
40463116	2025 May 15	Mouse
40463059	2025 May 13	Mouse
40462979	2025 May 18	Mouse
40461512	2025 Jun 3	Mouse
40455747	2025	Mouse
40448783	2025	Mouse
40448769	2025	Mouse
40448420	2025 May 31	Mouse
40448062	2025 May 30	Mouse
40447860	2025 Jun	Mouse
40447254	2025 Sep	Mouse
40445329	2025 Jun 10	Mouse
40437758	2025 Sep 3	Mouse
40437041	2025 May 28	Mouse
40436126	2025 Jun 26	Mouse
40435578	2025 Jul 25	Mouse
40433051	2025	Mouse
40431555	2025 May 12	Mouse
40427396	2025 Apr 25	Mouse
40425566	2025 May 27	Mouse
40421143	2025 May	Mouse
40420355	2025 May	Mouse
40414473	2025 Sep	Mouse
40410671	2025 May 23	Mouse
40407177	2025 Aug	Mouse
40403559	2025 Nov	Mouse
40400312	2025 Jun	Mouse
40399261	2025 May 22	Mouse
40397763	2025 Jun 4	Mouse
40395084	2025 Jul	Mouse
40394653	2025 May 21	Mouse
40391077	2025	Mouse
40387631	2025 May	Mouse
40386290	2025 Jun	Mouse
40383351	2025 Aug	Mouse
40381504	2025 Jul	Mouse
40379798	2025 Aug	Mouse
40379185	2025 Jun	Mouse
40379111	2025 Aug	Mouse
40375383	2025 Jun 10	Mouse
40375346	2025 May 15	Mouse
40374649	2025 May 15	Mouse
40370470	2025	Mouse
40369255	2025 May 14	Mouse
40366222	2025 May 31	Mouse
40360087	2025 Aug 1	Mouse
40358029	2025 May 22	Mouse
40357333	2025	Mouse
40356240	2025 Nov	Mouse
40355406	2025 May 12	Mouse
40354861	2025 Jun	Mouse
40349405	2025 Jun 17	Mouse
40347883	2025 Jun 17	Mouse
40346614	2025 May 9	Mouse
40345612	2025 Aug	Mouse
40345585	2025 Jun	Mouse
40345271	2025 Jun 12	Mouse
40342810	2025	Mouse
40339773	2025 Sep	Mouse
40339496	2025 Jun 5	Mouse
40337550	2025 May	Mouse
40332404	2025 Apr 17	Mouse
40325465	2025 May 5	Mouse
40324641	2025 Jul	Mouse
40322041	2025 May	Mouse
40321804	2025	Mouse
40318827	2025 Nov	Mouse
40318007	2025 May	Mouse
40317692	2025 Jul	Mouse
40316216	2025 Aug	Mouse
40315404	2025 May 13	Mouse
40308880	2025 Apr 26	Mouse
40306348	2025 Aug	Mouse
40304130	2025 Jul	Mouse
40296351	2025 Apr 28	Mouse
40290887	2025 Jun	Mouse
40290123	2025 Jul	Mouse
40288509	2025 Aug	Mouse
40287984	2025 Apr	Mouse
40286845	2025 Sep	Mouse
40279436	2025 Apr 25	Mouse
40277849	2025 Jul	Mouse
40276767	2025 May 16	Mouse
40273050	2025	Mouse
40272163	2025 Jun 3	Mouse
40264709	2025	Mouse
40264591	2025	Mouse
40259333	2025 Apr 21	Mouse
40256789	2025 May	Mouse
40254785	2025 Sep	Mouse
40253827	2025 Jun	Mouse
40253766	2025 May 27	Mouse
40253033	2025 May	Mouse
40250032	2025 Jul	Mouse
40240774	2025 Apr 16	Mouse
40237708	2025 Apr 16	Mouse
40231159	2025 May	Mouse
40229791	2025 Apr 15	Mouse
40229323	2025 Apr 14	Mouse
40229258	2025 Apr 14	Mouse
40228703	2025 Jun	Mouse
40225130	2025 Jun	Mouse
40222272	2025 May 16	Mouse
40222260	2025 Oct	Mouse
40220945	2025 May 15	Mouse
40220712	2025 Jun 15	Mouse
40220130	2025 Jun	Mouse
40215820	2025 Jun	Mouse
40213675	2025	Mouse
40213660	2025	Mouse
40210178	2025 May 28	Mouse
40207563	2025 May	Mouse
40207030	2025 Jun	Mouse
40206403	2025	Mouse
40204189	2025 Jul	Mouse
40197110	2025 Apr 7	Mouse
40194607	2025 Jul	Mouse
40192588	2025 Apr 7	Mouse
40191465	2025 Mar	Mouse
40190344	2025 Mar	Mouse
40188009	2025 Jun	Mouse
40186254	2025 Apr 5	Mouse
40186216	2025 Apr 4	Mouse
40179650	2025 Jun	Mouse
40179178	2025 Apr 4	Mouse
40178220	2025 Apr	Mouse
40176311	2025 Sep	Mouse
40174634	2025 Apr 10	Mouse
40169556	2025 Apr 1	Mouse
40169157	2025 Jun	Mouse
40166328	2025 Aug 14	Mouse
40166233	2025 Mar 17	Mouse
40165083	2025 Mar 31	Mouse
40163719	2025 Apr 8	Mouse
40161844	2025 Mar 14	Mouse
40160694	2025 Mar 26	Mouse
40156068	2025 Mar 29	Mouse
40155964	2025 Mar 29	Mouse
40154729	2025 Aug	Mouse
40150862	2025 May	Mouse
40149899	2025 Mar 2	Mouse
40148904	2025 Mar 27	Mouse
40144306	2025	Mouse
40143596	2025 Mar 31	Mouse
40142050	2025 Mar 12	Mouse
40139647	2025 Aug	Mouse
40139646	2025 Jul	Mouse
40139644	2025 Jun	Mouse
40139394	2025 Jun 10	Mouse
40138492	2025 Mar 26	Mouse
40138455	2025 Mar 26	Mouse
40136230	2025	Mouse
40131994	2025	Mouse
40129871	2025	Mouse
40129610	2025 Mar	Mouse
40123999	2025 Mar	Mouse
40113744	2025 Mar 20	Mouse
40110405	2025 Apr	Mouse
40104642	2025 Apr	Mouse
40102704	2025 Aug	Mouse
40097410	2025 Mar 17	Mouse
40096748	2025 Mar 26	Mouse
40094857	2025 Mar 26	Mouse
40093804	2025	Mouse
40090277	2025 May	Mouse
40087281	2025 Mar 14	Mouse
40087276	2025 Mar 14	Mouse
40082721	2025 Aug	Mouse
40081708	2025 May	Mouse
40080941	2025 Mar 15	Mouse
40073810	2025 Apr 16	Mouse
40072052	2025 Feb 20	Mouse
40069162	2025 Mar 12	Mouse
40060537	2025 Feb 24	Mouse
40060529	2025 Feb 28	Mouse
40055825	2025 Mar 7	Mouse
40054376	2025 Sep	Mouse
40047894	2025 Mar 6	Mouse
40045641	2025 Apr	Mouse
40045368	2025 Mar 5	Mouse
40042438	2025 Apr	Mouse
40040621	2025 Apr	Mouse
40035483	2025 Oct	Mouse
40026169	2025 Mar 12	Mouse
40025588	2025 Mar 3	Mouse
40025171	2025 Mar	Mouse
40022220	2025 Feb 28	Mouse
40020990	2025 Feb 26	Mouse
40020627	2025 Apr	Mouse
40020461	2025 Apr 4	Mouse
40016770	2025 Feb 27	Mouse
40016267	2025 Feb 27	Mouse
40013941	2025 Apr	Mouse
40013619	2025 Jul	Mouse
40011919	2025 Feb 26	Mouse
40008494	2025 Feb	Mouse
40001168	2025 Feb 25	Mouse
40000838	2025 Feb 25	Mouse
39998739	2025 Feb 25	Mouse
39991826	2025 May 24	Mouse
39991659	2025	Mouse
39990659	2025	Mouse
39984079	2025 May	Mouse
39983344	2025 Apr	Mouse
39978573	2025 May	Mouse
39975211	2025 Feb 7	Mouse
39973552	2025 Feb	Mouse
39973340	2025 Feb 20	Mouse
39969512	2025 Feb 19	Mouse
39964979	2025	Mouse
39960544	2025 Feb 5	Mouse
39959649	2025	Mouse
39955869	2025 Feb	Mouse
39955730	2025 Apr	Mouse
39953712	2025 May	Mouse
39953605	2025 Feb 14	Mouse
39952346	2025 May	Mouse
39952199	2025 Apr	Mouse
39948108	2025 Feb 13	Mouse
39947509	2025 May	Mouse
39940649	2025 Jan 21	Mouse
39936984	2025 Jan 28	Mouse
39933417	2025 Mar	Mouse
39928137	2025 Feb 10	Mouse
39927476	2025 Apr	Mouse
39927459	2025 Feb 10	Mouse
39922237	2025 Apr 1	Mouse
39921035	2025 Apr 10	Mouse
39919897	2025 Feb	Mouse
39914283	2025 Mar 6	Mouse
39910066	2025 Feb 6	Mouse
39904988	2025 Feb 5	Mouse
39904978	2025 Feb 4	Mouse
39902346	2025	Mouse
39899451	2025 Feb 18	Mouse
39895981	2025	Mouse
39895864	2025 Jan	Mouse
39895575	2025 May	Mouse
39894827	2025 Feb	Mouse
39894691	2025 Jul	Mouse
39894170	2025 Mar	Mouse
39880042	2025 Mar 10	Mouse
39877352	2024	Mouse
39873724	2025 Mar	Mouse
39865089	2025 Jan 26	Mouse
39864914	2025 Feb	Mouse
39859298	2025 Jan 11	Mouse
39859264	2025 Jan 10	Mouse
39855426	2025 Mar	Mouse
39855425	2025 Mar	Mouse
39855042	2025 Feb 16	Mouse
39853943	2025 Jan	Mouse
39853717	2025 Mar	Mouse
39851510	2025 Jan 9	Mouse
39847187	2025 Oct	Mouse
39844325	2025 Jan 22	Mouse
39844298	2025 Jan 22	Mouse
39842659	2025 Apr	Mouse
39840543	2025 Mar	Mouse
39840483	2025 Mar	Mouse
39840130	2024	Mouse
39835597	2024 Dec 17	Mouse
39835169	2025 Mar	Mouse
39833570	2025 May	Mouse
39829021	2025 Feb 4	Mouse
39827311	2025 Jan 18	Mouse
39823538	2025 Mar	Mouse
39820791	2025 Jan	Mouse
39820104	2025	Mouse
39820028	2025 Jan 16	Mouse
39819042	2025 Feb 1	Mouse
39815302	2025 Jan 16	Mouse
39814287	2025 Apr	Mouse
39811690	2025 Mar	Mouse
39811464	2025 Apr	Mouse
39809361	2025 Nov	Mouse
39808971	2025 Mar 5	Mouse
39806427	2025 Jan 13	Mouse
39805173	2025 Feb 6	Mouse
39804978	2025 Mar	Mouse
39801258	2025 Apr	Mouse
39799877	2025 Feb	Mouse
39798244	2025 Jun	Mouse
39794700	2025 Jan 10	Mouse
39792653	2025 Mar	Mouse
39787690	2025 Feb	Mouse
39786573	2025 May	Mouse
39786170	2025 Jan 15	Mouse
39780612	2025 Feb	Mouse
39776592	2024 Dec	Mouse
39773289	2025 Jan 7	Mouse
39771485	2024 Nov 22	Mouse
39769163	2024 Dec 13	Mouse
39766213	2024 Nov 26	Mouse
39765309	2025 Feb 1	Mouse
39764993	2025 Feb 6	Mouse
39762209	2025 Jan 7	Mouse
39757463	2025 Feb	Mouse
39755936	2025 Feb	Mouse
39755166	2025 Mar	Mouse
39752388	2025	Mouse
39746943	2025 Jan 2	Mouse
39746903	2025 Jan 2	Mouse
39745919	2025 Jun	Mouse
39744759	2025 Feb	Mouse
39742533	2025 Apr	Mouse
39738432	2024 Dec 30	Mouse
39738099	2024 Dec 30	Mouse
39731281	2025 Jan	Mouse
39730094	2025 Apr	Mouse
39727570	2024 Dec 10	Mouse
39726016	2024 Dec 26	Mouse
39721037	2025 Mar	Mouse
39718827	2024 Dec 24	Mouse
39717946	2025 Mar	Mouse
39717596	2024 Dec 15	Mouse
39713898	2025 Feb	Mouse
39713453	2024 Dec 13	Mouse
39709528	2024 Dec 22	Mouse
39707543	2024 Dec 20	Mouse
39707367	2024 Dec 20	Mouse
39706287	2025 Feb	Mouse
39706062	2025 Jan	Mouse
39703140	2025 Apr	Mouse
39694343	2025 Mar	Mouse
39693952	2025 Jan 27	Mouse
39692948	2024 Dec 18	Mouse
39692282	2025 Mar 1	Mouse
39687801	2024 Dec	Mouse
39687299	2024	Mouse
39687146	2024 Dec 15	Mouse
39680708	2025 Feb	Mouse
39674342	2025 Jan	Mouse
39673685	2025 Mar	Mouse
39666251	2024 Dec 12	Mouse
39664429	2024 Nov	Mouse
39662267	2025 Jan 3	Mouse
39661058	2024 Dec 17	Mouse
39659898	2025 Jan	Mouse
39647219	2025 May	Mouse
39639386	2024 Dec 5	Mouse
39639339	2024 Dec 5	Mouse
39638118	2025 Apr	Mouse
39629050	2024	Mouse
39628956	2024	Mouse
39622432	2025 Apr	Mouse
39619871	2024 Nov 26	Mouse
39617790	2024 Dec	Mouse
39617202	2025 Mar	Mouse
39617085	2025 Jan 31	Mouse
39616734	2025 Jan	Mouse
39615215	2025 Jan	Mouse
39608176	2025 Jan 10	Mouse
39608050	2024 Dec 31	Mouse
39604981	2024 Nov 27	Mouse
39600372	2024	Mouse
39596012	2024 Nov 6	Mouse
39592517	2025 Jun	Mouse
39592076	2025 Jan 13	Mouse
39589827	2024 Nov 26	Mouse
39586750	2024 Oct 6	Mouse
39582573	2024	Mouse
39580858	2025 Jan 10	Mouse
39578202	2025 Jan	Mouse
39578049	2024 Nov 22	Mouse
39577362	2025 Feb	Mouse
39574959	2024	Mouse
39574483	2024 Dec	Mouse
39572599	2024 Nov 21	Mouse
39569601	2024 Dec	Mouse
39564812	2024 Nov 20	Mouse
39560314	2025 Mar	Mouse
39558161	2025 Jan 6	Mouse
39556697	2024 Dec	Mouse
39554166	2024 Nov 1	Mouse
39536879	2024 Dec	Mouse
39533432	2024 Nov 12	Mouse
39533324	2024 Nov 12	Mouse
39531048	2025 Jan	Mouse
39527654	2024 Nov	Mouse
39521431	2025 Sep	Mouse
39514126	2024 Nov 8	Mouse
39512844	2024 Nov	Mouse
39510846	2024 Dec	Mouse
39510640	2024 Nov	Mouse
39505144	2025 Sep	Mouse
39498503	2024 Dec 31	Mouse
39498143	2024 Nov	Mouse
39495906	2024 Dec	Mouse
39494399	2024 Dec	Mouse
39491137	2023 Oct 27	Mouse
39483974	2024 Jan-Dec	Mouse
39488239	2025 Jan	Mouse
39486995	2025 Jan 1	Mouse
39482250	2025 Mar	Mouse
39479450	2024	Mouse
39472658	2024 Nov	Mouse
39472618	2024 Oct 29	Mouse
39471714	2025 Apr	Mouse
39469810	2024 Oct 29	Mouse
39469313	2024 Dec	Mouse
39456041	2024 Oct 26	Mouse
39454680	2024 Jan-Dec	Mouse
39454503	2025 Mar	Mouse
39448593	2024 Oct 24	Mouse
39448001	2025 Jan	Mouse
39447781	2024 Dec	Mouse
39444399	2024 Oct 15	Mouse
39443554	2024 Oct 23	Mouse
39442872	2025 Aug	Mouse
39438569	2024 Oct 22	Mouse
39434351	2024 Oct	Mouse
39433168	2024 Nov	Mouse
39432678	2025 May 1	Mouse
39430133	2024 Nov	Mouse
39427765	2024 Dec	Mouse
39426787	2025 Feb	Mouse
39426230	2024 Dec 25	Mouse
39419437	2025 Feb	Mouse
39416169	2024 Oct 7	Mouse
39414788	2024 Oct 16	Mouse
39413302	2024 Nov 11	Mouse
39411061	2024	Mouse
39408977	2024 Oct 3	Mouse
39407273	2024 Oct 15	Mouse
39403980	2024 Oct 29	Mouse
39402771	2025 Jan	Mouse
39401356	2024 Oct 22	Mouse
39401064	2024 Oct 14	Mouse
39400124	2024 Nov	Mouse
39399840	2025 Jan	Mouse
39396655	2024 Dec 5	Mouse
39396563	2024 Dec	Mouse
39389988	2024 Oct 10	Mouse
39388895	2024 Dec 25	Mouse
39388890	2024 Dec 25	Mouse
39383631	2024 Dec	Mouse
39378706	2025 Jan	Mouse
39378655	2024 Dec 25	Mouse
39376016	2024 Dec	Mouse
39370072	2024 Nov	Mouse
39368343	2024 Dec	Mouse
39366498	2025 Jan 30	Mouse
39363784	2024 Nov	Mouse
39363112	2024 Oct	Mouse
39356214	2024 Nov 6	Mouse
39351827	2024 Dec	Mouse
39351165	2024	Mouse
39351091	2024	Mouse
39350476	2024 Oct	Mouse
39346538	2024	Mouse
39345152	2024 Sep 13	Mouse
39344168	2025 Jan	Mouse
39343238	2025 Jan	Mouse
39342461	2025 Jan	Mouse
39342326	2024 Sep 28	Mouse
39330704	2024 Oct 9	Mouse
39326362	2025 Mar	Mouse
39326131	2024 Dec	Mouse
39323636	2024	Mouse
39322043	2024 Nov	Mouse
39321708	2024 Dec 5	Mouse
39318150	2024 Dec	Mouse
39314058	2024 Oct 1	Mouse
39313038	2025 Jan	Mouse
39307297	2024 Dec	Mouse
39305580	2024 Nov-Dec	Mouse
39298571	2024 Oct 29	Mouse
39288630	2024 Dec 5	Mouse
39284778	2024 Dec	Mouse
39282962	2024 Sep 25	Mouse
39280634	2024 Sep	Mouse
39276449	2024 Dec 5	Mouse
39273553	2024 Sep 4	Mouse
39262222	2025 Feb	Mouse
39261846	2024 Sep 11	Mouse
39261080	2025 Jul 9	Mouse
39260332	2024 Nov 26	Mouse
39251394	2024 Sep	Mouse
39251145	2025 Jan	Mouse
39251054	2024 Dec	Mouse
39248388	2024 Nov	Mouse
39247402	2024 Oct	Mouse
39236007	2024	Mouse
39231947	2024 Sep 4	Mouse
39231936	2024 Sep 4	Mouse
39229102	2024 Aug 19	Mouse
39228264	2024 Sep	Mouse
39225479	2024 Sep 18	Mouse
39225365	2024 Sep 15	Mouse
39224514	2024 Sep 20	Mouse
39221886	2024 Sep	Mouse
39220257	2024 Sep 20	Mouse
39218203	2024 Dec	Mouse
39217884	2024 Dec 5	Mouse
39217430	2025 Mar 7	Mouse
39217193	2024 Aug 31	Mouse
39209246	2024 Dec	Mouse
39208260	2024	Mouse
39206714	2024 Nov	Mouse
39204339	2024 Jul 26	Mouse
39199189	2024 Aug 2	Mouse
39199188	2024 Aug 2	Mouse
39196784	2024 Aug 28	Mouse
39192268	2024 Aug 27	Mouse
39191890	2024 Aug 27	Mouse
39191723	2024 Aug 27	Mouse
39190086	2025 Jan	Mouse
39188023	2024 Oct	Mouse
39180608	2024 Nov	Mouse
39179013	2024 Nov	Mouse
39175261	2024 Aug	Mouse
39173720	2024 Oct	Mouse
39172956	2024	Mouse
39169784	2024	Mouse
39164798	2024 Aug	Mouse
39159565	2024 Nov 15	Mouse
39159149	2024 Aug	Mouse
39155382	2024 Aug 18	Mouse
39153567	2025 Jan	Mouse
39143134	2024 Aug 14	Mouse
39135543	2024 Sep 16	Mouse
39135294	2024 Dec	Mouse
39134394	2024 Nov 14	Mouse
39133964	2024 Sep	Mouse
39130448	2024 Jul 30	Mouse
39129277	2024 Oct	Mouse
39126921	2024 Oct	Mouse
39125316	2024 Jul 26	Mouse
39122063	2024 Oct	Mouse
39121926	2024 Dec 5	Mouse
39120281	2024 Jul 25	Mouse
39116410	2024 Jan-Dec	Mouse
39111145	2024 Oct 25	Mouse
39108841	2024 Sep	Mouse
39107784	2024 Aug 6	Mouse
39106443	2025 Jan 1	Mouse
39105347	2024 Dec	Mouse
39103079	2024 Dec	Mouse
39103049	2025 Jul	Mouse
39101668	2024 Nov	Mouse
39101301	2024 Nov	Mouse
39098445	2024 Sep 15	Mouse
39096166	2024 Dec	Mouse
39095992	2024 Sep 4	Mouse
39095867	2024 Aug 2	Mouse
39094365	2024 Oct 25	Mouse
39091806	2024 Aug 6	Mouse
39090667	2024 Aug 1	Mouse
39088322	2024 Aug 27	Mouse
39086231	2024 Dec	Mouse
39084098	2025 Jan	Mouse
39076825	2024	Mouse
39071897	2024 Jan-Dec	Mouse
39064807	2024 Jul 21	Mouse
39062860	2024 Jul 11	Mouse
39061952	2024 Jun 21	Mouse
39059951	2024 Sep	Mouse
39058329	2024 Aug 7	Mouse
39042029	2024	Mouse
39040492	2024 Jul	Mouse
39038323	2024 Jul 19	Mouse
39036830	2025 Jan	Mouse
39026271	2024 Jul 18	Mouse
39024748	2024 Sep 30	Mouse
39024114	2024 Jul 23	Mouse
39019845	2024 Jul 17	Mouse
39018481	2024 Jul 31	Mouse
39007896	2024 Dec	Mouse
39007035	2024 Jul	Mouse
39006498	2024	Mouse
38996934	2024 Sep	Mouse
38994024	2024	Mouse
38992995	2024 Nov	Mouse
38986303	2024 Sep 10	Mouse
38981876	2024 Sep	Mouse
38981227	2024 Sep 10	Mouse
38978353	2024 Sep	Mouse
38976127	2025 Jan	Mouse
38974597	2024 Jun 30	Mouse
38974041	2024	Mouse
38969191	2024 Sep	Mouse
38964626	2024 Nov 15	Mouse
38962862	2024 Oct	Mouse
38953843	2024 Jul 2	Mouse
38952687	2024 Jun 21	Mouse
38950333	2024 Apr 30	Mouse
38946719	2024 Jun	Mouse
38946534	2024 Dec	Mouse
38936470	2024 Sep	Mouse
38935462	2024 Jul 10	Mouse
38934781	2024 Jul 28	Mouse
38931240	2024 Jun 14	Mouse
38925462	2024 Aug	Mouse
38923865	2024 Nov	Mouse
38923623	2024 Nov	Mouse
38918843	2024 Jun 25	Mouse
38918254	2024 Sep	Mouse
38912570	2024	Mouse
38910496	2024 Jun 15	Mouse
38908089	2024 Aug 20	Mouse
38907928	2024	Mouse
38906009	2024 Aug 20	Mouse
38904008	2024	Mouse
38901508	2024 Aug	Mouse
38892202	2024 May 30	Mouse
38890746	2024 Jun 18	Mouse
38890638	2024 Jun 19	Mouse
38882274	2024 Jun 15	Mouse
38879753	2024 Aug 7	Mouse
38876275	2024 Aug 15	Mouse
38875922	2024 Aug	Mouse
38874373	2024 Aug	Mouse
38867741	2024 May	Mouse
38860745	2024 Aug	Mouse
38857679	2024 Oct 28	Mouse
38856915	2024 Nov	Mouse
38856671	2024 Jul 9	Mouse
38851726	2024 Jun 8	Mouse
38850170	2025 Feb	Mouse
38844905	2024 Jun 6	Mouse
38844896	2024 Jun 6	Mouse
38844159	2024 Nov	Mouse
38844123	2025 May	Mouse
38843517	2024 Jul 1	Mouse
38842136	2024 Jun	Mouse
38842129	2024 Jun	Mouse
38838155	2024 Jun 7	Mouse
38832304	2024 Sep	Mouse
38831316	2024 Jun 3	Mouse
38831184	2024 Oct	Mouse
38828660	2024 Jul	Mouse
38826308	2024 May 21	Mouse
38823432	2024 Oct	Mouse
38819423	2024 May 31	Mouse
38818117	2024 May	Mouse
38812033	2024 May 29	Mouse
38805545	2024 May 28	Mouse
38798488	2025 Mar 6	Mouse
38795835	2024 Aug	Mouse
38789434	2024 May 24	Mouse
38786602	2024 May 6	Mouse
38785157	2024 Jul	Mouse
38782252	2024 Aug	Mouse
38781213	2024 May 28	Mouse
38779782	2024 May 22	Mouse
38773312	2024 May 21	Mouse
38770735	2024 May 21	Mouse
38769545	2024 May 20	Mouse
38766109	2024 Jul 1	Mouse
38765877	2024	Mouse
38765604	2024 May	Mouse
38760908	2024 Aug	Mouse
38760576	2024 May	Mouse
38759289	2024 Jun	Mouse
38755672	2024 May 16	Mouse
38745274	2024 May 14	Mouse
38744373	2024 Oct	Mouse
38742846	2024 May	Mouse
38741587	2024	Mouse
38740234	2024 Aug	Mouse
38734566	2024 Jun 15	Mouse
38733337	2024 Sep	Mouse
38729544	2024 Jun	Mouse
38727027	2024 May 21	Mouse
38724958	2024 May 9	Mouse
38720613	2024 Nov	Mouse
38719811	2024 May 8	Mouse
38719085	2024 Aug	Mouse
38718660	2024 Jun 15	Mouse
38713087	2024 May 15	Mouse
38704731	2024 Jul	Mouse
38697509	2024 Aug	Mouse
38684182	2024 Sep	Mouse
38673854	2024 Apr 12	Mouse
38664941	2024 Apr 26	Mouse
38664616	2024 Apr 25	Mouse
38662932	2024 Jul 1	Mouse
38658095	2024 Apr	Mouse
38649260	2025 Apr	Mouse
38649190	2024 Jun 12	Mouse
38645498	2024	Mouse
38645030	2024 Apr 11	Mouse
38642047	2024 Jul	Mouse
38641979	2024 Apr 20	Mouse
38640238	2024 Apr 19	Mouse
38636283	2024 May	Mouse
38626543	2024 May 30	Mouse
38624135	2024 Apr 16	Mouse
38622181	2024 Apr 15	Mouse
38621621	2025 Mar	Mouse
38617547	2024	Mouse
38617544	2024	Mouse
38616762	2025	Mouse
38613068	2024 Apr 2	Mouse
38609896	2024 Apr 12	Mouse
38608493	2024 May 28	Mouse
38607953	2024 Sep	Mouse
38604493	2024 Jul	Mouse
38600920	2024 Jun	Mouse
38600628	2024 Aug	Mouse
38596341	2024 Mar	Mouse
38593506	2024 May 10	Mouse
38593309	2024 Oct	Mouse
38591180	2024 May 1	Mouse
38588612	2024 May 28	Mouse
38584583	2024 Apr	Mouse
38582102	2024 May 10	Mouse
38580748	2024 Apr 5	Mouse
38570329	2024 Apr	Mouse
38566346	2024 Aug	Mouse
38566328	2024 Jun	Mouse
38565085	2024	Mouse
38563817	2024 May 13	Mouse
38561335	2024 Apr 1	Mouse
38555717	2024 Jun	Mouse
38555153	2024	Mouse
38554999	2025 Mar	Mouse
38552182	2024 Jun	Mouse
38537745	2024 Apr 15	Mouse
38534340	2024 Mar 13	Mouse
38532994	2024 Mar 30	Mouse
38531464	2024 Sep	Mouse
38530647	2024 Aug 1	Mouse
38527663	2024 Sep	Mouse
38526843	2024 Dec	Mouse
38520869	2024 May	Mouse
38520666	2024 Sep	Mouse
38520209	2024 Apr	Mouse
38519981	2024 Mar 22	Mouse
38517601	2024 Jun	Mouse
38513770	2024 May	Mouse
38513577	2024 Apr 20	Mouse
38508350	2024 Jun	Mouse
38503493	2024 Mar 19	Mouse
38502232	2024 Mar 19	Mouse
38500177	2024 Mar 18	Mouse
38499500	2024 Aug	Mouse
38494837	2024 Apr	Mouse
38490726	2024 May 1	Mouse
38477740	2024 Mar 22	Mouse
38466626	2024 Mar 11	Mouse
38464287	2024 Feb 20	Mouse
38463824	2024 Mar 15	Mouse
38454524	2024 Mar 7	Mouse
38452214	2024 Aug 1	Mouse
38451090	2024 Mar 19	Mouse
38447596	2024 Mar 7	Mouse
38446901	2024 Mar 6	Mouse
38443372	2024 Mar 5	Mouse
38433252	2024 Mar 4	Mouse
38432607	2024 Jun	Mouse
38429848	2024 Mar 1	Mouse
38423170	2024 Apr 15	Mouse
38420347	2024	Mouse
38419097	2024 Feb 28	Mouse
38414246	2024 May 1	Mouse
38413029	2024 Apr 1	Mouse
38409832	2024 Feb	Mouse
38407978	2024 Feb 23	Mouse
38403153	2024 Jun	Mouse
38396204	2024 Feb 23	Mouse
38395992	2024 Feb 23	Mouse
38394066	2024 Jun	Mouse
38390145	2024 Feb 29	Mouse
38389322	2024 Jan	Mouse
38389178	2024 Dec	Mouse
38389105	2024 Feb 22	Mouse
38385071	2024	Mouse
38374072	2024 Feb 19	Mouse
38371274	2024	Mouse
38370466	2024	Mouse
38368390	2024 Feb 17	Mouse
38368102	2024 Apr 15	Mouse
38367900	2024 Apr	Mouse
38366909	2024 Mar 15	Mouse
38366885	2024 Apr 15	Mouse
38358041	2024 Apr	Mouse
38345195	2024 Feb	Mouse
38343826	2024 Jan 22	Mouse
38342630	2024 Apr	Mouse
38342566	2024 Feb	Mouse
38330742	2024 Apr	Mouse
38318506	2023	Mouse
38318502	2024	Mouse
38318490	2024 Jan	Mouse
38314968	2024 Feb	Mouse
38310093	2024 Feb 3	Mouse
38305280	2024 Mar	Mouse
38304614	2024 Jan	Mouse
38295913	2024 Apr	Mouse
38294258	2024 Mar 12	Mouse
38293189	2024 Jan 16	Mouse
38292917	2024	Mouse
38283982	2024 Feb	Mouse
38279613	2024 Jun	Mouse
38279454	2023 Dec 31	Mouse
38268484	2024 Jun	Mouse
38266448	2024 Feb 15	Mouse
38266107	2024 Jan 24	Mouse
38265817	2024 May 1	Mouse
38254681	2024 Jan 8	Mouse
38254101	2024 Jan 22	Mouse
38253247	2024 Mar	Mouse
38235367	2024 Jan	Mouse
38229660	2024 Jan	Mouse
38223812	2024 Jan	Mouse
38220141	2024 Feb 15	Mouse
38219870	2024 Dec	Mouse
38218011	2024 Feb 15	Mouse
38217021	2024 Jan 13	Mouse
38206529	2024 May	Mouse
38200400	2024 Jul	Mouse
38179126	2024 Jan	Mouse
38176476	2024 Feb 20	Mouse
38174997	2024 May	Mouse
38172636	2024 Jan	Mouse
38172596	2024 Feb	Mouse
38172258	2024 Feb	Mouse
38168877	2024 Oct	Mouse
38168298	2024 Jan 14	Mouse
38163445	2024 Jan 2	Mouse
38162513	2024 Mar	Mouse
38162262	2023 Aug-Dec	Mouse
38156385	2023 Dec	Mouse
40881276	2024 Jan-Jun	Mouse
38155203	2023 Dec 28	Mouse
38149721	2024 Feb	Mouse
38144567	2023	Mouse
38136204	2023 Dec 7	Mouse
38136188	2023 Dec 1	Mouse
38126609	2024 Feb	Mouse
38124066	2023 Dec 20	Mouse
38123662	2023 Dec 20	Mouse
38122922	2024 Jan 25	Mouse
38113621	2024 Jan	Mouse
38112591	2023 Dec 13	Mouse
38111237	2024 Feb	Mouse
38107146	2023 Dec	Mouse
38107076	2023 Dec	Mouse
38106002	2024 Oct 21	Mouse
38102666	2023 Dec 15	Mouse
38099292	2023	Mouse
38099276	2023 Aug-Dec	Mouse
38098174	2025 Sep	Mouse
38098028	2023 Dec 14	Mouse
38095503	2024 Jan	Mouse
38093659	2024 Mar	Mouse
38086272	2024 Jan 25	Mouse
38081396	2024 Mar 1	Mouse
38081212	2023 Dec 12	Mouse
38078876	2023 Dec 9	Mouse
38077417	2023	Mouse
38073444	2024	Mouse
38073004	2024 Mar	Mouse
38072172	2024 Mar	Mouse
38070625	2024 Feb	Mouse
38068720	2023 Nov 21	Mouse
38062473	2023 Dec 7	Mouse
38057865	2023 Dec 6	Mouse
38055109	2024 Jan	Mouse
38054626	2024 May	Mouse
38049890	2023 Dec 4	Mouse
38049841	2023 Dec 4	Mouse
38049482	2023 Dec 4	Mouse
38047118	2023	Mouse
38044289	2024 Feb	Mouse
38041181	2023 Dec 1	Mouse
38039715	2024 Jan 5	Mouse
38036734	2023 Dec	Mouse
38036301	2024 Jan	Mouse
38031141	2023 Nov 29	Mouse
38019905	2023 Dec	Mouse
38016613	2024 Jan	Mouse
38013468	2024 Jan 25	Mouse
38012390	2024 Jan	Mouse
38012096	2024 May	Mouse
38006711	2024 Jan	Mouse
38003583	2023 Nov 16	Mouse
38000494	2024 Jan	Mouse
37997349	2025 Sep	Mouse
37994560	2025 Sep	Mouse
37993861	2023 Nov 22	Mouse
37984927	2024 Jan	Mouse
37979958	2024 Feb 15	Mouse
37974562	2023	Mouse
37967808	2024 Jan 5	Mouse
37966852	2024 Jun	Mouse
37953787	2023	Mouse
37948862	2023 Dec	Mouse
37946009	2024 Apr	Mouse
37940665	2023 Nov 9	Mouse
37939265	2023 Dec 11	Mouse
37935202	2023 Nov	Mouse
37908734	2023	Mouse
37907525	2023 Oct 31	Mouse
37904981	2023 Oct 18	Mouse
37898909	2024 Jan	Mouse
37892999	2023 Sep 25	Mouse
37892235	2023 Oct 20	Mouse
37890685	2024 Jan	Mouse
37890601	2024 Jan 30	Mouse
37881954	2025 Jun	Mouse
37873464	2023 Oct 5	Mouse
37870591	2023 Oct 23	Mouse
37865314	2023 Dec	Mouse
37855351	2024	Mouse
37847690	2023	Mouse
37843296	2023 Sep 29	Mouse
37838829	2023 Dec 6	Mouse
37832549	2023 Nov 2	Mouse
37831180	2023 Oct 13	Mouse
37828576	2023 Oct 12	Mouse
37827130	2024	Mouse
37822916	2024 Feb	Mouse
37817544	2023 Dec	Mouse
37810027	2023 Sep	Mouse
37809453	2023 Sep	Mouse
37808393	2023 Oct	Mouse
37802465	2024 Jan	Mouse
37802464	2024 Jan	Mouse
37802174	2023 Dec 1	Mouse
37797712	2023 Dec	Mouse
37794470	2023 Oct 4	Mouse
37794006	2023 Oct 4	Mouse
37790467	2023 Sep 15	Mouse
37789884	2023	Mouse
37777063	2024 Aug	Mouse
37774483	2023 Nov	Mouse
37773720	2023 Sep	Mouse
37771529	2023 Oct	Mouse
37767107	2023 Dec	Mouse
37760884	2023 Sep 1	Mouse
37759478	2023 Sep 12	Mouse
37758057	2024 Aug	Mouse
37755294	2023 Sep 14	Mouse
37751010	2023 Nov	Mouse
37749958	2023 Nov	Mouse
37749650	2023 Sep 25	Mouse
37744058	2023	Mouse
37742380	2024 Jan 5	Mouse
37741321	2023 Nov 1	Mouse
37741049	2023 Nov	Mouse
37740460	2023 Sep	Mouse
37739115	2023 Oct 1	Mouse
37736726	2023 Sep 22	Mouse
37730805	2023 Sep 20	Mouse
37725203	2023 Oct	Mouse
37724954	2023 Feb	Mouse
37724835	2025 Mar	Mouse
37720103	2023 Oct 20	Mouse
37717904	2024 Feb	Mouse
37717314	2023 Nov	Mouse
37717108	2023 Sep 16	Mouse
37716405	2023 Dec	Mouse
37716404	2024 Sep	Mouse
37711057	2023 Nov	Mouse
37710278	2023 Sep 14	Mouse
37697972	2023 Nov	Mouse
37696386	2023 Nov 1	Mouse
37694150	2023 Sep 15	Mouse
37689763	2023 Sep 9	Mouse
37689723	2023 Sep 9	Mouse
37688747	2024 Jan	Mouse
37688589	2023 Oct	Mouse
37686806	2023 Aug 29	Mouse
37684025	2024 Feb	Mouse
37681413	2023 Sep 8	Mouse
37679844	2023 Sep 7	Mouse
37671131	2023	Mouse
37670256	2023 Sep 5	Mouse
37666177	2023 Oct	Mouse
37660594	2023 Nov	Mouse
37654229	2023 Oct	Mouse
37651283	2024 Feb	Mouse
37649532	2023 Dec	Mouse
37648149	2024 Jan	Mouse
37647773	2023 Oct	Mouse
37643315	2024 Mar	Mouse
37640697	2023 Aug 28	Mouse
37635810	2023 Jul	Mouse
37635809	2023 Jul	Mouse
37626753	2023 Aug 12	Mouse
37626033	2023 Aug 25	Mouse
37625900	2024 Feb	Mouse
37625369	2023 Nov	Mouse
37623223	2023 Aug 1	Mouse
37614305	2023 Aug	Mouse
37612419	2023 Aug 23	Mouse
37611970	2023 Sep	Mouse
37610277	2024 Feb	Mouse
37609135	2023 Aug 29	Mouse
37605762	2023	Mouse
37605203	2023 Aug 21	Mouse
37602866	2023 Mar 3	Mouse
37598898	2023 Sep	Mouse
37590222	2023	Mouse
37587519	2023 Aug 16	Mouse
37578083	2023 Nov	Mouse
37569797	2023 Aug 4	Mouse
37569721	2023 Aug 2	Mouse
37569290	2023 Jul 25	Mouse
37566478	2023 Sep	Mouse
37563688	2023 Aug 10	Mouse
37562858	2023 Aug	Mouse
37555294	2023 Oct	Mouse
37551685	2023 Sep	Mouse
37550685	2023 Aug 8	Mouse
37550003	2023 Nov	Mouse
37548411	2023 Aug 29	Mouse
37547183	2023 Sep	Mouse
37542771	2023 Oct 15	Mouse
37540756	2023 Aug 4	Mouse
37537733	2023 Aug	Mouse
37536412	2023 Oct 1	Mouse
37536183	2023 Oct	Mouse
37530884	2023 Oct	Mouse
37525533	2023 Jul 31	Mouse
37524872	2023 Aug	Mouse
37524226	2023 Dec	Mouse
37522619	2024 Jul 6	Mouse
37522058	2023 Aug	Mouse
37521864	2023 Jul	Mouse
37506502	2023 Oct	Mouse
37499456	2023 Sep	Mouse
37496731	2023 Dec	Mouse
37492935	2023 Apr 6	Mouse
37492739	2023 Sep	Mouse
37492222	2023	Mouse
37478628	2023	Mouse
37478172	2023 Oct 4	Mouse
40838061	2023	Mouse
37464762	2023 Sep	Mouse
37462629	2023 Apr 27	Mouse
37462361	2023 Aug 31	Mouse
37459592	2023 Nov	Mouse
37453588	2024 Apr	Mouse
37452551	2023 Oct	Mouse
37447284	2023 Jun 29	Mouse
37442513	2023 Sep	Mouse
37439722	2023 Aug	Mouse
37437059	2023 Aug 7	Mouse
37436700	2024 Feb	Mouse
37428931	2023 Jul 18	Mouse
37425490	2023	Mouse
37423156	2023 Sep	Mouse
37422640	2023 Jul 8	Mouse
37418985	2023 Sep	Mouse
37417814	2023 Nov 1	Mouse
37410754	2023 Dec	Mouse
37406898	2023 Aug 30	Mouse
37404993	2023 Jun 30	Mouse
37397527	2023 Jul	Mouse
37396516	2023 May	Mouse
37395388	2023 Sep	Mouse
37392862	2023 Nov	Mouse
37392568	2023 Sep	Mouse
37386638	2023 Jun 29	Mouse
37373251	2023 Jun 14	Mouse
37372008	2023 Jun 15	Mouse
37371471	2023 May 26	Mouse
37370114	2023 Jun 27	Mouse
37367299	2023 Jul	Mouse
37366428	2023	Mouse
37357387	2024 Mar	Mouse
37344157	2023 Sep	Mouse
37343369	2023 Aug	Mouse
37340797	2023 Jul 6	Mouse
37337779	2023 Jul	Mouse
37335102	2023 Jun 2	Mouse
37330028	2023 Sep 1	Mouse
37328786	2023 Jun 17	Mouse
37315775	2023 Jul 15	Mouse
37314430	2023 Aug	Mouse
37313169	2023 Jun	Mouse
37298730	2023 Jun 5	Mouse
37298473	2023 May 30	Mouse
37295574	2023 Nov 15	Mouse
37292436	2023 Jul	Mouse
37288358	2023	Mouse
37286758	2023 Jul	Mouse
37271009	2023 Jul	Mouse
37270777	2023 Jun 27	Mouse
37259103	2023 May 31	Mouse
37258510	2023 May 31	Mouse
37240121	2023 May 15	Mouse
37240086	2023 May 14	Mouse
37232576	2023 May 26	Mouse
37225052	2023 Oct	Mouse
37224053	2023 Feb 28	Mouse
37218542	2023 Aug	Mouse
37217512	2023 May 22	Mouse
37207971	2023 Aug 1	Mouse
37206234	2023 May	Mouse
37204627	2023 Jun	Mouse
37197096	2023 Jul	Mouse
37196756	2023 Aug 1	Mouse
37192157	2023 Oct	Mouse
37189729	2023 Apr 6	Mouse
37188001	2023 Mar	Mouse
37187885	2023	Mouse
37186383	2023 Nov	Mouse
37184045	2024 May	Mouse
37182454	2023 Jul	Mouse
37180812	2023 Jun	Mouse
37179423	2023 May 13	Mouse
37167724	2023 Jul	Mouse
37167638	2023 Jun	Mouse
37160933	2023 May 9	Mouse
37159698	2023 May	Mouse
37156857	2023 May 8	Mouse
37156032	2023 Jun	Mouse
37153898	2023 Jun	Mouse
37150265	2023 Jul	Mouse
37149963	2023 Jul	Mouse
37146960	2023 Sep	Mouse
37144868	2023 May 5	Mouse
37144624	2023 Sep 1	Mouse
37144506	2023 Jun	Mouse
37143367	2023 Dec	Mouse
37122828	2023 Apr 24	Mouse
37120427	2023 Apr 29	Mouse
37119767	2023 Jun 30	Mouse
37119581	2023 Jun	Mouse
37118134	2022 Aug	Mouse
37117739	2022 Apr	Mouse
37109424	2023 Mar 28	Mouse
37109407	2023 Mar 25	Mouse
37105394	2023 Sep	Mouse
37103335	2023 Jun	Mouse
37102924	2023 Apr 7	Mouse
37098717	2024 Jun	Mouse
37096632	2023 Oct	Mouse
37088785	2023 Jun	Mouse
37086004	2024 Jun	Mouse
37084895	2023 Jun	Mouse
37083155	2023 Nov	Mouse
37077156	2023 May 11	Mouse
37076903	2023 Apr 19	Mouse
37066225	2023 Apr 3	Mouse
37063929	2023	Mouse
37061736	2023 Apr 15	Mouse
37061147	2023 Jun	Mouse
37060808	2023 Jun	Mouse
37058473	2023	Mouse
37055831	2023 Apr 13	Mouse
37055817	2023 Apr 13	Mouse
37055483	2023 Apr 13	Mouse
37049677	2023 Mar 24	Mouse
37048137	2023 Mar 31	Mouse
37038152	2023 Apr 10	Mouse
37036562	2023 Aug	Mouse
37034712	2023 Mar 30	Mouse
37033917	2023	Mouse
37028460	2023 May	Mouse
37027967	2023 Jun	Mouse
37020126	2023 Aug	Mouse
37018403	2023 Apr 5	Mouse
37016437	2023 Apr 4	Mouse
37013829	2023 May	Mouse
37010409	2023 Jun 15	Mouse
37008048	2023 Apr 1	Mouse
37008038	2023	Mouse
37007557	2023 Mar 15	Mouse
37005694	2023 Apr 1	Mouse
37003368	2023 Jun	Mouse
37002200	2023 Mar 31	Mouse
36998601	2023	Mouse
36998238	2023 Aug	Mouse
36990010	2023 Jun	Mouse
36989902	2023 May	Mouse
36989841	2023 May 21	Mouse
36982442	2023 Mar 10	Mouse
36969366	2023	Mouse
36969105	2023 Aug	Mouse
36963293	2023 May	Mouse
36950748	2023 May	Mouse
36947594	2023 Mar 22	Mouse
36941991	2023	Mouse
36927643	2023 Jul	Mouse
36924130	2023 Aug	Mouse
36923091	2023 Feb 28	Mouse
36918542	2023 Mar 14	Mouse
36909504	2023 Feb 28	Mouse
36907253	2023 May 1	Mouse
36906634	2023 Mar 11	Mouse
36906288	2023 Apr	Mouse
36905112	2023 Mar	Mouse
36904043	2023 Mar 5	Mouse
36902356	2023 Mar 3	Mouse
36898656	2023 Jul	Mouse
36896597	2023 Apr 30	Mouse
36896317	2022 Dec	Mouse
36894989	2023 Mar 10	Mouse
36893980	2023 Jul	Mouse
36893673	2023 May	Mouse
36890785	2023 Jun	Mouse
36884388	2023 Apr	Mouse
36882427	2023 Mar 7	Mouse
36879303	2023 Mar 6	Mouse
36875869	2023	Mouse
36875721	2023	Mouse
36871937	2023 May	Mouse
36870529	2023 Jun	Mouse
36868518	2023 Apr	Mouse
36868238	2023 Apr 6	Mouse
36864206	2023 Mar	Mouse
36863214	2023 Jun	Mouse
36850434	2023 Feb 7	Mouse
36848378	2023 Jul	Mouse
36838594	2023 Feb 7	Mouse
36829930	2023 Feb 3	Mouse
36818585	2023 Feb	Mouse
36810185	2023 Feb	Mouse
36809763	2023 Apr 11	Mouse
36805475	2023 Jun	Mouse
36802989	2023 Mar	Mouse
40777809	2025 Jul	Mouse
36798782	2023 Feb	Mouse
36797333	2023 Feb 16	Mouse
36796355	2023 Mar 13	Mouse
36794668	2023 Mar	Mouse
36790146	2023 Feb 15	Mouse
36773024	2023 Jun	Mouse
36772893	2023 Jun	Mouse
36771453	2023 Feb 1	Mouse
36769037	2023 Feb 1	Mouse
36762426	2023 Jul	Mouse
36758340	2023 Apr	Mouse
36754251	2023 Jul	Mouse
36753544	2023 Feb 10	Mouse
36752205	2023 Feb 8	Mouse
36748885	2023 Apr	Mouse
36743414	2023	Mouse
36724964	2023	Mouse
36722289	2023 Apr	Mouse
36721767	2023 Mar	Mouse
36718653	2023 Feb	Mouse
36718635	2023 Jul	Mouse
36716981	2023 Apr	Mouse
36715686	2023 Jan 30	Mouse
36715607	2023 Mar	Mouse
36714558	2022	Mouse
36712136	2023 Jan 3	Mouse
36702547	2023 May 15	Mouse
36702375	2023 Jun	Mouse
36700776	2023 Jan	Mouse
36685663	2022	Mouse
36684425	2022	Mouse
36684078	2023 Jan	Mouse
36683245	2023 Apr	Mouse
36672165	2023 Jan 5	Mouse
36671508	2023 Jan 7	Mouse
36670908	2022 Dec 26	Mouse
36657732	2023 Feb 20	Mouse
36647696	2023 Jan	Mouse
36643587	2023	Mouse
36642417	2023 Jan	Mouse
36642020	2023 Mar	Mouse
39649263	2024	Mouse
36638270	2023 Feb	Mouse
36636109	2023 Jun	Mouse
36632467	2023	Mouse
36632459	2023	Mouse
36630751	2023 Feb	Mouse
36628892	2023 Feb	Mouse
36627169	2023 May	Mouse
36625730	2023 Jun	Mouse
36625319	2023 Apr 30	Mouse
36622202	2023 Feb	Mouse
36621703	2023 Mar 5	Mouse
36613978	2022 Dec 28	Mouse
36598130	2024 Mar	Mouse
36593507	2023 Jan 2	Mouse
36592706	2023 Feb	Mouse
36588124	2023 Jan 2	Mouse
36584898	2023 Mar	Mouse
36584575	2023 Feb	Mouse
36577158	2023 Feb	Mouse
36573135	2022	Mouse
36566445	2023 Mar	Mouse
36563736	2023 Jan 25	Mouse
36552848	2022 Dec 16	Mouse
36552552	2022 Nov 27	Mouse
36545678	2022	Mouse
36545287	2022	Mouse
36542696	2022 Dec 21	Mouse
36537662	2023 May	Mouse
36537124	2024 Feb 26	Mouse
36532524	2022	Mouse
36531454	2022	Mouse
36530063	2023 Jun	Mouse
36528308	2023 May	Mouse
36526849	2023 Feb	Mouse
36515677	2023 Jan	Mouse
36514714	2023 Jan	Mouse
36512085	2023 Jan	Mouse
36511897	2022 Dec 13	Mouse
36511367	2023 Jan	Mouse
36510269	2022 Dec 12	Mouse
36508923	2023 Jan	Mouse
36507558	2023 Jan 11	Mouse
36499638	2022 Dec 4	Mouse
36495056	2023 Apr	Mouse
36494860	2022 Dec 9	Mouse
36480365	2023 Jul 1	Mouse
36474787	2022 Dec	Mouse
36474470	2022 Mar	Mouse
36472726	2023 Feb	Mouse
36466352	2022	Mouse
36459925	2023 Jan	Mouse
36458900	2023 Jan-Dec	Mouse
36452329	2022	Mouse
36442828	2023 Mar	Mouse
36442605	2023 Mar	Mouse
36439631	2023 Jan	Mouse
36439628	2023 Jan	Mouse
36438802	2022	Mouse
36435786	2022 Nov 26	Mouse
36435562	2022 Dec	Mouse
36434787	2023 Apr 6	Mouse
36431073	2022 Nov 21	Mouse
36427299	2022 Nov 25	Mouse
36419093	2022 Nov 22	Mouse
36414669	2022 Nov 21	Mouse
36414376	2023 Mar	Mouse
36410638	2023 Feb	Mouse
36402366	2023 Feb	Mouse
36384720	2022 Nov 16	Mouse
36384642	2022 Nov 16	Mouse
36384557	2022 Nov 16	Mouse
36380018	2022 Nov	Mouse
36379392	2023 Apr	Mouse
36379122	2023 Jan	Mouse
36373952	2022 Oct 28	Mouse
36371322	2022 Nov 12	Mouse
36370958	2023 Apr	Mouse
36370364	2023	Mouse
36370134	2023 Jul	Mouse
36367882	2022	Mouse
36366779	2023 Mar	Mouse
36359375	2022 Nov 8	Mouse
36359292	2022 Nov 1	Mouse
36355306	2023	Mouse
36355305	2023	Mouse
36355304	2023	Mouse
36355303	2023	Mouse
36353501	2022	Mouse
36352408	2022 Nov 9	Mouse
36350089	2023 Jan	Mouse
36344492	2022 Nov 7	Mouse
36342311	2022 Nov	Mouse
36339585	2022	Mouse
36332479	2022 Dec 25	Mouse
36330910	2022 Dec	Mouse
36330908	2022 Dec	Mouse
36329497	2022 Nov 3	Mouse
36328754	2022 Nov	Mouse
36314274	2022 Dec	Mouse
36308906	2022 Dec 20	Mouse
36307389	2022 Oct 28	Mouse
36302323	2022 Dec	Mouse
36292950	2022 Oct 11	Mouse
36291190	2022 Oct 21	Mouse
36271561	2022 Nov	Mouse
36263384	2022 Sep	Mouse
36263144	2022	Mouse
36263050	2022	Mouse
36261653	2023 Jan	Mouse
36261443	2022 Oct 19	Mouse
36258202	2022 Oct 18	Mouse
36253807	2022 Oct 17	Mouse
36253145	2022 Dec	Mouse
36250247	2022 Dec	Mouse
36243708	2022 Oct 15	Mouse
36242608	2023 Jan	Mouse
36240656	2022 Nov	Mouse
36238555	2022	Mouse
36228542	2022 Dec 17	Mouse
36224344	2022 Oct	Mouse
36216240	2022 Dec 1	Mouse
36215870	2022 Nov	Mouse
36214465	2022 Dec	Mouse
36206595	2022 Dec 3	Mouse
36204118	2022	Mouse
36202216	2022 Nov 15	Mouse
36199358	2022	Mouse
36198439	2023 Feb	Mouse
36188601	2022	Mouse
36184957	2022 Dec	Mouse
36184504	2022	Mouse
36182100	2022 Dec	Mouse
36178576	2022 Oct	Mouse
36178273	2022 Dec	Mouse
36177510	2023 Jan	Mouse
36175067	2023 Feb	Mouse
36173680	2022 Nov 8	Mouse
36153352	2022 Sep 24	Mouse
36152537	2022 Nov	Mouse
36139857	2022 Sep 9	Mouse
36137413	2022 Oct	Mouse
36135193	2022 Sep 7	Mouse
36122169	2023 Mar	Mouse
36121967	2023 Mar	Mouse
36120492	2022 Dec	Mouse
36114544	2022 Sep 16	Mouse
36109442	2023 Feb	Mouse
36109140	2023 Feb	Mouse
36109004	2022 Nov	Mouse
36106352	2022 Dec	Mouse
36105611	2022 Dec	Mouse
36104304	2022 Oct	Mouse
36103412	2023 Mar	Mouse
36102152	2023 May	Mouse
36100125	2022 Nov	Mouse
36097797	2022 Nov	Mouse
36095950	2022 Nov	Mouse
36095933	2022 Dec	Mouse
36090228	2022 Aug	Mouse
36085399	2022 Dec	Mouse
36078169	2022 Sep 5	Mouse
36075514	2022 Dec	Mouse
36075143	2022 Oct	Mouse
36071864	2022	Mouse
36070048	2023 Mar	Mouse
36068777	2022 May	Mouse
36068644	2022 Sep 6	Mouse
36068607	2022 Sep 6	Mouse
36061148	2022	Mouse
36054964	2022 Nov	Mouse
36053817	2022 Oct	Mouse
36049372	2022 Oct	Mouse
36046031	2022	Mouse
36037785	2022 Oct	Mouse
36034777	2022	Mouse
36031625	2022 Aug 29	Mouse
36028175	2022 Sep	Mouse
36026443	2022 Aug 26	Mouse
36012760	2022 Aug 22	Mouse
36012474	2022 Aug 16	Mouse
36008706	2023 Mar	Mouse
36007682	2022 Sep	Mouse
36007472	2022 Oct 20	Mouse
36007353	2022 Sep	Mouse
36005089	2022 Aug 5	Mouse
36001977	2022 Aug 23	Mouse
35997219	2022 Nov	Mouse
35995402	2022 Nov	Mouse
35994012	2023 Dec	Mouse
35993439	2022 Nov 1	Mouse
35993268	2022 Jul-Sep	Mouse
35988424	2022 Oct	Mouse
35987145	2022 Oct	Mouse
35984286	2023 Apr 3	Mouse
35983393	2022 Jul	Mouse
35982488	2022 Aug 18	Mouse
35981208	2022 Nov	Mouse
35978511	2022 Sep	Mouse
35967352	2022	Mouse
35967299	2022	Mouse
35952515	2022 Oct	Mouse
35951358	2022 Aug 10	Mouse
35947956	2022 Aug 9	Mouse
35945200	2022 Aug 9	Mouse
35942891	2022 Aug	Mouse
35937813	2022	Mouse
35937573	2022 Dec	Mouse
35933783	2022 Oct	Mouse
35925448	2022 Aug	Mouse
35923173	2022 Jan-Dec	Mouse
35922815	2022 Aug 3	Mouse
35916374	2022 Aug 2	Mouse
35915804	2022	Mouse
35909337	2022 Aug	Mouse
35905566	2022 Oct	Mouse
35899925	2022 Aug 10	Mouse
35899096	2022 Dec	Mouse
35887281	2022 Jul 19	Mouse
35881692	2022 Jul 26	Mouse
35881544	2022 Jul 26	Mouse
35880357	2023 Apr	Mouse
35880352	2023 Feb 1	Mouse
35876542	2022 Jul 6	Mouse
35870887	2022 Jul 23	Mouse
35865095	2022 Jul	Mouse
35856812	2023 Jan	Mouse
35854298	2022 Jul 19	Mouse
35849954	2022 Sep 24	Mouse
35843413	2022 Oct 28	Mouse
35842714	2022 Jul 16	Mouse
35840017	2022 Oct	Mouse
35831464	2022 Jul 13	Mouse
35818290	2022 Jul-Sep	Mouse
35818275	2022 Feb 4	Mouse
35815528	2022 Oct	Mouse
35804467	2022 Jul 8	Mouse
35798413	2022 Sep	Mouse
35795554	2022	Mouse
35791923	2022 Dec	Mouse
35788130	2022 Jul 4	Mouse
35787089	2022 Jul	Mouse
35784690	2022	Mouse
35781799	2022 Oct	Mouse
35779570	2022 Jul 2	Mouse
35778837	2022 Aug	Mouse
35774865	2022	Mouse
35765024	2022 Jun 28	Mouse
35763224	2022 Sep	Mouse
35761235	2022 Jun 27	Mouse
35760458	2022 Nov	Mouse
35756079	2021	Mouse
35751529	2023 Jan	Mouse
35747513	2022	Mouse
35742968	2022 Jun 10	Mouse
35740320	2022 Jun 1	Mouse
35739102	2022 Jun 24	Mouse
35736286	2022 May 31	Mouse
35734099	2022	Mouse
35733354	2023 Jan	Mouse
35732460	2022 Oct	Mouse
35728631	2022 Jul	Mouse
35727364	2022 Aug	Mouse
35720186	2022	Mouse
35716032	2022 Sep	Mouse
35710820	2022 Jun 16	Mouse
35707845	2022 May	Mouse
35700066	2022 Oct	Mouse
35693701	2022	Mouse
35689396	2022 Nov	Mouse
35689264	2022 Jun 10	Mouse
35676242	2022 Jun 8	Mouse
35671349	2022 Jul	Mouse
35669511	2022	Mouse
35668932	2022	Mouse
35664072	2022	Mouse
35660787	2022 Jul	Mouse
35659346	2022 Jun 4	Mouse
35650306	2022 Jun 1	Mouse
35644218	2022 May 26	Mouse
37841504	2022 Jun	Mouse
35637500	2022 May 30	Mouse
35637489	2022 May 30	Mouse
35635149	2022 Jun 30	Mouse
35628290	2022 May 13	Mouse
35625649	2022 May 19	Mouse
35623293	2022 Jul	Mouse
35619306	2023	Mouse
35616672	2023	Mouse
35613259	2022 May 27	Mouse
35609127	2022 May 24	Mouse
35608871	2022 Jun	Mouse
35600665	2022 May	Mouse
35596790	2022 Aug	Mouse
35586367	2022	Mouse
35585042	2022 May 18	Mouse
35581224	2022 May 17	Mouse
35579255	2022 Jun 14	Mouse
35577279	2022 Sep	Mouse
35574050	2023 Jan	Mouse
35571440	2022 Apr	Mouse
35571243	2022	Mouse
35560108	2022 Jul	Mouse
35536857	2022	Mouse
35534137	2022 Jul 12	Mouse
35529439	2022	Mouse
35524421	2023 Feb	Mouse
35513246	2022 Sep	Mouse
35509635	2022 May	Mouse
35509631	2022 May	Mouse
35501334	2022 May 2	Mouse
35481399	2022 Aug	Mouse
35480871	2022	Mouse
35479080	2022	Mouse
35474736	2022 Jun 14	Mouse
35474501	2022 Apr 27	Mouse
35470068	2022 Jun	Mouse
35466632	2022 Jan-Mar	Mouse
35457064	2022 Apr 12	Mouse
35448521	2022 Apr 7	Mouse
35444462	2022	Mouse
35443857	2022 Apr	Mouse
35441488	2022 May	Mouse
35441352	2022 Jun	Mouse
35439733	2022 Apr 19	Mouse
35439480	2022 Jun 15	Mouse
35437349	2022	Mouse
35432716	2022	Mouse
35430901	2022 Jan-Dec	Mouse
35429248	2022 Aug	Mouse
35428355	2022 Apr 15	Mouse
35426372	2022 Apr 15	Mouse
35417079	2022 Jul	Mouse
35412939	2022 Apr	Mouse
35410627	2022 Apr 11	Mouse
35409238	2022 Mar 31	Mouse
35405969	2022 Mar 24	Mouse
35402663	2022 Jun	Mouse
35399495	2022	Mouse
35391646	2022 Jun	Mouse
35390446	2022 Jun 15	Mouse
35385713	2022 Jun 1	Mouse
35382556	2022 Apr	Mouse
35381294	2022 Aug	Mouse
35380880	2022 Apr 5	Mouse
35377354	2022 Mar 18	Mouse
35370642	2022	Mouse
35367826	2022 Jun 4	Mouse
35365233	2022 Apr 1	Mouse
35365162	2022 Apr 1	Mouse
35359946	2022	Mouse
35359876	2022	Mouse
35358477	2022 May	Mouse
35349226	2022 Mar	Mouse
35337221	2022 Dec	Mouse
35334131	2022 Apr	Mouse
35322732	2022 Nov	Mouse
35307533	2022 Jun	Mouse
35288194	2022 Apr 15	Mouse
35285551	2022 Dec	Mouse
35283765	2022	Mouse
35281370	2022 Jan	Mouse
35279877	2022 Dec	Mouse
35278225	2022 May	Mouse
35277480	2022 Mar 11	Mouse
35272487	2022 Mar	Mouse
35264207	2022 Mar 9	Mouse
35264092	2022	Mouse
35260562	2022 Mar 9	Mouse
35260140	2022 Mar 8	Mouse
35247635	2022 Apr	Mouse
35245865	2022 Apr	Mouse
35240891	2022 Jan-Dec	Mouse
35240498	2022 Apr 23	Mouse
35227892	2022 May	Mouse
35225151	2022 Dec	Mouse
35224782	2022 Apr	Mouse
35222699	2022 Mar	Mouse
35220598	2022 Jun	Mouse
35220594	2022 May	Mouse
35216203	2022 Feb 14	Mouse
35214015	2022 Jan 26	Mouse
35204144	2022 Jan 28	Mouse
35202579	2022 Apr	Mouse
35199120	2022 Mar 29	Mouse
35196878	2022 Jul	Mouse
35191523	2022 Apr	Mouse
35191223	2022 May	Mouse
35191092	2022 May	Mouse
35188875	2022 Mar	Mouse
35184139	2022 Jun	Mouse
35176588	2022 May	Mouse
35167509	2022 May 18	Mouse
35165253	2022 Feb 14	Mouse
35164658	2022 Mar	Mouse
35154568	2022	Mouse
35153665	2022	Mouse
35151027	2022 Mar	Mouse
35145063	2022 Feb 11	Mouse
35140209	2022 Feb 9	Mouse
35129942	2022 Feb 7	Mouse
35129860	2022 Mar	Mouse
35129065	2022 Jan	Mouse
35129051	2022 Feb	Mouse
35126808	2022	Mouse
35123541	2022 Feb 5	Mouse
35122957	2022 Apr	Mouse
35120538	2022 Feb 4	Mouse
35109699	2022 Jan-Mar	Mouse
35104760	2022 Apr	Mouse
35104478	2022 Apr	Mouse
35103239	2022	Mouse
35099493	2022 Apr 13	Mouse
35095883	2021	Mouse
35095488	2021	Mouse
35093078	2022 Jan 29	Mouse
35091584	2022 Jan 28	Mouse
35091077	2022 Apr	Mouse
35090521	2022 Jan 28	Mouse
35086123	2022 Oct 1	Mouse
35082670	2021	Mouse
35078447	2022 Jan 25	Mouse
35077015	2022 Jun	Mouse
35074577	2022 Mar	Mouse
35074547	2022 Apr	Mouse
35073770	2022 Jan-Mar	Mouse
38596988	2022 Jan 25	Mouse
35068055	2022 Mar	Mouse
35064306	2022 Feb	Mouse
35061535	2022 Jan 21	Mouse
35058228	2022 May	Mouse
35046940	2021	Mouse
35045740	2022 Jun	Mouse
35042267	2022 Mar	Mouse
35038565	2022 Apr 24	Mouse
35034537	2022 Feb	Mouse
35034101	2022 Jul	Mouse
35033199	2022 Jan 15	Mouse
35029035	2022 Mar	Mouse
35008608	2021 Dec 24	Mouse
34998164	2022 Apr	Mouse
34997944	2022 Feb	Mouse
34992497	2021	Mouse
34990878	2022 Apr	Mouse
34989027	2022 Apr	Mouse
34987154	2022 Jan 5	Mouse
34984422	2022 Jan 24	Mouse
34983342	2022	Mouse
34982732	2022 Jan 4	Mouse
34979545	2022 Jul 5	Mouse
34977596	2021 Dec	Mouse
34956224	2021	Mouse
34956209	2021	Mouse
34953038	2022 Feb	Mouse
34943080	2021 Dec 11	Mouse
34936115	2022 Apr	Mouse
34931844	2022 Jan 27	Mouse
34925057	2021	Mouse
34925020	2021	Mouse
34921962	2022 Mar 25	Mouse
34917303	2021	Mouse
34915568	2022 Oct 15	Mouse
34914744	2021	Mouse
34907535	2022 Jun	Mouse
34906679	2022 Mar	Mouse
34905737	2021 Dec 31	Mouse
34903082	2022 Jun	Mouse
34894103	2022 Feb	Mouse
34891040	2022 Jan 22	Mouse
34887675	2021	Mouse
34886755	2022 Jun	Mouse
34882836	2022 Mar	Mouse
34881186	2021	Mouse
34864169	2022 Mar	Mouse
34862093	2022 Apr-Jun	Mouse
34858187	2021	Mouse
34848799	2021 Nov 30	Mouse
34841538	2022 Jan	Mouse
34838028	2021 Nov 27	Mouse
34829531	2021 Oct 22	Mouse
34824542	2021	Mouse
34821196	2021 Dec	Mouse
34815758	2022 Jan	Mouse
34813965	2022 Jan	Mouse
34812543	2022 Sep	Mouse
34806937	2021 Dec	Mouse
34803488	2021	Mouse
34795891	2021	Mouse
34795843	2021	Mouse
34794451	2021 Nov 18	Mouse
34787331	2022 Feb	Mouse
34784965	2021 Nov 16	Mouse
34784954	2021 Nov 16	Mouse
34783292	2021 Dec	Mouse
34779488	2022 Jan	Mouse
34777686	2021	Mouse
34777685	2021	Mouse
34777682	2021	Mouse
34775640	2022 Aug	Mouse
34772811	2021 Nov 16	Mouse
34769441	2021 Nov 5	Mouse
34768920	2021 Oct 25	Mouse
34767959	2022 Feb	Mouse
34767958	2022 Feb	Mouse
34767957	2022 Feb	Mouse
34764792	2021	Mouse
34754093	2022 Jul	Mouse
34751824	2022 Mar	Mouse
34745003	2021	Mouse
34738623	2022 Jan	Mouse
34738460	2021 Dec 28	Mouse
34727094	2021 Dec 22	Mouse
34724799	2021 Nov	Mouse
34724347	2021 Nov	Mouse
34721040	2021	Mouse
34719360	2021	Mouse
34711707	2022 Mar 1	Mouse
34709978	2021 Dec	Mouse
34706873	2022 Jan	Mouse
34705985	2021	Mouse
34702854	2021 Oct 26	Mouse
34696628	2021 Dec	Mouse
34687898	2022 Jan	Mouse
34679766	2021 Oct 16	Mouse
34672227	2022 Feb	Mouse
34672113	2022 Apr	Mouse
34671981	2022 Feb	Mouse
34671266	2021	Mouse
34659230	2021	Mouse
34658862	2021	Mouse
34657320	2021 Dec	Mouse
34653605	2021 Dec	Mouse
34651666	2021 Dec	Mouse
34650969	2021	Mouse
34650772	2021	Mouse
34650433	2021	Mouse
34640324	2021 Sep 22	Mouse
34639026	2021 Oct 1	Mouse
34629037	2021 Dec	Mouse
34628269	2021 Dec	Mouse
34627999	2022 Jan	Mouse
34626798	2022 Feb	Mouse
34616850	2021	Mouse
34612715	2021 Dec	Mouse
34611513	2021 Sep	Mouse
34610749	2022 May	Mouse
34607107	2021 Dec	Mouse
34602973	2021	Mouse
34584074	2021 Sep 28	Mouse
34583778	2021 Sep 28	Mouse
34581667	2021 Sep 28	Mouse
34577072	2021 Sep 15	Mouse
34573065	2021 Sep 8	Mouse
34569725	2022 Mar	Mouse
34565303	2021 Dec	Mouse
34565285	2021 Dec	Mouse
34561933	2021 Nov	Mouse
34561389	2022 Jul 1	Mouse
34559207	2022 May 30	Mouse
34556628	2021 Sep 23	Mouse
34555528	2021 Dec	Mouse
34551709	2021 Sep 22	Mouse
34551684	2021 Dec	Mouse
34550907	2021 Sep 22	Mouse
34547383	2021 Dec 1	Mouse
34546791	2021 Sep 21	Mouse
34542770	2022 Apr	Mouse
34539991	2021	Mouse
34537380	2021 Dec	Mouse
34537377	2022 Jan	Mouse
34534663	2022 Jan	Mouse
34530171	2022 Jan	Mouse
34526904	2021	Mouse
34526577	2021 Sep 15	Mouse
34522160	2021	Mouse
34518512	2021 Sep 13	Mouse
34516821	2021 Sep	Mouse
34515572	2022 Mar	Mouse
34511883	2021	Mouse
34506973	2021 Dec	Mouse
34506942	2022 Jan	Mouse
34502478	2021 Sep 3	Mouse
34500105	2021 Nov	Mouse
34495429	2021 Sep 8	Mouse
34492535	2021 Nov	Mouse
34491054	2021 Sep 23	Mouse
34488936	2021 Oct	Mouse
34486378	2021 Oct 15	Mouse
34480835	2022 Mar	Mouse
34476923	2021	Mouse
34470616	2021 Sep 1	Mouse
34468013	2021 Oct	Mouse
34466014	2021	Mouse
34463587	2021 Dec	Mouse
34463129	2021 Aug	Mouse
34461226	2021 Nov	Mouse
34459110	2021 Oct	Mouse
34451873	2021 Aug 7	Mouse
34440937	2021 Aug 23	Mouse
34440768	2021 Aug 6	Mouse
34440538	2021 Aug 5	Mouse
34440221	2021 Aug 15	Mouse
34435650	2021 Oct	Mouse
34430561	2021 Jul	Mouse
34428745	2021 Aug 24	Mouse
34427363	2021 Nov	Mouse
34426743	2021	Mouse
34426118	2021 Oct	Mouse
34425229	2021 Nov	Mouse
34423918	2022 Feb	Mouse
34419603	2021 Nov	Mouse
34417537	2021 Aug 20	Mouse
34417329	2021 Oct 6	Mouse
34413494	2021 Sep	Mouse
34409835	2021 Sep 28	Mouse
34409794	2021 Aug 1	Mouse
34400519	2021 Sep 29	Mouse
34395219	2021 Jun	Mouse
34390681	2021 Nov	Mouse
34387761	2022 Jan	Mouse
34386509	2021	Mouse
34383111	2022 Jan	Mouse
34381182	2022 May	Mouse
34377252	2021	Mouse
34369548	2021 Sep 20	Mouse
34360594	2021 Jul 22	Mouse
34360007	2021 Jul 20	Mouse
34357595	2021 Nov	Mouse
34355225	2021 Sep 20	Mouse
34350255	2021 Jun	Mouse
34344989	2021 Aug 3	Mouse
34341460	2021 Aug 2	Mouse
34335275	2021	Mouse
34332049	2021 Oct	Mouse
34330063	2021 Sep 24	Mouse
34321073	2021 Jul 28	Mouse
34315467	2021 Jul 27	Mouse
34315248	2021 Dec	Mouse
34307684	2021	Mouse
34298323	2021 Sep 17	Mouse
34298196	2021 Oct	Mouse
34290363	2021 Jul 21	Mouse
34284715	2021 Jul 20	Mouse
34277596	2021	Mouse
34268381	2021 May	Mouse
34267289	2021 Jul 15	Mouse
34256841	2021 Jul 13	Mouse
34255742	2021 Aug 23	Mouse
34249945	2021	Mouse
34240807	2021 Aug	Mouse
34237707	2021 Jul 8	Mouse
34230488	2021 Jul 6	Mouse
34230481	2021 Jul 6	Mouse
34228237	2022 Feb	Mouse
34226187	2021 Dec	Mouse
34211396	2021	Mouse
34204404	2021 Jun 17	Mouse
34202137	2021 Jun 25	Mouse
34200880	2021 Jun 10	Mouse
34197081	2021 Jul 14	Mouse
34196525	2021 Jul 27	Mouse
34195707	2021 Jul 21	Mouse
34194439	2021	Mouse
34193158	2021 Jun 30	Mouse
34184072	2021 Aug	Mouse
34182799	2022 Jan	Mouse
34182246	2021 Sep	Mouse
34176242	2021 Aug	Mouse
34173271	2021 Oct	Mouse
34172007	2021 Jun 25	Mouse
34171515	2021 Nov	Mouse
34166809	2021 Oct	Mouse
34165367	2021 Dec	Mouse
34160894	2021 Aug	Mouse
34160515	2021 Aug 2	Mouse
34155675	2021 Oct	Mouse
34153786	2021 Aug	Mouse
34153254	2021 Oct	Mouse
34144159	2022 Jan	Mouse
34144150	2021 Sep	Mouse
34142176	2022 Nov	Mouse
34137218	2021 Oct	Mouse
34136574	2021	Mouse
34131243	2021 Jun 15	Mouse
34127028	2021 Jun 14	Mouse
34126239	2021 Aug	Mouse
34126199	2021 Sep	Mouse
34117708	2021 Jul	Mouse
34116024	2021 Sep	Mouse
34107348	2021 Oct	Mouse
34105311	2022 Jan	Mouse
34105258	2021 Jul	Mouse
34101970	2021 Jul	Mouse
34098983	2021 Jun 7	Mouse
36474816	2021 Sep	Mouse
34094856	2021 Jul	Mouse
34094638	2021 Jun	Mouse
34093756	2021 Aug	Mouse
34086763	2021	Mouse
34085927	2021 Jun 4	Mouse
34085175	2021 Jun	Mouse
34082858	2021 Jun 1	Mouse
34071594	2021 May 28	Mouse
34058434	2021 Sep	Mouse
34052462	2021 Oct	Mouse
34039624	2021 Sep	Mouse
34031844	2021 Dec	Mouse
34031369	2021 May 25	Mouse
34026950	2021 Jun	Mouse
34024188	2021 Jan-Dec	Mouse
34015366	2021 Oct 5	Mouse
34014552	2021 Oct	Mouse
34006989	2021 May 18	Mouse
34006826	2021 May 18	Mouse
34006821	2021 May 18	Mouse
33991950	2021 Jul	Mouse
33990219	2021 May 14	Mouse
33988757	2021 Sep	Mouse
33988222	2021 May 28	Mouse
33987361	2021 Apr	Mouse
33986262	2021 May 13	Mouse
33984464	2021 Sep	Mouse
33982891	2021 Dec	Mouse
33977074	2021 May	Mouse
33974280	2021 May 11	Mouse
33973110	2021 Sep	Mouse
33967763	2021	Mouse
33962484	2021 Nov	Mouse
33960555	2021 Jun	Mouse
33953184	2021 May 5	Mouse
33953172	2021 May 5	Mouse
33942503	2021 Jun	Mouse
33940137	2021 Aug	Mouse
33939302	2021 Jun	Mouse
33936363	2021	Mouse
33935044	2021 Apr 30	Mouse
33926568	2021 Apr 29	Mouse
33918436	2021 Apr 2	Mouse
33916928	2021 Apr 7	Mouse
33915911	2021 Apr 1	Mouse
33915295	2021 Aug	Mouse
33907208	2021 Apr 27	Mouse
33898435	2021	Mouse
33897442	2021	Mouse
36474982	2021 Jun	Mouse
33890588	2021 May 21	Mouse
33884024	2021	Mouse
33881378	2021 Jun	Mouse
33880054	2021	Mouse
33879790	2021 Apr 20	Mouse
33878859	2021 Jun	Mouse
33878544	2021 Aug	Mouse
33876419	2021 Jul	Mouse
33870507	2021 Nov	Mouse
33859822	2021 Jun	Mouse
33853646	2021 Apr 14	Mouse
33850295	2021 Aug	Mouse
33844985	2021 Jun	Mouse
33833854	2021	Mouse
33832532	2021 Apr 8	Mouse
33829022	2021	Mouse
33827816	2021 Apr	Mouse
33827672	2021 Apr 7	Mouse
33811860	2021 Jan-Jun	Mouse
33810460	2021 Mar 26	Mouse
33809253	2021 Mar 12	Mouse
33804203	2021 Mar 15	Mouse
33802005	2021 Mar 10	Mouse
33800441	2021 Mar 8	Mouse
33799167	2021 May	Mouse
33798706	2021 Jun	Mouse
33795795	2021 Apr	Mouse
37117596	2021 Apr	Mouse
33781898	2021 Jul	Mouse
33774341	2021 May	Mouse
33769459	2021 Dec 24	Mouse
33767361	2021 Dec	Mouse
33765556	2021 May 14	Mouse
33762205	2021 Jun	Mouse
33752736	2021 Mar 22	Mouse
33751809	2021 Apr	Mouse
33749677	2021 Mar 4	Mouse
33744859	2021 Mar 19	Mouse
33744850	2021 Mar 19	Mouse
33744432	2021 Jun	Mouse
33742215	2021 Sep	Mouse
33738280	2021	Mouse
33737173	2021 May	Mouse
33735716	2021 Jun	Mouse
33731712	2021 Mar 17	Mouse
33722697	2021 Sep	Mouse
33719441	2021 Mar 25	Mouse
33714889	2021 Mar	Mouse
33707504	2021 Mar 11	Mouse
33704322	2021 Mar 28	Mouse
33692439	2021 May	Mouse
33689077	2021 May	Mouse
33678633	2021 Jan 28	Mouse
33648469	2021 Mar 1	Mouse
33646122	2021 Mar 1	Mouse
33640582	2021 Jun	Mouse
33634117	2021	Mouse
33624774	2021 Feb 24	Mouse
33618587	2022 May	Mouse
33617553	2021	Mouse
33617226	2021 Mar 8	Mouse
33617050	2021 Mar	Mouse
33617044	2021 Apr	Mouse
33615102	2021 Feb	Mouse
33614593	2020	Mouse
33610821	2021 May	Mouse
33609696	2021 Sep	Mouse
33609695	2021 May	Mouse
33606899	2022 Oct	Mouse
33600943	2021 Apr	Mouse
33597301	2021 Feb 23	Mouse
33588909	2021 Feb 15	Mouse
33586252	2021 Aug	Mouse
33582913	2021 Feb	Mouse
33576000	2021 Mar	Mouse
33573682	2021 Feb 11	Mouse
33572124	2021 Feb 9	Mouse
33569722	2021 Jul	Mouse
33568523	2021 Feb 10	Mouse
33567897	2021 Dec	Mouse
33567474	2021 Jun	Mouse
33562356	2021 Feb 7	Mouse
33561541	2021 Apr	Mouse
33561540	2021 Apr	Mouse
33559324	2021 Aug	Mouse
33543180	2021 Mar 15	Mouse
33536347	2021 Feb 1	Mouse
33535605	2021 Feb 1	Mouse
33532587	2021 Jan	Mouse
33526719	2021 Feb 1	Mouse
33526653	2021 Feb 9	Mouse
33520980	2020	Mouse
33517187	2021 May	Mouse
33512030	2021 Nov	Mouse
33503223	2021	Mouse
33499145	2021 Jan 22	Mouse
33495836	2021 Mar	Mouse
33493980	2021 Mar	Mouse
33493345	2021 Oct 2	Mouse
33488803	2021 Mar	Mouse
33485930	2021 Apr	Mouse
33480322	2021 Jun	Mouse
33473114	2021 Jan 20	Mouse
33471008	2021 Mar 1	Mouse
33469535	2020	Mouse
33460793	2021 Mar	Mouse
33459503	2020 Dec	Mouse
33452968	2021 Apr	Mouse
33452687	2021 Jul	Mouse
33452305	2021 Jan 15	Mouse
33450259	2021 Mar 15	Mouse
33448319	2021 Mar	Mouse
33443518	2021 Feb 15	Mouse
33443201	2021 Jan 5	Mouse
33441836	2021 Jan 13	Mouse
33441426	2021 Jan 13	Mouse
33440880	2021 Jan 11	Mouse
33437372	2020	Mouse
33427619	2021 Sep-Oct	Mouse
33426805	2021 Jul	Mouse
33424281	2021 Jan	Mouse
33414452	2021 Jan 4	Mouse
33408787	2021	Mouse
33408335	2021 Jan	Mouse
33392201	2020	Mouse
33390926	2020	Mouse
33381768	2020 Dec	Mouse
33381767	2020 Dec	Mouse
33381766	2020 Dec	Mouse
33378983	2021 Jan	Mouse
33378213	2021 Feb	Mouse
33376672	2021 Mar	Mouse
33375366	2020 Dec 26	Mouse
33374841	2020 Dec 23	Mouse
33364748	2020	Mouse
33361529	2020 Dec 23	Mouse
33359913	2021 Feb	Mouse
33359852	2021 Feb	Mouse
33350983	2020 Dec 22	Mouse
33346009	2021 Mar 1	Mouse
33336820	2021 Oct	Mouse
33335572	2021 Feb	Mouse
33320893	2020	Mouse
33315205	2021	Mouse
33315199	2021	Mouse
33315194	2021	Mouse
33307770	2021 Dec	Mouse
33303743	2020 Dec 10	Mouse
33303055	2020 Dec 1	Mouse
33301961	2021 Feb	Mouse
33301945	2021 Feb	Mouse
33300913	2021 Jan 7	Mouse
33296783	2021 Jan	Mouse
33296408	2020	Mouse
33295881	2021 Feb	Mouse
33294294	2020 Dec 4	Mouse
33292128	2022	Mouse
33287871	2020 Dec 7	Mouse
33285491	2021 Jan 4	Mouse
33270961	2021 Mar 22	Mouse
33270017	2020 Dec 3	Mouse
33261216	2020 Nov 27	Mouse
33255398	2020 Nov 24	Mouse
33249722	2021 Jan	Mouse
33246158	2021 Feb	Mouse
33241814	2020 Dec 1	Mouse
33241027	2020 Sep	Mouse
33238047	2021 Mar	Mouse
33231490	2020 Oct	Mouse
33227438	2021 Jan	Mouse
33224982	2020	Mouse
33215637	2020 Dec 11	Mouse
33214607	2020 Nov 19	Mouse
33211383	2021 Jan	Mouse
33210027	2021 May	Mouse
33201766	2020 Nov	Mouse
33199631	2020 Dec 1	Mouse
33197010	2021	Mouse
33195691	2020	Mouse
33194044	2020	Mouse
33193840	2020 Dec	Mouse
33191853	2021 Aug	Mouse
33178671	2020	Mouse
33177650	2020 Nov 11	Mouse
33177241	2020 Nov 7	Mouse
33175932	2020 Dec 1	Mouse
33171176	2021 Mar 1	Mouse
33169745	2020 Nov 18	Mouse
33168412	2021 Jan	Mouse
33166449	2020 Nov 18	Mouse
33164842	2021 Jan	Mouse
33164235	2021 Jun	Mouse
33161099	2021 Jan	Mouse
33155655	2020 Nov 27	Mouse
33147653	2021 Mar	Mouse
33139312	2021 Apr	Mouse
33137380	2020 Dec	Mouse
33136410	2020 Nov 11	Mouse
33133598	2020	Mouse
33130473	2021 Jan	Mouse
33127654	2020 Oct	Mouse
33118211	2020 Dec	Mouse
33115953	2020 Oct 28	Mouse
33112509	2020 Nov	Mouse
33111549	2021 Dec	Mouse
33109602	2021 Mar	Mouse
33109253	2020 Oct 27	Mouse
33107629	2021 Apr	Mouse
33101657	2020 Oct	Mouse
33099657	2021 Feb	Mouse
33099538	2020 Oct 25	Mouse
33096361	2020 Dec	Mouse
33079387	2021 Mar	Mouse
33075482	2021 Jan	Mouse
33066270	2020 Oct 13	Mouse
33063931	2020 Nov	Mouse
33063168	2021 Apr	Mouse
33062167	2020 Oct 8	Mouse
33060739	2020 Oct 15	Mouse
33045318	2020 Dec	Mouse
33042421	2020	Mouse
33037617	2021 May	Mouse
33034147	2021 Mar	Mouse
33029956	2020 Oct	Mouse
33027770	2020 Oct 7	Mouse
33023972	2020 Nov 18	Mouse
33022338	2021 Feb 10	Mouse
33022131	2021 Mar	Mouse
33013396	2020	Mouse
32992936	2020 Sep 25	Mouse
32991618	2020	Mouse
32979209	2021	Mouse
32979207	2021	Mouse
32979204	2021	Mouse
32978775	2021 Apr	Mouse
32977456	2020 Sep 23	Mouse
32976505	2020	Mouse
32965793	2020 Nov	Mouse
32963046	2020 Dec	Mouse
32955487	2020 Oct 1	Mouse
32954793	2021 Dec	Mouse
32946669	2020 Nov	Mouse
32943744	2020 Sep 17	Mouse
32940061	2021 Dec	Mouse
32938906	2020 Sep 16	Mouse
32938794	2020 Sep 16	Mouse
32926854	2020 Dec	Mouse
32916025	2021 Feb	Mouse
32914937	2020 Oct	Mouse
32899361	2020 Sep 3	Mouse
32895234	2020 Dec	Mouse
32894532	2020 Aug	Mouse
32887644	2020 Sep 4	Mouse
32886146	2020 Dec	Mouse
32882584	2020 Nov	Mouse
32878982	2020 Sep 2	Mouse
32866681	2021 Jan	Mouse
32866644	2020 Nov	Mouse
32859940	2020 Aug 28	Mouse
32858189	2020 Dec	Mouse
32854712	2020 Aug 27	Mouse
32843678	2020 Aug 25	Mouse
32822332	2020 Aug 21	Mouse
32818603	2020 Nov	Mouse
32816052	2020 Dec	Mouse
32807933	2020 Oct	Mouse
32805696	2020 Nov	Mouse
32805694	2020 Nov	Mouse
32803252	2020 Sep 30	Mouse
32792951	2020	Mouse
32789555	2021 Feb	Mouse
32782506	2020 Sep	Mouse
32778777	2020 Aug 10	Mouse
32778764	2020 Aug 10	Mouse
32776418	2020 Sep	Mouse
32770199	2021 Jan 5	Mouse
32768958	2020 Sep	Mouse
32768686	2020 Dec	Mouse
32767602	2020 Sep	Mouse
32764573	2020 Aug 6	Mouse
32763417	2020 Dec 5	Mouse
32757664	2020 Jan-Dec	Mouse
32754258	2020	Mouse
32730652	2021 Mar	Mouse
32726122	2020	Mouse
32723351	2020 Jul 28	Mouse
32716577	2020 Sep	Mouse
32709223	2020 Jul 24	Mouse
32705174	2020 Sep	Mouse
32693649	2020 Dec	Mouse
32691066	2020 Oct 1	Mouse
32683043	2020 Oct	Mouse
32679132	2020 Oct 15	Mouse
32678020	2020 Jul 16	Mouse
32668663	2020 Jul 13	Mouse
32665267	2020 Oct	Mouse
32660984	2020 Nov	Mouse
32659345	2020 Oct	Mouse
32658313	2021 May	Mouse
32656644	2020 Nov	Mouse
32652826	2020 Aug	Mouse
32647171	2020 Jul 9	Mouse
32643707	2020 Jul 9	Mouse
32638534	2020 Dec	Mouse
32637608	2020 Jun	Mouse
32636527	2021 May	Mouse
32635763	2020 Sep	Mouse
32634440	2020 Sep 15	Mouse
32633950	2020 Jul 22	Mouse
32632306	2020 Jul 6	Mouse
32629163	2020 Oct	Mouse
32626917	2020 Jul	Mouse
32622876	2020 Oct	Mouse
32616521	2020 Jul 14	Mouse
32615822	2020 Aug	Mouse
32612184	2020 Jul 1	Mouse
32602242	2020 Dec	Mouse
32600700	2020 Oct	Mouse
32597443	2020 Aug 7	Mouse
32596691	2020 Jun	Mouse
35005113	2022 Jan	Mouse
32590318	2020 Sep	Mouse
32587244	2020 Jun 25	Mouse
32586093	2020 Jul 24	Mouse
32584470	2020 Nov	Mouse
32581777	2020	Mouse
32581428	2020 Jun	Mouse
32580167	2020 Jun 24	Mouse
32573694	2020 Sep 7	Mouse
32573417	2021 Jan-Feb	Mouse
32572077	2020 Jun 22	Mouse
32564468	2020 Aug	Mouse
32564401	2020 Nov	Mouse
32556726	2020 Nov	Mouse
32555459	2020 Jul	Mouse
32550912	2020	Mouse
32545631	2020 Jun 12	Mouse
32544091	2020 Jul 9	Mouse
32533926	2020 Sep	Mouse
32532183	2021 Dec	Mouse
32532182	2021 Dec	Mouse
32529755	2020 Jul	Mouse
32528301	2020	Mouse
32526967	2020 Jun 9	Mouse
32518750	2020 Sep	Mouse
32518385	2020 Jun 9	Mouse
32517436	2020 Mar-Apr	Mouse
32515588	2020 Jul 9	Mouse
32514515	2020 Jun 24	Mouse
36474685	2020 Sep	Mouse
32499111	2020 Jul 12	Mouse
32486519	2020 May 31	Mouse
32485353	2020 Aug	Mouse
36474686	2020 Sep	Mouse
32476443	2021 Dec	Mouse
32453422	2020 Aug 3	Mouse
32449702	2020 May 6	Mouse
32445705	2020 Aug 15	Mouse
32442041	2020 Sep	Mouse
32441256	2020 May 22	Mouse
32439403	2020 Oct 5	Mouse
32438772	2020 May 19	Mouse
32437968	2020 Aug	Mouse
32431699	2020	Mouse
32430054	2020 May 19	Mouse
32428685	2020 Jul 15	Mouse
32426485	2020 May	Mouse
32420987	2020 Apr 24	Mouse
32418287	2020 Oct	Mouse
32416098	2020 Aug	Mouse
32413742	2020 Jul	Mouse
32411129	2020	Mouse
32409323	2020 Aug	Mouse
32404427	2020 Jun 2	Mouse
32394143	2020 Jul	Mouse
32393335	2020 May 11	Mouse
32381549	2020 Jul	Mouse
32371954	2020 May 5	Mouse
32371389	2020 Jul	Mouse
32361653	2020 Jul	Mouse
32360537	2020 Jul	Mouse
32357909	2020 May 1	Mouse
32355794	2020 Mar	Mouse
32350292	2020 Apr 29	Mouse
32345916	2020 Sep 1	Mouse
32343998	2020 Jul 15	Mouse
32339712	2020 Jun	Mouse
32339698	2020 Jul	Mouse
32336048	2020 Sep	Mouse
32335541	2020 Apr 26	Mouse
32334386	2020 Jul	Mouse
32334102	2020 Aug	Mouse
32332252	2020 Sep 1	Mouse
32330796	2020 Jul	Mouse
32330138	2020	Mouse
32326610	2020 Apr 15	Mouse
32326143	2020 Apr 21	Mouse
32323440	2020 Oct	Mouse
32315726	2020 Jul 15	Mouse
32315715	2020 Jul	Mouse
32311485	2020 Aug 10	Mouse
32302289	2020 Apr 16	Mouse
32298781	2020 Oct	Mouse
32295898	2020 Apr 15	Mouse
32295649	2020 Apr 15	Mouse
32290085	2020 Apr 10	Mouse
32286705	2020 Aug	Mouse
32284824	2020	Mouse
32283184	2020 Jul	Mouse
32281401	2021 Dec	Mouse
32280355	2020	Mouse
32277513	2020 May	Mouse
32276503	2020 Apr 8	Mouse
32273685	2020	Mouse
32272195	2020 Jun	Mouse
32270890	2020 Oct	Mouse
32269734	2020	Mouse
32247641	2020 Apr	Mouse
32228637	2020 Mar 30	Mouse
32222871	2020 Aug	Mouse
32222415	2020 May	Mouse
32220312	2020 Apr 16	Mouse
32216270	2020 Apr 21	Mouse
32214220	2020 Mar 25	Mouse
32208385	2020 Apr 23	Mouse
32205337	2020 May	Mouse
32204600	2021 Dec	Mouse
32203488	2020 Jun	Mouse
32200413	2020 May	Mouse
32197418	2020 Mar 18	Mouse
32196852	2020 Aug	Mouse
32186772	2020 May	Mouse
32183900	2020 Mar 17	Mouse
32175635	2020 May	Mouse
32173627	2020 May	Mouse
32163857	2020 May	Mouse
32162789	2020 Aug	Mouse
32161544	2020	Mouse
32159191	2020 Mar 26	Mouse
32156705	2020 May	Mouse
32156482	2020 Apr	Mouse
32154622	2020 Apr	Mouse
32151961	2020 May	Mouse
32147536	2020 Jun	Mouse
32140758	2020 Jul	Mouse
32140066	2020	Mouse
32134140	2020 Nov	Mouse
32132930	2020	Mouse
32124494	2020 Apr	Mouse
32124251	2020 May	Mouse
32122385	2020 Mar 2	Mouse
32117912	2020	Mouse
32108917	2020 Feb 27	Mouse
32101827	2020 Mar 12	Mouse
32101625	2020 Jul	Mouse
32099720	2020 Mar	Mouse
32098291	2020 Feb 22	Mouse
32094158	2020 Apr	Mouse
32092739	2020	Mouse
32090454	2020 Apr	Mouse
32087740	2020 Feb 22	Mouse
32084364	2020 May	Mouse
32083237	2020 Feb	Mouse
32073014	2020 Mar 1	Mouse
32069441	2020 Mar 13	Mouse
32067417	2020 Jul	Mouse
32061965	2020 Apr	Mouse
32060941	2020 Nov	Mouse
32059749	2020 Feb 14	Mouse
32058211	2020 May	Mouse
32052890	2020 Apr	Mouse
32045921	2019	Mouse
32045824	2020 May 10	Mouse
32044353	2020 May	Mouse
32040598	2020 Jun	Mouse
32034262	2020 Feb 7	Mouse
32028021	2020 Apr	Mouse
32025239	2020	Mouse
32013856	2020	Mouse
32012117	2020 Feb 1	Mouse
32010148	2019	Mouse
32007797	2020 Apr	Mouse
32007503	2020 May	Mouse
32006659	2020 May	Mouse
31993924	2020 Jun	Mouse
31992922	2020 Feb	Mouse
31992827	2020 Jan 28	Mouse
31989845	2021 Dec	Mouse
36474558	2020 Mar	Mouse
31982564	2020 May	Mouse
31982563	2020 May	Mouse
31981416	2020 May	Mouse
31980519	2020 Feb 11	Mouse
31975545	2020 Mar	Mouse
31972221	2020 Mar 15	Mouse
31963938	2020 Jan 19	Mouse
31961065	2020 Jul	Mouse
31958497	2020 Mar	Mouse
31949286	2020 Mar	Mouse
31945456	2020 Apr	Mouse
31945013	2020 Jan 16	Mouse
31940860	2020 Jan 11	Mouse
31939630	2020 Jan 15	Mouse
31937149	2020 May-Jul	Mouse
31935848	2020 Jan 6	Mouse
31934329	2019 Dec	Mouse
31934282	2019	Mouse
31932746	2020 Jan 13	Mouse
31932325	2020 Mar 23	Mouse
31928851	2020 Sep	Mouse
31926929	2020 Apr	Mouse
31926346	2020 Apr	Mouse
31925860	2020 Feb	Mouse
31922219	2020 Mar	Mouse
31918221	2020 Feb	Mouse
31915516	2019	Mouse
31911151	2020 Mar	Mouse
31910305	2020 May	Mouse
31906765	2020 Dec	Mouse
31905764	2019 Dec 29	Mouse
31901095	2020 Jan 1	Mouse
31897918	2020 Jun	Mouse
31895692	2019 Dec 30	Mouse
31894302	2020 Feb	Mouse
31889132	2019 Dec 30	Mouse
31885823	2019	Mouse
31883860	2020 Jan	Mouse
31881177	2020 Feb 1	Mouse
31876323	2020 Apr	Mouse
31876072	2020 Jan	Mouse
31863959	2020 Mar	Mouse
31860662	2019	Mouse
31857163	2020 Feb 1	Mouse
31855117	2019 Dec	Mouse
31849953	2019	Mouse
31849213	2020 Jan 15	Mouse
31837326	2020 Feb	Mouse
31837247	2020 Jul	Mouse
31830592	2020 Apr	Mouse
31829201	2019 Dec 11	Mouse
31828429	2020 Mar	Mouse
31828128	2019	Mouse
31827706	2019	Mouse
31826327	2020 Feb	Mouse
31815524	2020 Jun	Mouse
31794570	2019	Mouse
31791585	2020 Feb 12	Mouse
31788947	2020 Mar	Mouse
31784401	2020 Jan	Mouse
31781343	2019	Mouse
31774632	2020 Feb	Mouse
31774188	2020 May	Mouse
31772142	2019 Nov 26	Mouse
31771658	2019 Nov 27	Mouse
31768001	2020 Mar	Mouse
31765607	2020 Jan 15	Mouse
31757676	2020 Jan	Mouse
31756130	2020 Jan	Mouse
31754732	2019 Dec	Mouse
31752825	2019 Nov 21	Mouse
31748609	2019 Nov 20	Mouse
31742919	2020 Feb	Mouse
31735552	2019 Dec	Mouse
31718284	2021 Dec	Mouse
31711940	2019 Dec	Mouse
31705125	2019 Dec	Mouse
31700695	2019	Mouse
31696655	2020 Apr	Mouse
31695756	2019	Mouse
31686786	2019	Mouse
31673109	2019 Oct 31	Mouse
31672600	2020 Jan	Mouse
31666999	2019	Mouse
31662319	2020 Jan	Mouse
31661144	2019 Dec	Mouse
31655387	2019 Dec	Mouse
31654748	2019 Dec 15	Mouse
31653858	2019 Oct 25	Mouse
31649847	2019 Sep	Mouse
31648929	2020 Mar	Mouse
31648137	2020 Jan	Mouse
31647983	2020 Jan	Mouse
31646754	2020 Apr	Mouse
31646013	2019	Mouse
31644429	2019 Oct 22	Mouse
31638855	2019 Dec 1	Mouse
31636264	2019 Oct 21	Mouse
31635173	2019 Oct 20	Mouse
31634652	2020 Jan	Mouse
31634584	2020 May	Mouse
31631977	2019	Mouse
31610189	2019 Dec 1	Mouse
31609601	2019 Nov 11	Mouse
31608709	2019 Dec	Mouse
31608495	2020 Mar	Mouse
31608494	2020 Mar	Mouse
31606726	2019 Oct 11	Mouse
31597574	2019 Oct 9	Mouse
31590845	2020 Jan 1	Mouse
31586865	2019 Dec	Mouse
31586161	2019 Dec	Mouse
31586040	2019 Oct 4	Mouse
31577939	2020 Jan 30	Mouse
31569601	2019 Sep 27	Mouse
31568919	2019 Dec	Mouse
31563117	2019 Nov	Mouse
31559470	2020 Feb	Mouse
31557835	2019 Sep 25	Mouse
31548177	2019 Oct	Mouse
31539804	2020 Jan	Mouse
31534552	2019	Mouse
31534049	2019 Sep 19	Mouse
31534047	2019 Sep 19	Mouse
31530037	2020 Jan	Mouse
31520482	2020 Feb	Mouse
31511053	2019 Sep 11	Mouse
31500508	2020 Jul	Mouse
31497826	2019 Sep 1	Mouse
31496660	2019	Mouse
31495394	2019 Apr	Mouse
31485657	2019 Oct	Mouse
31482846	2019 Sep 4	Mouse
31475206	2019 Jul	Mouse
31464310	2019 Sep 1	Mouse
31447845	2019	Mouse
31424112	2019 Dec	Mouse
31422941	2019 Aug 17	Mouse
31410487	2020 Mar 1	Mouse
31410125	2019 Sep	Mouse
31408372	2019 Nov	Mouse
31407595	2019 Jun	Mouse
31402982	2019 Aug	Mouse
31402800	2019 Jun	Mouse
31396630	2019 Dec 1	Mouse
31390373	2019	Mouse
31384309	2019	Mouse
31382618	2019 Aug 3	Mouse
31380381	2019	Mouse
31371812	2019 Aug 1	Mouse
31369767	2019 Sep 10	Mouse
31368870	2019	Mouse
31364719	2019 Oct	Mouse
31362725	2019 Jul 30	Mouse
31362078	2019 Sep 10	Mouse
31359010	2019 Aug 1	Mouse
31357086	2019 Oct	Mouse
31353019	2019 Sep 20	Mouse
31351964	2019 Nov	Mouse
31351471	2019 Jul 27	Mouse
31350386	2019 Jul 26	Mouse
31343261	2019 Jul	Mouse
31339809	2020 Jul	Mouse
31332781	2019 Oct	Mouse
31331074	2019 Jul 19	Mouse
31325727	2019 Oct	Mouse
31313630	2019 Sep	Mouse
31310911	2019 Oct	Mouse
31308631	2019	Mouse
31307784	2019 Sep 10	Mouse
31304988	2019 Nov	Mouse
31302422	2019 Oct	Mouse
31298072	2019 Nov	Mouse
31293216	2019 Aug	Mouse
31287025	2019 Jul 8	Mouse
31285423	2019 Jul 8	Mouse
31285188	2019 Jul	Mouse
31283994	2019 Oct	Mouse
31283983	2019 Dec	Mouse
31283041	2019 Nov	Mouse
31278964	2019 Sep 5	Mouse
31276817	2019 Dec	Mouse
31274342	2020 Sep	Mouse
31265883	2019 Oct	Mouse
31261789	2019 Jun 28	Mouse
31258481	2019	Mouse
31255600	2019 Sep 15	Mouse
31253842	2019 Jun 28	Mouse
31239673	2019	Mouse
31239244	2019 Oct	Mouse
31236745	2019 Jun 24	Mouse
31229684	2019 Oct	Mouse
31228817	2019 Sep	Mouse
31226261	2019 Sep 15	Mouse
31222033	2019 Jun 20	Mouse
31214026	2019	Mouse
31211955	2019 Sep 1	Mouse
31209459	2019 Jul 1	Mouse
31208723	2019 Aug 20	Mouse
31208715	2019 Aug 13	Mouse
31204557	2020 Mar	Mouse
31204523	2019 Dec	Mouse
31201921	2019 Sep 1	Mouse
31201586	2019 Oct	Mouse
31191517	2019	Mouse
31190561	2019 Dec	Mouse
31189572	2019 Jul 15	Mouse
31189030	2019 Sep	Mouse
31186141	2019 Aug 13	Mouse
31182152	2019 Jun 10	Mouse
31176017	2019 Oct	Mouse
31176016	2019 Oct	Mouse
31169312	2019 Dec	Mouse
31164994	2019 Jun	Mouse
31161622	2019 Dec	Mouse
31160553	2019 Jun 3	Mouse
31152077	2019 Jul 15	Mouse
31148341	2019 Aug	Mouse
31136803	2019 Sep	Mouse
31132316	2019 Jul	Mouse
31131874	2019 Sep	Mouse
31130863	2019	Mouse
31119776	2019 Oct	Mouse
31113964	2019 May 21	Mouse
31108241	2019 Aug	Mouse
31107916	2019	Mouse
31107137	2019 Jul	Mouse
31102286	2019 Dec	Mouse
31094031	2019 Jul	Mouse
31092864	2019 May 15	Mouse
31085006	2019 Jul	Mouse
31084709	2019 May 14	Mouse
31075235	2019 Jul 1	Mouse
31068441	2019 May 8	Mouse
31051168	2019 Jul	Mouse
31044181	2019 Apr	Mouse
31042406	2019 Aug	Mouse
31040782	2019	Mouse
31034758	2019 Sep	Mouse
31033977	2019 Jun 25	Mouse
31032948	2019 Nov	Mouse
31025923	2020 Jan-Feb	Mouse
31010247	2019 Apr 19	Mouse
31007149	2020 Feb	Mouse
30983153	2019 Jun	Mouse
30981080	2019 Jul	Mouse
30976283	2019 Feb	Mouse
30973882	2019	Mouse
30972197	2019	Mouse
30972174	2019	Mouse
30968404	2019 Nov	Mouse
30965235	2019 Jun	Mouse
30959278	2019 Jun	Mouse
30954385	2019 Jun	Mouse
30953645	2019 Jul 1	Mouse
30945580	2020 Oct	Mouse
30944259	2019 Apr 4	Mouse
30944169	2019 Apr 3	Mouse
30944034	2019 Apr 3	Mouse
30942801	2019 Apr 1	Mouse
30942447	2019 Jun	Mouse
30940879	2019 Jun	Mouse
30938722	2019 Apr 17	Mouse
30936160	2019 Jun	Mouse
30933975	2019 Apr	Mouse
30932160	2019 Apr 1	Mouse
30931327	2019	Mouse
30927715	2019 Jun	Mouse
30926814	2019 Mar 29	Mouse
30926645	2019 May 1	Mouse
30925135	2019 Jun	Mouse
30923347	2019 May	Mouse
30922122	2019 Nov	Mouse
30919211	2019 Apr	Mouse
30917318	2019 Mar 26	Mouse
30915215	2019 Feb	Mouse
30912140	2019 Aug	Mouse
30906129	2019 May-Jun	Mouse
30903825	2019 Jun	Mouse
30900717	2019 Apr 4	Mouse
30899609	2019 Jan 9	Mouse
30897501	2019 Jun	Mouse
30897138	2019	Mouse
30896805	2019 May	Mouse
30896583	2019 Aug 15	Mouse
30891782	2019 Apr	Mouse
30891766	2019 Apr	Mouse
30886197	2019 Mar 18	Mouse
30873504	2018 Jun	Mouse
30873124	2019	Mouse
30871515	2019 Mar 12	Mouse
30867044	2019 Mar 12	Mouse
30862915	2019 Mar 12	Mouse
30862648	2019 May	Mouse
30862504	2019 Jul	Mouse
30861471	2019 Jun	Mouse
30861394	2019 Jun	Mouse
30857415	2019 Jun	Mouse
30854241	2019	Mouse
30847744	2019 Aug	Mouse
30844228	2019 Mar 27	Mouse
30842121	2019 May	Mouse
30837642	2019 Mar 5	Mouse
30836057	2019 Jul	Mouse
30834523	2019 Aug	Mouse
30828764	2019 Aug	Mouse
30826358	2019 Mar	Mouse
30813547	2019 Feb 26	Mouse
30808624	2019 May	Mouse
30798606	2019 Mar 20	Mouse
30792936	2019	Mouse
30791745	2019 Jan-Dec	Mouse
30791741	2019 Jan-Dec	Mouse
30782019	2019 Sep	Mouse
30776646	2019 Apr	Mouse
30775942	2019 May	Mouse
30773420	2019 Mar 15	Mouse
30771739	2019 Apr	Mouse
30767746	2020	Mouse
30746895	2019 Apr	Mouse
30745310	2019 Apr	Mouse
30740905	2019 Jun	Mouse
30731321	2019 Mar 1	Mouse
30730609	2019 Aug	Mouse
30729704	2019 Apr	Mouse
30729487	2019	Mouse
30729479	2019	Mouse
30729471	2019	Mouse
30728776	2019	Mouse
30728500	2019 Feb	Mouse
30720093	2019 Apr	Mouse
30718510	2019 Feb 4	Mouse
30718470	2019 Jan 18	Mouse
30716535	2019 Jun	Mouse
30707846	2019 Dec	Mouse
30704288	2021 Jul	Mouse
30703868	2019 Feb 28	Mouse
30692016	2019 Mar 6	Mouse
30685700	2019 Apr	Mouse
30685487	2019 May	Mouse
30682804	2019 Jan 24	Mouse
30679644	2019 Jan 24	Mouse
30674985	2019 Jan 23	Mouse
30665716	2019 Feb 26	Mouse
30664999	2019 Mar 25	Mouse
30663676	2019 Jan 7	Mouse
30659184	2019 Jan 18	Mouse
30654932	2019 Feb 19	Mouse
30654118	2019 Apr	Mouse
30652828	2019 Jan 10	Mouse
30649473	2019 Jun 1	Mouse
30644575	2019 Mar	Mouse
30644168	2019 Mar	Mouse
30642012	2019 Jan 11	Mouse
30638309	2019 Jul	Mouse
30635602	2019 Jan 11	Mouse
30635030	2019 Jan 11	Mouse
30629676	2019	Mouse
30629441	2019 Feb 14	Mouse
30628591	2019 Feb 26	Mouse
30623241	2019 Apr	Mouse
30622281	2019 Jan 8	Mouse
30612118	2019 Mar	Mouse
30610922	2019 Apr	Mouse
30610061	2019 Mar	Mouse
30606217	2019 Jan 3	Mouse
30604480	2019 Mar	Mouse
30587175	2018 Dec 26	Mouse
30586667	2019 Feb	Mouse
30584213	2019 Jan 22	Mouse
30582743	2018 Dec 23	Mouse
30572121	2019 Mar	Mouse
30569118	2019 Feb	Mouse
30566959	2018	Mouse
30554495	2019 Jan	Mouse
30550885	2019 Feb 1	Mouse
30550637	2019 Feb	Mouse
30548602	2019 Aug	Mouse
30542413	2018 Dec	Mouse
30542285	2018	Mouse
30523147	2019 Jan 15	Mouse
30522383	2019 Feb	Mouse
30530994	2019 Mar 1	Mouse
30521964	2019 Jan	Mouse
30521117	2018 Dec	Mouse
30506914	2019 May	Mouse
30502449	2019 Mar	Mouse
30513362	2019 Mar	Mouse
30510442	2018	Mouse
30500068	2019 May	Mouse
30496783	2019 Mar 20	Mouse
30496623	2019 Apr	Mouse
30485272	2018	Mouse
30485126	2019 Mar	Mouse
30471420	2019 Jul	Mouse
30471381	2019 Feb	Mouse
30471358	2019 Feb	Mouse
30465058	2019 Jan	Mouse
30448827	2018	Mouse
30443190	2018	Mouse
30429089	2018 Dec	Mouse
30417459	2019 May	Mouse
30408629	2018 Dec	Mouse
30405206	2018 Nov 7	Mouse
30404032	2019 Feb	Mouse
30398288	2018 Nov 6	Mouse
30388100	2018	Mouse
30385786	2018 Nov 1	Mouse
31949599	2018	Mouse
30379418	2019 Apr	Mouse
30366509	2018 Oct	Mouse
30349873	2018 Apr 9	Mouse
30345823	2019 Jul	Mouse
30340603	2018 Oct 19	Mouse
30339839	2019 Jan	Mouse
30327434	2018 Dec 7	Mouse
30324848	2018	Mouse
30311846	2018 Oct	Mouse
30305454	2018 Oct 10	Mouse
30305302	2018 Oct 8	Mouse
30302948	2019 Apr	Mouse
30299441	2018 Nov 14	Mouse
30287858	2018 Oct 4	Mouse
30287418	2019 Jan	Mouse
30282957	2018 Oct 3	Mouse
30278915	2018 Nov	Mouse
30277570	2018 Nov	Mouse
30273917	2018 Dec	Mouse
30272322	2018 Dec	Mouse
30271853	2017 Dec	Mouse
30267404	2018 Dec	Mouse
30264402	2018 Oct	Mouse
30261507	2018	Mouse
30257711	2018 Sep 26	Mouse
30252968	2019 Feb	Mouse
30248505	2019 Jan	Mouse
30247799	2018 Dec	Mouse
30246031	2018	Mouse
30244259	2018 Sep 23	Mouse
30242147	2018 Sep 21	Mouse
30240938	2019 Jan	Mouse
30240153	2018 Dec	Mouse
30237578	2018 Sep 20	Mouse
30237492	2018 Sep 20	Mouse
30235245	2018	Mouse
30232451	2018 Oct	Mouse
30232322	2018 Sep 19	Mouse
30225954	2019 Mar	Mouse
30224931	2018	Mouse
30220231	2019 Nov	Mouse
30218608	2018 Sep 15	Mouse
30218055	2018 Sep 14	Mouse
30210898	2018	Mouse
30209244	2018 Sep 12	Mouse
30205482	2018 Sep 7	Mouse
30204915	2019 Jan 1	Mouse
30201491	2018 Dec	Mouse
30195046	2018 Dec	Mouse
30193893	2019 Apr	Mouse
30185988	2018 Oct	Mouse
30185781	2018 Sep 5	Mouse
30179205	2018 Sep 1	Mouse
30160278	2018 Sep 19	Mouse
30154423	2018 Aug 28	Mouse
30149233	2018 Nov	Mouse
30148052	2018	Mouse
30145831	2018 Dec	Mouse
30145794	2019 Mar	Mouse
30144364	2019 Apr	Mouse
30144298	2019 Feb	Mouse
30144066	2018 Jan	Mouse
30143643	2018 Aug 24	Mouse
30140293	2018	Mouse
30139714	2018 Aug	Mouse
30135182	2018 Oct 1	Mouse
30134310	2018 Nov 1	Mouse
30125727	2018 Nov	Mouse
30125096	2018 Sep 19	Mouse
30121673	2018	Mouse
30119244	2018 Oct	Mouse
30116335	2018 Aug	Mouse
30111653	2018 Sep 20	Mouse
30101191	2018 Aug	Mouse
30099277	2018 Nov	Mouse
30098273	2018 Oct	Mouse
30088034	2018 Oct	Mouse
30086379	2018 Nov	Mouse
30079380	2018	Mouse
30078186	2018 Jan	Mouse
30075737	2018 Aug 3	Mouse
30075312	2018 Oct	Mouse
30074264	2018 Nov	Mouse
30071308	2018 Oct 5	Mouse
30070692	2019 Feb	Mouse
30070297	2018 Aug 15	Mouse
30070147	2019 Feb	Mouse
30061164	2018 Nov	Mouse
30060740	2018 Jul 30	Mouse
30059491	2018 Jul 30	Mouse
30057417	2018 Dec	Mouse
30044894	2018 Nov	Mouse
30044827	2018	Mouse
30043596	2018 Jul 24	Mouse
30042178	2018 Aug 2	Mouse
30031925	2018 Nov	Mouse
30019597	2020 Jul	Mouse
30018076	2018 Aug 31	Mouse
30016600	2019 Jan	Mouse
30015238	2018 Sep	Mouse
30010080	2018 Nov	Mouse
29997113	2018 Oct	Mouse
29992982	2018 Jul 11	Mouse
29991473	2018 Oct	Mouse
29987897	2019 Jan	Mouse
29982662	2018 Oct 1	Mouse
29980577	2018 Nov	Mouse
29974310	2019 Feb	Mouse
29972184	2018 Jul 19	Mouse
29971011	2018	Mouse
29956284	2018	Mouse
29956271	2018	Mouse
29949791	2018	Mouse
29940267	2018 Sep	Mouse
29940143	2018 Sep 5	Mouse
29930022	2018 Nov 20	Mouse
29928576	2018 Jun	Mouse
29925506	2018 Sep	Mouse
29923670	2018 Jul 26	Mouse
29922443	2018 Mar	Mouse
29921656	2018 Jun 19	Mouse
29920476	2018 Jun 19	Mouse
29917178	2018 Jun	Mouse
29915560	2018	Mouse
29908959	2018 Sep	Mouse
29898959	2018 Jul 15	Mouse
29898872	2018 Jun	Mouse
29898378	2018 Sep 1	Mouse
29883943	2018 Sep	Mouse
29879379	2018 Nov	Mouse
29875586	2018 Apr-Jun	Mouse
29874688	2018 Jul	Mouse
29870552	2018	Mouse
29868252	2018	Mouse
29867945	2018	Mouse
29867478	2018	Mouse
29858052	2018 Jun 1	Mouse
29857156	2018 Aug	Mouse
29849491	2018	Mouse
29843768	2018 May 29	Mouse
29843156	2018	Mouse
29808705	2020 Jan	Mouse
29802156	2018 Aug 31	Mouse
29797602	2018 Sep	Mouse
29784003	2018 May 21	Mouse
29781506	2018 Nov	Mouse
29779621	2018 Jul	Mouse
29775231	2018 Sep	Mouse
29774080	2018	Mouse
29768985	2018 Jun	Mouse
29766025	2018 Jun 15	Mouse
29755657	2018 Apr 17	Mouse
29752100	2018 Aug 1	Mouse
29750304	2018 Jul	Mouse
29748647	2018 Jun	Mouse
29747748	2018 Apr 1	Mouse
29747385	2018 May 9	Mouse
29746861	2018 Jun 22	Mouse
29744983	2018 Aug	Mouse
29739985	2018 May 8	Mouse
29720262	2018 May 2	Mouse
29718273	2018 Jun 1	Mouse
29712620	2018 Apr 30	Mouse
29710511	2018 Jul	Mouse
29710506	2018 Jul	Mouse
29702220	2018 Jul	Mouse
29694646	2018	Mouse
29693122	2018 Jun	Mouse
29691435	2018 Apr 24	Mouse
29691281	2018 Jun 8	Mouse
29686224	2018 Apr 23	Mouse
29681797	2018	Mouse
29679904	2018 Jul	Mouse
29678719	2018 Jul 5	Mouse
29678417	2018 Jun 6	Mouse
29669931	2018 Apr 19	Mouse
29667227	2018 Sep	Mouse
29665134	2018 Sep	Mouse
29661110	2018 May-Aug	Mouse
29652075	2018 Apr 13	Mouse
29636687	2018	Mouse
29636082	2018 Apr 10	Mouse
29624738	2018 Sep	Mouse
29622035	2018 Apr 5	Mouse
29618773	2018 Apr 4	Mouse
29618652	2018 Apr 5	Mouse
29608013	2018 Apr 2	Mouse
29604337	2018 Jun	Mouse
29604191	2018 Sep	Mouse
29589441	2018 Apr 26	Mouse
29587623	2018 Jul	Mouse
29575932	2018	Mouse
29575548	2018 Jun	Mouse
29563338	2018 Mar 22	Mouse
29559252	2018 Jun	Mouse
29555825	2018 Jun	Mouse
29554973	2018 Mar 20	Mouse
29550827	2018	Mouse
29549054	2018 Jun	Mouse
29547721	2018 Mar 15	Mouse
29540857	2018 May	Mouse
29540697	2018 Mar 14	Mouse
29535518	2018	Mouse
29534535	2018 Mar 12	Mouse
29524442	2018 Apr 28	Mouse
29514675	2018 Mar 7	Mouse
29513553	2018 Apr	Mouse
29511435	2018	Mouse
29510478	2018 Mar 3	Mouse
29488175	2018 Mar	Mouse
29485196	2018 Jul	Mouse
29484338	2018 Mar 1	Mouse
29476740	2018 Mar 4	Mouse
29474860	2018 May 20	Mouse
29473075	2018 Mar 1	Mouse
29453795	2018 Feb 17	Mouse
29448248	2018	Mouse
29444976	2018 Feb 14	Mouse
29440889	2018	Mouse
29436471	2018 May	Mouse
29434766	2018 Feb	Mouse
29434299	2018 Feb 12	Mouse
29434267	2018 Feb 12	Mouse
29432995	2018 Apr	Mouse
29423330	2018	Mouse
29422077	2018 Feb 8	Mouse
29417902	2018 Apr	Mouse
29415892	2018 Feb 8	Mouse
29413962	2018 May	Mouse
29412694	2018 Mar	Mouse
29402405	2018 Feb 2	Mouse
29391276	2018 Apr	Mouse
29379010	2018 Jan 29	Mouse
29377313	2018 Jun	Mouse
29373806	2018 Mar	Mouse
29373032	2018 Mar 2	Mouse
29366446	2018 Apr	Mouse
29343182	2018 Jul	Mouse
29329496	2018 May	Mouse
29327460	2018 Feb	Mouse
29323710	2018 Aug	Mouse
29323204	2018 Jan 11	Mouse
29323130	2018 Jan 11	Mouse
29319178	2018 Sep	Mouse
29317792	2017	Mouse
29317453	2018 Mar 22	Mouse
29314205	2018 May	Mouse
29313174	2018 Oct	Mouse
29311146	2018 Mar	Mouse
29310791	2018	Mouse
29309831	2018 Apr	Mouse
29308811	2018 Jan 25	Mouse
29305974	2018 Mar 10	Mouse
29301300	2018 Jan 2	Mouse
29299344	2017	Mouse
32309598	2017 Dec 31	Mouse
29286152	2018 Mar	Mouse
29258611	2017 Dec 19	Mouse
29255152	2017 Dec 18	Mouse
29250157	2018 Jan	Mouse
29250145	2017 Dec	Mouse
29247798	2018 Feb 20	Mouse
29247173	2017 Dec 15	Mouse
29247144	2018 Jan 17	Mouse
29245931	2017 Nov 21	Mouse
29233086	2017 Dec 12	Mouse
29230102	2017	Mouse
29228600	2017 Nov 14	Mouse
29219023	2018 Jan	Mouse
29215722	2018 Jul	Mouse
29208566	2018 Jan	Mouse
29196708	2017 Dec 1	Mouse
29196459	2018 Jan 15	Mouse
29192123	2018 Feb	Mouse
29191088	2018 Apr	Mouse
29183039	2017	Mouse
29176667	2017 Nov 24	Mouse
29168867	2018 Jan 24	Mouse
29161460	2018 Feb	Mouse
29157984	2018 Jan 5	Mouse
29155252	2018 Apr	Mouse
29145712	2018 Mar	Mouse
29145453	2017	Mouse
29133260	2018 Jan 1	Mouse
29126427	2017 Nov 10	Mouse
29111592	2018 Mar	Mouse
29103324	2018 Dec	Mouse
29100502	2017 Nov 3	Mouse
29097208	2018 Jan 1	Mouse
29094382	2018 Feb	Mouse
29088666	2017 Oct	Mouse
31966426	2017	Mouse
29074299	2018 Jan	Mouse
29074298	2018 Jan	Mouse
29073363	2018 Mar	Mouse
29072283	2017 Oct 24	Mouse
29070587	2018 Feb	Mouse
29068480	2018 May	Mouse
29061494	2018 Jan	Mouse
29058776	2018 Feb	Mouse
29057471	2018 Sep	Mouse
29055957	2017	Mouse
29049670	2018 Jan 1	Mouse
29040066	2017 Nov 27	Mouse
29039501	2017 Dec	Mouse
29039445	2017 Dec	Mouse
29035380	2018 Jan	Mouse
29033951	2017	Mouse
29030641	2017 Oct 13	Mouse
29028430	2017 Oct	Mouse
29026147	2017 Oct 12	Mouse
29024567	2018 Feb	Mouse
28992367	2018 Jan	Mouse
28981117	2017 Oct 5	Mouse
28977876	2017 Sep 22	Mouse
28969686	2017 Sep 29	Mouse
28963813	2017 Dec	Mouse
28955486	2017	Mouse
28949389	2017 Nov	Mouse
28944864	2017 Nov	Mouse
28943207	2017 Nov 25	Mouse
28942223	2017 Nov	Mouse
28941045	2017 Dec	Mouse
28933476	2017 Nov 15	Mouse
28928664	2017	Mouse
28919430	2017 Dec	Mouse
28919376	2017 Dec 6	Mouse
28898438	2018 Feb	Mouse
28893232	2017 Sep 11	Mouse
28886316	2017 Aug 30	Mouse
28884332	2017 Dec	Mouse
28882752	2017 Dec	Mouse
28877431	2017 Oct 24	Mouse
28849222	2017 Oct	Mouse
28844955	2017 Dec	Mouse
28844566	2018 Jan	Mouse
28835277	2017 Aug 23	Mouse
28829242	2017 Sep	Mouse
28813497	2017	Mouse
28811491	2017 Aug 15	Mouse
28807034	2017 Aug 14	Mouse
28803211	2017 Oct	Mouse
28802150	2017 Oct	Mouse
28801209	2017 Nov	Mouse
28782172	2018 Jan	Mouse
28778596	2017 Oct	Mouse
28769981	2017	Mouse
28767178	2018 Mar	Mouse
28765925	2017 Sep	Mouse
28765635	2017 Aug 1	Mouse
28765519	2017 Aug 2	Mouse
28764769	2017 Aug 2	Mouse
28760350	2017 Nov	Mouse
28759313	2017 Dec	Mouse
28757192	2017 Oct 15	Mouse
28751919	2017	Mouse
28736799	2017 Aug	Mouse
28735352	2017 Nov	Mouse
28735299	2017 Oct	Mouse
28735021	2017 Nov	Mouse
28732855	2017 Oct 1	Mouse
28729639	2017 Jul 21	Mouse
28716756	2017 Nov	Mouse
28715494	2017	Mouse
28705238	2017 Jul 14	Mouse
28695367	2017 Oct	Mouse
28694081	2017 Oct	Mouse
28688538	2017 Jul 26	Mouse
28684418	2017 Sep 1	Mouse
28684192	2017 Oct	Mouse
28684076	2017 Aug	Mouse
28678406	2017 Oct	Mouse
28677757	2017 Sep	Mouse
28677145	2017 Nov	Mouse
28676845	2017	Mouse
28674255	2017	Mouse
28671685	2017 Aug	Mouse
28670109	2017	Mouse
28669597	2017 Jul	Mouse
28668542	2017 Oct	Mouse
28666466	2017 Jun 30	Mouse
28666239	2017 Sep	Mouse
28659793	2017	Mouse
28648299	2017 Jun	Mouse
28647370	2017 Aug 26	Mouse
28646530	2018 Jan	Mouse
28643904	2017 Jun	Mouse
28643466	2017 Dec	Mouse
28638676	2017	Mouse
28627522	2017 Jun 19	Mouse
28622746	2017 Jul	Mouse
28620193	2017 Jun 15	Mouse
28614801	2017 Jun 15	Mouse
28611369	2017 Jun 13	Mouse
28593930	2017 Nov 27	Mouse
28583899	2017 Sep	Mouse
28579418	2017 Sep	Mouse
28548102	2017 May 26	Mouse
28545881	2017 Sep	Mouse
28545594	2017 May 25	Mouse
28544596	2017 Sep	Mouse
28544542	2017 Sep	Mouse
28542404	2017	Mouse
28539595	2017 May 24	Mouse
28535500	2017	Mouse
28532603	2017 Sep	Mouse
28520086	2018 Jan	Mouse
28514714	2017 Jul	Mouse
28513981	2018 Jan	Mouse
28500074	2017 Jun 15	Mouse
28495577	2017 Jul 28	Mouse
28492224	2017 May 11	Mouse
28482921	2017 May 8	Mouse
28471533	2017 Dec	Mouse
28464560	2017 Aug	Mouse
28457885	2017 May 9	Mouse
28437887	2017 Jun	Mouse
28437129	2017 Jun 2	Mouse
28436958	2017 Jun	Mouse
28435151	2017 Jun	Mouse
28427172	2017 May 2	Mouse
28426699	2017	Mouse
28420447	2017 Apr 18	Mouse
28419987	2017	Mouse
28410428	2017	Mouse
28409895	2017 Jul	Mouse
28409828	2017 Oct	Mouse
28407495	2017 Jul	Mouse
28406954	2017	Mouse
28405000	2017 Jun	Mouse
28389425	2017 Jul	Mouse
28384173	2017	Mouse
28383548	2017 Apr 6	Mouse
28380690	2017 Jul	Mouse
28374574	2017 Sep	Mouse
28366649	2017 Jun 15	Mouse
28358372	2017 Mar 30	Mouse
28349987	2017 Mar 28	Mouse
28348422	2017 Feb 14	Mouse
28345597	2017 Mar 27	Mouse
28334504	2017 Jul	Mouse
28334010	2017	Mouse
28332497	2017 Mar 23	Mouse
28323137	2017 Jul	Mouse
28317846	2017 Mar 20	Mouse
28314754	2017 Jul	Mouse
28303909	2017 Mar 17	Mouse
28301858	2017 Apr	Mouse
28279188	2017 Mar 9	Mouse
28259960	2017 Apr	Mouse
28254683	2017 May	Mouse
28252046	2017 Mar 2	Mouse
28252005	2017 Mar 2	Mouse
28250578	2017	Mouse
28242648	2017 Apr 1	Mouse
28239846	2017 May	Mouse
28225087	2017 Feb 22	Mouse
28220902	2017 Feb 21	Mouse
28214840	2017	Mouse
28213268	2017 Apr	Mouse
28202914	2017 Mar	Mouse
28194447	2017 Feb 9	Mouse
28189827	2017 Jun	Mouse
28185846	2017 Jul	Mouse
28181577	2017 Feb 9	Mouse
28168658	2017 Jun	Mouse
28165497	2017 Feb 6	Mouse
28164729	2017 Dec	Mouse
28141918	2017 Jun	Mouse
28139355	2017 Mar 1	Mouse
28128866	2017 May	Mouse
28122611	2017 Jan 25	Mouse
28120109	2017 May	Mouse
28109308	2017 Jan 21	Mouse
28108560	2017 Mar 1	Mouse
28106517	2017 Mar	Mouse
28104539	2017 May	Mouse
28097228	2017 Jan 12	Mouse
28086000	2017 Jun	Mouse
28071693	2017 Jan 10	Mouse
28070636	2017 Apr	Mouse
28070626	2017 Apr	Mouse
28064223	2017 Jan 2	Mouse
28063227	2017 Dec	Mouse
28063212	2017 Nov	Mouse
28043938	2017 Jun	Mouse
28030474	2017 May	Mouse
28005443	2017 May-Jul	Mouse
27965322	2017 Mar	Mouse
27965260	2017 May	Mouse
27941690	2016 Dec 9	Mouse
27941314	2016	Mouse
27935109	2017 Sep	Mouse
27932245	2017 Jan 22	Mouse
27926509	2017 Jan 10	Mouse
27918314	2017 Mar	Mouse
27916560	2017 May	Mouse
27911782	2016 Dec 13	Mouse
27903449	2017 Apr	Mouse
27902701	2016 Nov	Mouse
27882938	2016 Nov 24	Mouse
27878995	2017 Sep	Mouse
27863298	2017 Jan	Mouse
27856294	2017 Jun	Mouse
27855162	2016 Nov	Mouse
27853940	2017 Nov	Mouse
27851983	2017 Feb	Mouse
27845876	2017 Apr 1	Mouse
27840128	2017 May	Mouse
27836674	2017 Apr	Mouse
27830706	2016 Nov 10	Mouse
27829535	2017 Feb	Mouse
27816790	2017 Jan	Mouse
27746376	2017 Mar	Mouse
27808352	2017 Jul	Mouse
27805288	2017 Sep	Mouse
27789465	2017 Apr	Mouse
27792866	2017 Mar	Mouse
27640147	2016 Nov	Mouse
27784871	2016	Mouse
27693501	2017 Feb	Mouse
27780308	2017 Mar	Mouse
27778194	2017 Jan	Mouse
27688095	2016 Oct	Mouse
27720885	2017 Mar	Mouse
27663233	2017 Jan	Mouse
27769098	2017 Aug	Mouse
27768832	2017 Mar	Mouse
27766035	2016	Mouse
27766031	2016	Mouse
27368432	2016 Oct	Mouse
27758860	2016 Nov 11	Mouse
27752896	2016 Oct	Mouse
27737897	2017 Jan	Mouse
27732085	2016 Dec	Mouse
27729913	2016	Mouse
27727159	2016 Oct 11	Mouse
27716396	2016 Oct 4	Mouse
27716333	2016 Oct 3	Mouse
27696748	2018 Jan	Mouse
27689003	2016 Oct	Mouse
27688845	2016 Oct	Mouse
27688842	2016 Oct	Mouse
27682878	2016 Nov 8	Mouse
27666725	2017 Feb	Mouse
27664978	2017 Mar	Mouse
27664939	2017 Aug	Mouse
27654963	2017 Mar	Mouse
27646532	2017 May	Mouse
27640363	2016 Sep 19	Mouse
27635406	2016	Mouse
27627706	2016 Dec	Mouse
27624384	2017 Sep	Mouse
27621213	2017 Mar	Mouse
27611831	2016	Mouse
27601064	2016 Oct	Mouse
27601010	2017 Aug	Mouse
27591401	2017 Mar	Mouse
27587077	2017 Jan	Mouse
27584727	2016	Mouse
27579819	2016	Mouse
27574462	2016	Mouse
27568574	2017 Jan	Mouse
27567942	2017 Apr	Mouse
27567476	2016 Aug	Mouse
27564840	2017 Feb	Mouse
27563877	2016 Aug 23	Mouse
27550416	2016 Aug 23	Mouse
27549172	2016 Oct 1	Mouse
27548066	2016	Mouse
27543413	2016 Nov	Mouse
27541035	2016 Oct	Mouse
27539752	2016 Aug 19	Mouse
27516624	2017 Jun 1	Mouse
27515912	2016 Aug 11	Mouse
27515513	2016 Oct	Mouse
27514996	2017 Jan	Mouse
27509914	2016 Oct	Mouse
27505251	2016	Mouse
27500994	2017 Mar	Mouse
27499126	2016 Aug	Mouse
27483347	2016 Oct 1	Mouse
27480933	2017 Mar	Mouse
27477830	2017 Mar	Mouse
27473558	2016 Dec	Mouse
27463229	2017 May	Mouse
27459679	2016 Aug 24	Mouse
27457421	2016 Jul 26	Mouse
27447821	2016 Oct	Mouse
27427985	2016 Aug 1	Mouse
27415616	2016	Mouse
27416075	2017 May	Mouse
27412524	2016 Jul 13	Mouse
27391970	2016	Mouse
27390029	2016 Dec	Mouse
27388701	2016 Jul 8	Mouse
27388238	2016 Sep	Mouse
27377816	2017 Feb	Mouse
27367673	2016 Jun 28	Mouse
27365987	2016 Jul-Sep	Mouse
27356303	2016 Oct 10	Mouse
27346544	2016 Jun 27	Mouse
27322244	2016 Jun 16	Mouse
27315306	2016 Aug	Mouse
27280771	2016	Mouse
27275015	2016 May 19	Mouse
27271273	2018 May	Mouse
27270603	2016	Mouse
27260322	2016 Jun 3	Mouse
27256712	2016 Jul	Mouse
27245323	2016 May 31	Mouse
27238423	2017 Apr	Mouse
27236646	2016 Sep	Mouse
27236261	2017 Jan	Mouse
27234527	2016 Oct	Mouse
27214709	2016 May 16	Mouse
27211864	2016 Oct	Mouse
27211863	2016 Oct	Mouse
27194025	2016 May 18	Mouse
27183574	2016 Jun 15	Mouse
27183538	2016 Oct	Mouse
27165180	2017 Jan	Mouse
27163789	2016	Mouse
27159257	2016 Aug	Mouse
27159076	2016 Oct	Mouse
27153222	2017 Feb	Mouse
27147711	2017 Jan	Mouse
27147707	2017 Feb	Mouse
27147295	2017 Jun	Mouse
27129293	2016 Jun	Mouse
27123995	2016	Mouse
27122313	2016 May 10	Mouse
27118398	2016 Sep	Mouse
27118120	2016 Jul	Mouse
27104565	2016 Apr 20	Mouse
27099487	2016	Mouse
27088242	2017 Mar	Mouse
27087498	2016 Apr 18	Mouse
27086115	2016 Jun 14	Mouse
27077804	2016 Apr 14	Mouse
27075702	2016 Jul	Mouse
27070563	2016 Apr 8	Mouse
27066786	2016 Oct	Mouse
27041213	2016 Apr 4	Mouse
27041063	2016 Apr 4	Mouse
27040636	2016	Mouse
27036883	2016 Mar 31	Mouse
27031945	2017 Mar	Mouse
27031305	2016 Jul	Mouse
27030100	2016 Mar 31	Mouse
27018594	2016 May 2	Mouse
27009967	2016 Mar 24	Mouse
26994554	2016 Nov	Mouse
26991527	2016 Sep	Mouse
26983696	2016 Mar 17	Mouse
26963384	2016	Mouse
26945456	2016 May	Mouse
26944403	2016 Mar 5	Mouse
26932821	2016 Mar 1	Mouse
26910618	2016 Jun	Mouse
30258877	2016 Mar	Mouse
26903440	2016 Nov	Mouse
26903297	2016 Mar 25	Mouse
26903200	2016 Jul	Mouse
26901593	2016 Oct	Mouse
26901193	2016 Feb 18	Mouse
26896926	2016 Apr	Mouse
26896841	2016 Nov	Mouse
26890138	2016 Feb 18	Mouse
26866626	2016 Aug	Mouse
26860366	2016 Feb 10	Mouse
26853752	2016 Jul	Mouse
26853108	2016 Feb 8	Mouse
26852666	2016 May	Mouse
26851274	2016 Nov	Mouse
26838881	2016 Apr 1	Mouse
26837060	2016 Jul	Mouse
26830207	2016 Mar	Mouse
26826014	2016 Oct	Mouse
26815610	2016	Mouse
26815411	2016 Jul	Mouse
26806292	2016 Mar	Mouse
26797130	2016 Mar 25	Mouse
26794862	2016 Feb	Mouse
26794830	2016 Jan 21	Mouse
26794603	2016 Mar 4	Mouse
26784366	2016 Mar 4	Mouse
26783110	2016 Dec	Mouse
26774733	2016 May	Mouse
26746673	2016 Jan 8	Mouse
26746150	2016 Jun	Mouse
26746148	2016 Jun	Mouse
26741062	2016 Mar	Mouse
26728350	2016 Jan 5	Mouse
26722492	2015	Mouse
26721735	2016 Mar	Mouse
26714479	2015 Dec 18	Mouse
26713680	2016 Mar	Mouse
26713606	2016 Jun	Mouse
26712566	2016 Feb 17	Mouse
26707987	2016 Jan	Mouse
26703223	2015 Dec 25	Mouse
26698846	2016 Nov	Mouse
26697956	2016 Jul	Mouse
26687826	2016 May	Mouse
26687825	2016 May	Mouse
26687824	2016 May	Mouse
26687115	2016 May	Mouse
26686833	2016 Jul	Mouse
26683663	2016 Feb	Mouse
26674424	2015 Dec 18	Mouse
26673737	2015 Jun	Mouse
26663140	2016 May	Mouse
26657859	2016 Jan	Mouse
26655743	2016 Jan	Mouse
26642431	2015 Dec 4	Mouse
26639398	2015 Dec 7	Mouse
26636652	2016 Apr	Mouse
26634249	2015 Dec 4	Mouse
26625129	2016 Feb	Mouse
26617711	2015	Mouse
26608362	2016 Feb	Mouse
26605758	2016 Apr	Mouse
26605536	2016 Apr	Mouse
26604215	2016 Mar	Mouse
26596790	2016 Apr	Mouse
26585241	2016 Apr	Mouse
26584570	2015 Nov 20	Mouse
26578310	2015 Nov 17	Mouse
26573409	2016 Jan	Mouse
26563344	2015 Nov 13	Mouse
26562438	2015	Mouse
26560184	2016 Jan	Mouse
26550169	2015	Mouse
26546411	2015 Nov 7	Mouse
26531672	2015 Nov 4	Mouse
26530111	2015 Nov 4	Mouse
26525853	2015 Nov 27	Mouse
26522700	2016 Apr	Mouse
26521748	2015 Nov	Mouse
26521744	2015 Nov	Mouse
26521733	2015 Nov	Mouse
26507256	2016 Mar	Mouse
26499313	2015 Dec	Mouse
26496825	2015 Dec	Mouse
26493329	2016 Mar	Mouse
26492575	2015	Mouse
26473405	2016 Feb	Mouse
26470720	2016 Sep	Mouse
26458773	2015 Oct 13	Mouse
26438631	2016 Feb	Mouse
26438374	2016 Mar	Mouse
26424839	2016 Mar	Mouse
26424216	2015 Dec	Mouse
26410555	2016 Feb	Mouse
26408027	2015 Sep 26	Mouse
26406452	2015 Dec	Mouse
26405834	2016 Apr	Mouse
26403062	2016 Mar	Mouse
26400621	2016 Jan	Mouse
26377571	2015 Nov	Mouse
26362410	2016 Feb	Mouse
26362183	2015 Oct 23	Mouse
26361381	2016 Jan	Mouse
26360647	2016 Jan	Mouse
26355014	2015 Nov	Mouse
26350038	2015 Nov	Mouse
26340084	2016 Mar	Mouse
26315393	2016 Jan	Mouse
26290588	2016 Jun	Mouse
26285672	2016 Jun	Mouse
26279273	2015 Aug 17	Mouse
26272361	2015 Oct	Mouse
26271607	2015 Aug 14	Mouse
26257191	2015 Nov	Mouse
26256767	2016 Jan	Mouse
26256766	2016 Jan	Mouse
26253096	2016 Jul	Mouse
26245691	2015 Nov	Mouse
26245312	2015 Nov	Mouse
26241779	2016 Jan	Mouse
26224539	2015 Dec	Mouse
26216049	2015 Sep	Mouse
26213210	2015 Nov	Mouse
26209889	2015 Dec	Mouse
26208633	2015 Sep 1	Mouse
26198357	2015 Jul 21	Mouse
26198356	2015 Jul 21	Mouse
26182366	2015 Apr 25	Mouse
26171147	2015 Jul	Mouse
26170306	2015 Jul 28	Mouse
26152200	2015 Oct 1	Mouse
26151638	2015	Mouse
26141762	2015 Jul 15	Mouse
26138248	2015 Aug	Mouse
26133911	2015 Sep	Mouse
26120841	2015	Mouse
26109786	2015 Jun	Mouse
26108578	2015 Jun 25	Mouse
26103880	2015 Oct	Mouse
26097038	2015 Oct	Mouse
26092928	2015 Oct	Mouse
26067584	2015 Oct	Mouse
26045176	2015 Oct	Mouse
26025096	2015 May 30	Mouse
26018435	2015 Sep	Mouse
26016689	2015 Dec	Mouse
26015264	2015 Dec	Mouse
26010756	2015	Mouse
26000299	2015	Mouse
25989359	2015 Oct	Mouse
25985971	2016 May	Mouse
25977571	2015 May	Mouse
25976248	2015 Jul	Mouse
25971876	2015 Jun	Mouse
25969431	2015 Dec	Mouse
25964075	2015 May 12	Mouse
25953896	2015 Jun 26	Mouse
25945040	2015	Mouse
25940958	2015 May	Mouse
25940877	2015 Sep	Mouse
25939531	2015 Sep	Mouse
25937028	2015 Sep	Mouse
25937027	2015 Sep	Mouse
25917196	2015 May	Mouse
25909759	2015 Jun	Mouse
25903444	2015 Nov	Mouse
25891852	2015 May	Mouse
25889639	2015 May 8	Mouse
25888819	2015 Feb 16	Mouse
25887369	2015 Sep	Mouse
25876463	2015 Jun	Mouse
25865393	2015 Aug	Mouse
25845347	2015 Jun	Mouse
25837919	2015 Mar	Mouse
25828538	2015 Nov	Mouse
25824140	2015 May	Mouse
25817731	2015 May 8	Mouse
25817332	2015 Jun 1	Mouse
25800415	2015 Aug	Mouse
25799352	2016 Nov	Mouse
25797646	2015 May	Mouse
25780732	2015 Feb 1	Mouse
25764208	2015	Mouse
25749876	2015 Jun	Mouse
25749104	2015	Mouse
25748082	2015 Jul	Mouse
25737402	2015 Jul	Mouse
25736064	2015 May	Mouse
25733872	2015 Mar 10	Mouse
25732515	2015 Jul	Mouse
25728278	2015 Apr 13	Mouse
25712012	2017 Apr	Mouse
25708836	2015 Jun	Mouse
25708245	2015 Jun	Mouse
25707934	2015 Jul	Mouse
25697137	2015 May	Mouse
25693634	2015 Jun	Mouse
25680653	2015 Jun	Mouse
25680539	2015 May	Mouse
25659934	2015 Apr 2	Mouse
25659654	2015 Jun	Mouse
25656376	2015 Feb 6	Mouse
25655679	2015 Jun	Mouse
25655021	2015 Sep	Mouse
25631385	2015 Jan 29	Mouse
25629889	2015 Mar 18	Mouse
25628784	2014	Mouse
25617057	2015 Jan 24	Mouse
25604429	2015 May	Mouse
25600960	2015 Apr	Mouse
25600705	2015 Jan 20	Mouse
25596416	2015 Mar 1	Mouse
25593283	2015 Mar 15	Mouse
25592835	2015 Feb 13	Mouse
25589512	2015 Mar	Mouse
25585625	2015 Jul	Mouse
25573665	2015 Mar	Mouse
25565665	2015 Jul	Mouse
25559623	2015	Mouse
26980374	2016 Mar 15	Mouse
26980243	2016 Mar 15	Mouse
26975998	2016 Mar 14	Mouse
25550340	2016 Mar	Mouse
25549200	2015 Mar	Mouse
25545425	2015 Apr	Mouse
25541297	2015 Apr	Mouse
25529198	2015 Mar	Mouse
25521919	2015 Mar	Mouse
25519508	2015 May 1	Mouse
25518303	2014 Aug	Mouse
25517798	2015 Apr	Mouse
25516005	2014 Dec 17	Mouse
25498590	2015 Mar	Mouse
25491303	2014 Dec 10	Mouse
25475114	2016 Feb	Mouse
25469820	2015 Mar	Mouse
25453723	2015 Feb	Mouse
25450854	2015 Feb	Mouse
25435386	2015 Jan 2	Mouse
25415768	2014 Dec 23	Mouse
25415394	2015 Aug	Mouse
25412149	2015 Mar	Mouse
25410618	2015 Mar	Mouse
25410057	2015 Feb	Mouse
25403236	2014 Nov 17	Mouse
25385707	2015 Feb	Mouse
25385580	2014 Nov 25	Mouse
25378349	2016 Jan	Mouse
25374446	2014	Mouse
25371442	2016 Jan	Mouse
25368604	2014	Mouse
25366485	2014	Mouse
25341039	2014 Oct 23	Mouse
25340802	2014 Oct 23	Mouse
25332857	2014	Mouse
25331977	2015 Feb	Mouse
25331953	2014 Dec 12	Mouse
25331050	2015	Mouse
25331049	2015	Mouse
25330932	2015 Feb	Mouse
25330343	2014 Nov 26	Mouse
25328086	2015 Feb	Mouse
25321476	2014 Oct 16	Mouse
25311550	2015 Jan 25	Mouse
25299541	2015 Aug	Mouse
25287160	2014 Dec 1	Mouse
25278057	2014 Oct	Mouse
25278053	2014 Oct	Mouse
25257317	2015 Jan	Mouse
25247198	2014	Mouse
25242079	2014	Mouse
25238962	2014 Nov 15	Mouse
25236536	2014 Dec	Mouse
25219368	2015 Jan	Mouse
25200274	2014 Dec	Mouse
25198230	2014 Sep	Mouse
25196583	2014 Dec	Mouse
25196420	2014 Dec	Mouse
25191747	2014	Mouse
25188282	2014	Mouse
25180294	2016 Jan	Mouse
25179389	2014 Oct	Mouse
25176127	2014 Oct 23	Mouse
25176059	2014 Dec	Mouse
25169730	2015 Dec	Mouse
25158232	2014 Aug 25	Mouse
25135253	2015 Dec	Mouse
25135252	2014 Nov	Mouse
25128628	2014 Nov	Mouse
25125695	2015 Dec	Mouse
25118941	2014 Oct	Mouse
25115332	2014 Aug 12	Mouse
25100783	2014 Aug 6	Mouse
25096601	2015 Jan	Mouse
25091889	2014 Jul	Mouse
25086402	2014 Nov	Mouse
25080367	2014 Nov	Mouse
25078097	2014 Dec	Mouse
25078095	2015 Feb	Mouse
25064117	2014	Mouse
25047750	2014 Nov	Mouse
25047145	2014 Nov	Mouse
25046534	2014 Nov	Mouse
25015373	2015 Nov	Mouse
25008209	2014 Sep	Mouse
24999110	2014 Aug	Mouse
24998927	2014 Apr 23	Mouse
24987156	2014 Dec	Mouse
24984954	2014 Jul 1	Mouse
24981112	2014	Mouse
24966254	2014 Jul	Mouse
24966136	2014 Oct	Mouse
24964749	2014 Oct	Mouse
24957638	2015 Feb	Mouse
24943990	2014 Oct	Mouse
24936585	2015 Oct	Mouse
24935926	2014 Jul 15	Mouse
24933511	2014 Aug	Mouse
24928920	2014	Mouse
24928913	2014	Mouse
24928317	2014 Aug	Mouse
24926875	2014	Mouse
24912814	2014 Aug	Mouse
24907345	2014 Jul 1	Mouse
24905701	2014 Aug	Mouse
24895296	2014 Sep	Mouse
24892719	2014 Sep	Mouse
24881106	2014	Mouse
24875054	2014	Mouse
24867294	2014 Aug	Mouse
24859058	2014 Aug	Mouse
24852699	2014 Jul	Mouse
24848439	2014 Sep	Mouse
24838610	2014 Sep	Mouse
24834922	2014 Jul	Mouse
24830649	2014 Jul-Aug	Mouse
24822272	2014 Apr	Mouse
24819400	2014 Sep	Mouse
24813051	2014 Sep	Mouse
24811827	2014 Aug	Mouse
24795271	2014 Jul	Mouse
24792211	2014 Oct	Mouse
24786088	2014 Apr 28	Mouse
24769231	2014 Jul	Mouse
24767864	2014 Aug	Mouse
24760110	2014 Aug	Mouse
24757139	2014 Apr	Mouse
24757033	2014 Aug	Mouse
24747174	2014 Jun	Mouse
24747173	2014 Jun	Mouse
24741569	2014	Mouse
24737908	2014 May	Mouse
24727161	2014 Jul	Mouse
24714625	2014 Nov	Mouse
24713355	2015 Aug	Mouse
24712867	2014 Sep	Mouse
24704496	2014 Jun	Mouse
24703622	2014 Jul	Mouse
24692243	2014 Aug	Mouse
24687997	2014 Oct	Mouse
24678741	2014 Mar 29	Mouse
24670222	2014 Mar 27	Mouse
24658359	2014	Mouse
24651621	2015 Jul	Mouse
24641944	2015 Jul	Mouse
24641725	2014 Mar 19	Mouse
24638128	2014 Feb 25	Mouse
24636482	2015 Jan	Mouse
24630964	2014 May 25	Mouse
24626785	2014 May	Mouse
24623711	2014 Jul	Mouse
24623505	2014 Nov	Mouse
24620998	2014 Mar 13	Mouse
24588081	2014 Jul	Mouse
24582795	2014 Apr 2	Mouse
24579704	2014 Jul 7	Mouse
24578214	2014 Jul	Mouse
24577103	2014 Apr 4	Mouse
24574226	2014 Mar	Mouse
24574225	2014 Mar	Mouse
24574224	2014 Mar	Mouse
24572376	2014 Feb 27	Mouse
24566851	2014 May	Mouse
24558358	2014	Mouse
24556692	2014 Feb 20	Mouse
24550287	2014 Feb 18	Mouse
24529376	2014 Feb 13	Mouse
24502636	2014 Feb	Mouse
24497499	2014 May	Mouse
24490617	2014 Feb 4	Mouse
24486342	2014 Apr	Mouse
24482165	2014	Mouse
24479481	2014 Jan 31	Mouse
24479426	2014 Jan 31	Mouse
24473905	2014 Aug	Mouse
24470419	2014 Mar 6	Mouse
24470303	2014 May	Mouse
24470226	2014 May	Mouse
24466161	2014	Mouse
24463008	2014 May	Mouse
24457103	2014 Mar	Mouse
24453178	2014 Mar	Mouse
24449579	2014 Jan	Mouse
24449269	2014 Jan 15	Mouse
24448347	2015 Jun	Mouse
24438745	2014 Jan 20	Mouse
24428864	2014 Jan 15	Mouse
24418675	2014 Mar	Mouse
24418674	2014 Mar	Mouse
24401101	2014 May	Mouse
24392129	2014	Mouse
24386478	2013	Mouse
26155113	2014	Mouse
26120493	2014	Mouse
26069685	2014 Jan	Mouse
24373735	2014 Jan 15	Mouse
24365198	2014 Jan	Mouse
24353248	2014	Mouse
24347567	2015 Mar	Mouse
24344131	2014 Jan 31	Mouse
24339176	2014 Feb	Mouse
24333297	2014 Feb	Mouse
24323070	2014 Jan	Mouse
24321436	2014 Jan	Mouse
24316289	2014 Feb	Mouse
24312420	2013	Mouse
24309371	2014 Feb	Mouse
24297380	2015 Feb	Mouse
24296676	2014 Jan	Mouse
24289792	2013 Oct 9	Mouse
24286458	2013 Nov 4	Mouse
24280247	2014 Feb	Mouse
24269635	2014 Jan	Mouse
24257023	2015 Jan	Mouse
24248346	2013 Dec 3	Mouse
24241034	2014 Mar	Mouse
24199619	2013 Nov 7	Mouse
24194321	2014	Mouse
24185109	2014 Jan	Mouse
24185105	2014 Jan	Mouse
24184155	2014 Feb	Mouse
24180431	2013 Nov 1	Mouse
24167068	2014 Feb	Mouse
24166243	2013 Dec	Mouse
24161707	2013 Dec	Mouse
24161698	2014 Jan	Mouse
24135912	2014 May	Mouse
24120491	2013 Dec	Mouse
24111862	2013 Oct	Mouse
24108661	2014 Jan	Mouse
24108368	2013 Oct 8	Mouse
24098149	2013	Mouse
24096178	2013 Dec	Mouse
24095939	2015 Jan	Mouse
24091160	2013 Dec	Mouse
24086840	2013 Aug	Mouse
24056368	2013 Nov 8	Mouse
24044578	2014 Feb	Mouse
24041966	2013 Dec	Mouse
24022823	2013 Dec	Mouse
24019199	2014 Jan	Mouse
24018042	2013 Dec	Mouse
24016310	2013 Oct	Mouse
24007463	2013 Sep 5	Mouse
24002865	2013 Nov 6	Mouse
23984453	2013 Aug	Mouse
23983046	2013 Dec	Mouse
23982761	2013 Dec	Mouse
23973525	2013 Oct 1	Mouse
23973150	2013 Sep	Mouse
23963448	2013 Oct 4	Mouse
23958822	2013 Nov	Mouse
23954701	2013 Nov	Mouse
23954517	2013 Nov	Mouse
23951406	2013 Aug 15	Mouse
23951098	2013	Mouse
23939426	2013 Aug 9	Mouse
23928557	2014 Aug	Mouse
23918694	2013 Nov	Mouse
23912900	2014 Mar	Mouse
23903061	2013	Mouse
23896777	2013 Sep	Mouse
23895679	2014	Mouse
23883619	2013 Jul 25	Mouse
23861563	2013	Mouse
23852692	2014 Sep	Mouse
23843355	2013 Oct	Mouse
23839930	2013 Oct	Mouse
23817999	2013 Oct	Mouse
23791756	2013 Oct	Mouse
23782924	2013 Jun 19	Mouse
23778340	2013 Apr	Mouse
23777533	2013 Jul	Mouse
23773816	2013 Sep	Mouse
23762114	2013	Mouse
23756208	2013 Oct	Mouse
23755017	2013	Mouse
23750475	2013 Jun	Mouse
23744481	2013 Dec	Mouse
23744273	2013 Sep	Mouse
23740825	2013 Sep	Mouse
23723318	2014 Jul	Mouse
23715552	2013 Jun	Mouse
23705804	2013	Mouse
23688035	2013 May 20	Mouse
23685840	2013 Jun	Mouse
23666827	2013 Aug	Mouse
23658491	2013	Mouse
23625977	2014 May	Mouse
23624390	2013 Aug	Mouse
23623324	2013 Jul	Mouse
23606170	2013 Jul	Mouse
23595953	2013 Dec	Mouse
23593289	2013	Mouse
23590340	2013 Jun	Mouse
23587642	2013 Dec	Mouse
23585475	2013 May	Mouse
23575963	2013 Jul	Mouse
23567033	2013 Jun 21	Mouse
23552998	2013 Jul	Mouse
24937860	2013 Apr	Mouse
23534442	2013 Apr 25	Mouse
23530215	2013 Apr 9	Mouse
23530037	2013 May 10	Mouse
23518238	2013 Sep	Mouse
23511227	2014 Jan	Mouse
23505234	2014 Jan	Mouse
23497529	2013 Mar 9	Mouse
23486780	2013 Mar 13	Mouse
23468973	2013	Mouse
23467034	2013 May	Mouse
23436303	2013 Jun	Mouse
23436205	2013 Jun	Mouse
23417988	2013 Nov	Mouse
23414097	2013 Mar	Mouse
23391443	2013 Apr 28	Mouse
23389752	2013 Feb 7	Mouse
23382930	2013	Mouse
23375622	2013 Apr	Mouse
23374428	2013 Apr	Mouse
23371349	2013 May	Mouse
23356643	2013 Jan 29	Mouse
23339896	2013 Apr 24	Mouse
23339021	2013 Sep	Mouse
23319657	2013 Jan 29	Mouse
23313477	2013 Feb 8	Mouse
23310948	2013 Apr	Mouse
23298463	2013 Jan 8	Mouse
23297404	2013 Feb 22	Mouse
23295731	2013 Apr 24	Mouse
23291184	2013 Feb 1	Mouse
23285079	2012	Mouse
23280308	2013 Apr	Mouse
27006923	2013	Mouse
25003010	2013	Mouse
23268369	2013 Sep 1	Mouse
23261541	2013 Mar 10	Mouse
23257244	2013 Mar	Mouse
23248728	2012	Mouse
23233348	2013 Mar	Mouse
23233327	2013 Mar	Mouse
23233270	2013 Mar	Mouse
23231346	2013 Sep	Mouse
23219730	2013 Feb	Mouse
23194156	2013 Jan 14	Mouse
23192248	2013 Jan	Mouse
23185004	2012 Dec 11	Mouse
23178209	2013 Feb	Mouse
23174992	2012 Dec 21	Mouse
23173750	2013 Nov	Mouse
23169679	2013 Apr	Mouse
23151457	2013 Feb	Mouse
23151456	2013 Feb	Mouse
23148681	2012 Nov 13	Mouse
23133648	2012	Mouse
23124962	2013 Jan	Mouse
23124828	2013 Jan	Mouse
23124630	2013 Feb	Mouse
23116713	2013 Feb	Mouse
23115336	2012 Nov 20	Mouse
23070644	2012 Nov	Mouse
23069856	2013 Jan	Mouse
23050690	2012 Nov 6	Mouse
23041841	2013 May	Mouse
23011466	2013 Jan	Mouse
22995428	2012 Sep 20	Mouse
22985876	2012 Dec 18	Mouse
22967398	2012 Sep 11	Mouse
22961401	2012 Nov	Mouse
22952769	2012	Mouse
22939867	2012 Nov	Mouse
22936752	2012 Aug 31	Mouse
22933232	2012 Dec	Mouse
22902540	2012 Nov	Mouse
22890185	2012 Nov	Mouse
22889498	2013	Mouse
22885814	2012 Sep	Mouse
22869368	2012 Sep 28	Mouse
22859926	2012 Aug	Mouse
22854286	2012 Sep	Mouse
22850184	2012 Nov	Mouse
22846713	2012 Nov	Mouse
22833446	2012 Nov	Mouse
22833278	2012 Dec	Mouse
22833266	2012 Oct	Mouse
22833219	2012 Dec	Mouse
22832873	2012 Sep	Mouse
22828992	2012 Jul 24	Mouse
22825254	2012 Oct	Mouse
22819243	2012 Oct	Mouse
22818981	2012 Oct	Mouse
22818426	2013 Apr	Mouse
22781206	2012 Oct	Mouse
22777888	2012 Dec	Mouse
22768242	2012	Mouse
22767605	2012 Aug 17	Mouse
22738103	2012 Jun 28	Mouse
22721434	2012 Jun 21	Mouse
22692895	2012 Nov	Mouse
22692007	2012 Sep 1	Mouse
22674505	2012 Oct	Mouse
22674176	2012 Oct	Mouse
22674011	2012 Oct	Mouse
22668504	2012 Aug 1	Mouse
22664108	2012 Jun 29	Mouse
22636321	2012 Aug	Mouse
22629448	2012	Mouse
22623332	2012 Jul 1	Mouse
22609479	2012 Aug	Mouse
22595227	2012 Aug	Mouse
22595226	2012 Aug	Mouse
22576962	2012 Oct	Mouse
22576842	2012 Oct	Mouse
22575362	2012 Jul	Mouse
22572461	2012	Mouse
22566624	2012 May 22	Mouse
22554793	2012 Aug	Mouse
22542924	2012 Aug	Mouse
22539837	2012 Apr 25	Mouse
22531459	2012 Jul	Mouse
22531458	2012 Aug	Mouse
22525135	2012 Jun 28	Mouse
22510396	2012 Jul	Mouse
22491093	2012 May 11	Mouse
22488261	2012 Aug	Mouse
22484689	2012 Jun	Mouse
22459696	2012 May	Mouse
22455987	2012 Apr	Mouse
22448243	2012	Mouse
22447075	2012 Mar 25	Mouse
22444025	2012 May	Mouse
22442340	2012 May	Mouse
22440827	2012 Jun	Mouse
22432033	2012	Mouse
22430489	2012 Apr 9	Mouse
22415882	2012 Jul	Mouse
22414620	2012 Jul	Mouse
22399297	2012 Apr 27	Mouse
22394585	2012 Mar 6	Mouse
22391889	2012 Aug	Mouse
22361237	2012 Jun	Mouse
22343171	2012 May	Mouse
22342421	2012 May	Mouse
22342065	2012 Dec	Mouse
22337563	2012 May	Mouse
22330250	2011 Aug	Mouse
22328140	2012 Aug	Mouse
22308173	2011 Oct 1	Mouse
22307759	2012 Jul	Mouse
22298781	2012 Apr 6	Mouse
22294469	2012 Jul	Mouse
22293673	2012	Mouse
22275233	2012 Jul	Mouse
22271086	2012 Aug	Mouse
22267189	2012 Mar	Mouse
22258484	2012 Apr	Mouse
22225630	2012 Jan 8	Mouse
22197997	2012 Aug	Mouse
22179029	2012 Feb	Mouse
22179028	2012 Feb	Mouse
22173325	2012 Feb	Mouse
22170561	2012 Jun	Mouse
22158614	2012 Jan 27	Mouse
22155431	2012 May	Mouse
22152451	2011	Mouse
22148954	2012	Mouse
22146554	2012 Aug	Mouse
22143922	2012 May	Mouse
22143896	2012 Jun	Mouse
22131019	2012 May	Mouse
22127701	2011 Dec	Mouse
22127696	2011 Dec	Mouse
22122987	2012 Feb	Mouse
22117761	2011	Mouse
22102413	2012 Jan 6	Mouse
22095691	2012 Mar 1	Mouse
22084394	2012 Apr	Mouse
22083516	2012 May	Mouse
22081995	2012 May	Mouse
22076918	2012 Apr	Mouse
22072539	2012 Jun	Mouse
22065367	2012 Mar	Mouse
22057346	2011 Nov 6	Mouse
22051322	2011 Nov 3	Mouse
22034049	2012 Apr	Mouse
22028304	2012 Feb	Mouse
22019508	2011 Dec 8	Mouse
22007227	2011	Mouse
22001658	2012 Feb	Mouse
21982587	2012 Jan	Mouse
21972019	2012 Mar	Mouse
21968827	2012 Feb	Mouse
21965529	2011 Oct 15	Mouse
26069594	2011 Oct	Mouse
21953366	2012 Feb	Mouse
21953304	2011 Dec	Mouse
21937758	2011 Sep 21	Mouse
21917603	2011 Nov	Mouse
21911068	2011 Nov	Mouse
21905020	2012 Feb	Mouse
21905007	2012 Jan	Mouse
21905006	2012 Jan	Mouse
21899735	2011 Sep 7	Mouse
21898359	2012 Jan	Mouse
21890638	2011 Dec 2	Mouse
21887706	2011 Dec	Mouse
21880736	2011 Oct 28	Mouse
21872590	2011 Oct 3	Mouse
21871094	2011 Aug 26	Mouse
21869830	2012 Mar	Mouse
21856950	2011 Sep 6	Mouse
21855682	2011 Sep	Mouse
21855558	2011 Dec 11	Mouse
21847614	2012 May	Mouse
21834068	2011 Nov	Mouse
21804193	2011 Sep	Mouse
21802499	2011 Oct 13	Mouse
21798287	2011 Oct 30	Mouse
21796704	2012 Mar	Mouse
21795282	2011 Sep	Mouse
21775152	2011 Aug 15	Mouse
21749827	2011 Jul	Mouse
21745460	2011 Oct 1	Mouse
21739426	2011 Oct	Mouse
21739421	2011 Nov	Mouse
26069585	2011 Jul	Mouse
21702024	2011 Nov	Mouse
21690378	2011 Jul 5	Mouse
21678482	2012 Jan	Mouse
21652695	2011 Aug 5	Mouse
21643724	2011 Aug	Mouse
21633911	2012 Feb	Mouse
21624478	2011 Aug	Mouse
21619936	2011 Jul	Mouse
21619935	2011 Jul	Mouse
21613312	2011 Sep	Mouse
21590680	2011 Sep	Mouse
21586441	2011 Aug	Mouse
21566131	2011 Jul 22	Mouse
21539915	2011 May	Mouse
21537831	2011 Sep	Mouse
21506092	2011 Aug	Mouse
21474483	2011 Jul	Mouse
21472777	2011 Aug	Mouse
21452283	2011 Aug	Mouse
21437875	2011 Jul	Mouse
21420501	2011 Jun	Mouse
21418601	2011 Mar 20	Mouse
21417219	2011 Apr 28	Mouse
21410959	2011 Mar 16	Mouse
21405978	2011 Oct	Mouse
21383200	2011 Mar 22	Mouse
21376128	2011 Jun	Mouse
21374709	2011 Aug	Mouse
21372000	2011 Jul	Mouse
21360519	2011 Sep	Mouse
22977492	2011 Mar	Mouse
21353395	2011 Apr 15	Mouse
21351054	2011 Feb 24	Mouse
21337391	2011 Apr	Mouse
21325780	2011	Mouse
21312269	2011 Jul	Mouse
21310253	2011 Jun	Mouse
21308980	2011 Apr	Mouse
21305500	2011 Apr	Mouse
21291351	2011 May	Mouse
21290130	2012 May	Mouse
21285164	2011 May	Mouse
21266028	2011	Mouse
21262368	2011 Apr	Mouse
21251990	2011 Apr	Mouse
21239716	2011 Feb 15	Mouse
21216815	2011 Apr	Mouse
21197320	2010 Sep 6	Mouse
21159208	2010 Dec 16	Mouse
21145552	2011 Mar 15	Mouse
21119180	2010 Dec	Mouse
21118138	2010 Dec	Mouse
21110395	2011 Jun	Mouse
21098883	2010 Dec	Mouse
21094690	2011 Feb	Mouse
21094262	2011 Feb	Mouse
21057832	2011 May	Mouse
21036236	2010	Mouse
20954191	2011 Jan	Mouse
20945354	2011 May	Mouse
20943778	2011 Jan	Mouse
20923566	2010	Mouse
20921145	2010 Dec	Mouse
20882669	2011 Jan	Mouse
20864020	2010 Oct	Mouse
20861497	2011 Nov	Mouse
20847738	2010 Oct	Mouse
20843796	2010 Nov 12	Mouse
20840794	2010 Sep 15	Mouse
20820927	2011 Sep	Mouse
20805298	2011 Jan	Mouse
20738224	2010 Dec	Mouse
20708680	2010 Nov 30	Mouse
20701740	2010	Mouse
20669139	2010 Jun	Mouse
20643199	2010 Sep 15	Mouse
20625379	2010 Sep	Mouse
20604941	2010	Mouse
20592283	2010 Aug 1	Mouse
22131742	2010 Jul	Mouse
20584806	2010 Nov	Mouse
20583111	2010 Oct	Mouse
20583100	2010 Oct	Mouse
20556559	2010 Jun	Mouse
20525838	2010 Aug	Mouse
20518074	2010 Sep	Mouse
20516192	2010 Jun 1	Mouse
20506524	2010 Jul	Mouse
20506309	2010 Jul	Mouse
20506224	2010 Jul	Mouse
20506210	2010 Aug	Mouse
20506137	2010 Aug	Mouse
20498218	2010 Oct	Mouse
20495570	2010 Jun	Mouse
20495569	2010 Jun	Mouse
20479257	2010 Jun 1	Mouse
20474087	2010 Jan	Mouse
20472086	2010 Aug	Mouse
20466812	2010 Jun 1	Mouse
20460191	2010 Jun	Mouse
20432462	2010 Sep	Mouse
20376510	2010 Nov	Mouse
20360435	2010 Jul	Mouse
20350782	2010 May	Mouse
20346402	2010 Jul	Mouse
20309955	2010 Oct	Mouse
20238298	2010 May	Mouse
20201078	2010 Jun	Mouse
20196782	2009 Sep	Mouse
20187655	2010 May 21	Mouse
20187155	2010 Mar	Mouse
20187128	2010 Mar	Mouse
20181277	2010	Mouse
20155835	2010 May	Mouse
20133709	2010 Feb 23	Mouse
20131274	2010 Apr	Mouse
20131235	2010 Mar	Mouse
20112372	2010 Feb	Mouse
20112360	2010 Feb	Mouse
20112357	2010 Feb	Mouse
20111593	2010 Jan 25	Mouse
20110518	2010 Mar	Mouse
20110505	2010 Jan 29	Mouse
20105291	2010	Mouse
20104937	2010 Feb 1	Mouse
20101617	2010 Apr	Mouse
20093129	2010 Feb 27	Mouse
22778804	2010 Jan 20	Mouse
20077500	2010 Mar	Mouse
20054692	2011 May	Mouse
20052601	2010 Jul	Mouse
20043873	2010 Jan 29	Mouse
22163547	2010	Mouse
21368873	2010 Nov 11	Mouse
20036347	2010 Apr	Mouse
20035055	2010 Feb	Mouse
20033473	2010 May	Mouse
20021689	2009 Dec 19	Mouse
19950295	2009 Dec	Mouse
19950019	2010	Mouse
19944200	2010 Mar	Mouse
19932218	2010 Jan	Mouse
19921088	2010 Jan	Mouse
19918048	2010 Jan	Mouse
19915594	2009 Dec	Mouse
19896116	2009 Dec	Mouse
19877062	2009 Nov	Mouse
19877043	2009 Nov	Mouse
19833177	2010 Jan 29	Mouse
19808781	2010 Jan 1	Mouse
19805379	2009 Sep 29	Mouse
19790076	2009 Oct	Mouse
19790074	2009 Oct	Mouse
19790065	2009 Oct	Mouse
19790050	2009 Oct	Mouse
19786147	2010 Jan	Mouse
19771181	2009 Sep 7	Mouse
19770515	2009 Oct	Mouse
19765281	2009	Mouse
19747998	2010 Jun	Mouse
19714635	2009 Sep	Mouse
19714629	2009 Sep	Mouse
19704783	2008	Mouse
19684582	2009 Sep	Mouse
19644889	2009 Aug	Mouse
19637060	2009	Mouse
19632680	2009 Aug 25	Mouse
19615963	2009 Dec	Mouse
19604444	2009 May-Jun	Mouse
19587162	2009 Jun	Mouse
19565484	2009 Jul	Mouse
19565481	2009 Jul	Mouse
19562571	2009 Dec	Mouse
19526482	2009 Oct	Mouse
19504467	2010 Feb	Mouse
19494318	2009 Jun 15	Mouse
19491304	2009 Aug	Mouse
19486942	2009 Jul	Mouse
19485522	2009 May	Mouse
19481620	2009 Sep	Mouse
19481076	2009 Aug 15	Mouse
19478656	2009 Jun 1	Mouse
19448342	2009 Apr	Mouse
19427928	2009 Oct	Mouse
19410028	2009 Oct	Mouse
19405002	2009 May 15	Mouse
19404941	2009 May	Mouse
19379487	2009 Apr 20	Mouse
19364543	2009 Aug	Mouse
19343112	2009	Mouse
19342682	2009 Apr 15	Mouse
19332175	2009 Sep	Mouse
19328881	2009 Aug	Mouse
19307458	2009 Jun	Mouse
19301580	2009 Jan	Mouse
19296087	2009 Jun	Mouse
19265849	2009 Mar	Mouse
19265839	2009 Mar	Mouse
19254740	2009 Aug	Mouse
19248115	2009 Mar	Mouse
19230720	2009 Jul	Mouse
19229324	2009	Mouse
19213744	2010 Jan	Mouse
19195025	2009 Aug	Mouse
19180491	2009 Feb	Mouse
19180479	2009 Feb	Mouse
19173746	2009	Mouse
19165732	2009 Aug	Mouse
19147955	2008 Oct-Dec	Mouse
19146892	2009 Apr 2	Mouse
19139395	2009 Jan 27	Mouse
19136283	2009 Jun	Mouse
19135797	2009 Mar	Mouse
19135244	2009 Mar	Mouse
19116932	2009 Jan	Mouse
19116917	2009 Jan	Mouse
19116905	2009 Jan	Mouse
19095472	2009 May	Mouse
19070514	2009 Jun	Mouse
19035511	2008 Dec	Mouse
19027328	2009 May	Mouse
19017993	2008 Dec 1	Mouse
19016582	2009 Jan	Mouse
19010693	2009 May	Mouse
19010067	2009 May	Mouse
19001550	2009 Jan	Mouse
18991285	2008 Nov	Mouse
18979157	2008	Mouse
18975335	2008 Nov	Mouse
18975318	2008 Nov	Mouse
18974013	2009 Apr	Mouse
18958885	2008 Oct	Mouse
18947434	2008	Mouse
18849588	2008 Sep 1	Mouse
18836240	2008	Mouse
18836239	2008	Mouse
18836236	2008	Mouse
18836232	2008	Mouse
18835879	2008 Dec	Mouse
18821706	2008 Oct	Mouse
18821694	2008 Oct	Mouse
18821665	2008 Oct	Mouse
18819822	2009 Mar	Mouse
18799089	2008 Jul-Aug	Mouse
18789726	2009 Mar	Mouse
18789153	2008	Mouse
18786831	2008 Sep 15	Mouse
18785169	2007 Jul	Mouse
18767925	2009 Jan	Mouse
18760941	2009 Mar	Mouse
18759291	2008 Sep	Mouse
18684647	2009 Feb	Mouse
18668550	2008 Aug	Mouse
18662930	2009 Jun	Mouse
18632849	2008 Oct	Mouse
18584285	2009 Apr	Mouse
18578867	2008	Mouse
18576389	2008 Jul	Mouse
18576323	2008 Jul	Mouse
18576322	2008 Jul	Mouse
18550523	2008 Aug 22	Mouse
18544639	2008 Jul 1	Mouse
18541144	2008 Aug 22	Mouse
18538588	2008 Dec	Mouse
18523305	2008 Jun 15	Mouse
18507859	2008	Mouse
18501644	2008 Dec	Mouse
18467703	2008 Jun	Mouse
18465812	2008 Nov	Mouse
18455447	2008 Nov	Mouse
18438860	2008 May	Mouse
18383364	2008 Apr	Mouse
18374640	2008 Jun	Mouse
18358504	2008 May	Mouse
18344557	2008 Jul 1	Mouse
18297226	2008 Mar	Mouse
18287210	2008 May	Mouse
18268076	2008 May	Mouse
18261936	2008 Sep	Mouse
18240253	2008 Feb	Mouse
18240210	2008 Feb	Mouse
18227807	2008 Mar	Mouse
18226559	2008 Jun	Mouse
18203067	2007 Dec	Mouse
18172013	2008 Apr	Mouse
18163499	2008 Jan	Mouse
18163498	2008 Jan	Mouse
18066133	2007 Sep	Mouse
18056042	2007 Nov	Mouse
18052755	2008 Apr	Mouse
18050218	2007 Dec	Mouse
18050203	2007 Dec	Mouse
18050192	2007 Dec	Mouse
18036590	2008 Jan 28	Mouse
17983156	2007	Mouse
17968948	2007 Nov	Mouse
17968946	2007 Nov	Mouse
17942634	2008 Jan	Mouse
17942111	2007 Dec 1	Mouse
17937464	2007 Nov	Mouse
17931911	2008 May	Mouse
17927818	2007	Mouse
17922907	2007	Mouse
17907190	2007 Oct	Mouse
17907189	2007 Oct	Mouse
17907187	2007 Oct	Mouse
17900935	2008 Apr	Mouse
17888690	2008 Jan	Mouse
17827158	2007 Nov 2	Mouse
17822719	2007 Aug 23	Mouse
17804408	2007 Nov 2	Mouse
17763422	2007 Sep	Mouse
17707661	2008 Mar	Mouse
17707214	2007 Aug	Mouse
17665456	2007 Aug	Mouse
17656374	2007 Oct 1	Mouse
17638576	2007 Nov	Mouse
17638573	2007 Nov	Mouse
17621910	2007 Jun	Mouse
17621549	2007	Mouse
17612407	2007	Mouse
17599750	2007 Jul	Mouse
17596264	2007	Mouse
17588960	2007 Sep 1	Mouse
17564307	2004	Mouse
17549029	2007 Sep	Mouse
17545192	2008 Feb	Mouse
17530644	2007 Jun	Mouse
17522060	2007 Aug 10	Mouse
17517694	2007 Jul 15	Mouse
17510707	2007 Jun	Mouse
17470400	2007 Sep	Mouse
17445771	2007 Jun 8	Mouse
17416344	2007 May 25	Mouse
17383158	2007 Mar-May	Mouse
17334701	2007 Mar	Mouse
17331019	2007 Mar	Mouse
17328064	2007 Mar	Mouse
17328048	2007 Mar	Mouse
17328045	2007 Mar	Mouse
17317039	2007 May 1	Mouse
17316439	2007	Mouse
17307136	2007 Apr 13	Mouse
17266145	2007 May	Mouse
17265492	2007 Feb	Mouse
17237793	2007 Feb	Mouse
17213231	2007 Mar 1	Mouse
17211519	2007 Dec	Mouse
17207643	2007 Jun	Mouse
17200322	2007 Jan	Mouse
17195217	2007 Jan	Mouse
17195212	2007 Jan	Mouse
17145758	2007 Feb 9	Mouse
17125729	2007 Jun	Mouse
17094130	2007 Mar	Mouse
17059665	2006 Oct	Mouse
17056813	2006 Nov	Mouse
17052922	2007 Apr	Mouse
17009259	2006 Oct	Mouse
16997584	2007 Feb	Mouse
16995764	2006 Oct	Mouse
16973887	2006 Dec	Mouse
16949314	2007 Feb	Mouse
16947773	2006 Sep	Mouse
16947423	2006 Sep	Mouse
16927387	2007 Jan 1	Mouse
16912411	2006	Mouse
16912410	2006	Mouse
16893455	2006	Mouse
16891129	2007 Jan	Mouse
16888030	2006 Aug 15	Mouse
16883582	2006 Nov	Mouse
16877353	2006 Aug	Mouse
16872525	2006	Mouse
16868966	2006 Aug	Mouse
16849500	2006 Aug 1	Mouse
16819271	2006 Jul	Mouse
16813664	2006	Mouse
16802343	2006 Jul	Mouse
16767550	2006	Mouse
16751383	2006 Jun 15	Mouse
16738926	2006 Nov	Mouse
16680148	2006 Jun	Mouse
16671586	2005 Winter	Mouse
16652342	2006 Jun	Mouse
16647279	2006 Apr	Mouse
16646978	2006	Mouse
16646035	2006 May	Mouse
16616754	2006 Apr	Mouse
16613631	2006 Apr	Mouse
16612079	2005	Mouse
16584530	2006	Mouse
16580849	2006 Aug	Mouse
16572453	2006 Apr	Mouse
16572444	2006 Apr	Mouse
16563811	2006 Aug	Mouse
16529878	2006	Mouse
16526282	2006 Feb	Mouse
16508941	2006 Mar	Mouse
16497730	2006 Jul	Mouse
16493080	2006 Mar 1	Mouse
16492735	2006 Feb 28	Mouse
16489565	2006 Jun	Mouse
16459052	2006 Feb	Mouse
16449316	2006 Aug	Mouse
16443378	2006 May	Mouse
16439443	2006 Nov	Mouse
16431140	2006 May	Mouse
16418777	2006 Feb	Mouse
16406703	2006 Apr	Mouse
16405885	2006 Feb 15	Mouse
16393772	2005 Nov-Dec	Mouse
16393771	2005 Nov-Dec	Mouse
16391840	2006 Feb	Mouse
16379642	2005 Dec	Mouse
16368547	2006 May 1	Mouse
16356196	2006	Mouse
16355269	2006 Jan	Mouse
16301624	2005 Dec 1	Mouse
16301256	2005 Dec	Mouse
16286662	2006 Mar	Mouse
16277687	2005	Mouse
16264272	2005 Oct 31	Mouse
16255039	2005 Nov	Mouse
16203115	2006 Mar 8	Mouse
16093206	2005 May	Mouse
16087873	2005 Aug 16	Mouse
16079379	2005 Aug 4	Mouse
16046111	2005 Oct	Mouse
16006154	2005 Sep	Mouse
15993670	2005 Sep	Mouse
15993649	2005 Sep	Mouse
15986342	2005 Jul	Mouse
15982479	2005 Jul	Mouse
15968593	2005 Jun 20	Mouse
15963682	2005 Sep	Mouse
15934078	2005 Jun	Mouse
15930455	2005 Jun	Mouse
15896985	2005 Jul	Mouse
15882566	2005 May	Mouse
15882565	2005 May	Mouse
15879144	2005 May 15	Mouse
15872395	2005 Apr	Mouse
15818704	2005 Apr	Mouse
15800624	2005 Mar 31	Mouse
15784009	2005 Jul 15	Mouse
15780645	2005 Apr	Mouse
15780642	2005 Apr	Mouse
15777299	2005 Apr	Mouse
15761990	2005 Feb	Mouse
15758487	2001 Jun	Mouse
15758375	2002 Dec	Mouse
15757961	2005 Jun	Mouse
15742432	2005 Mar	Mouse
15738684	2005 Jan-Feb	Mouse
15727891	2005 Mar	Mouse
15693998	2005 Feb 4	Mouse
15681827	2005 Feb	Mouse
15651731	2005 Jan	Mouse
15641683	2004	Mouse
15639639	2005 Jan	Mouse
15566969	2004 Nov	Mouse
15563881	2005 Jan	Mouse
15563592	2004 Dec 7	Mouse
15509586	2005 Jan 7	Mouse
15501402	2004 Nov	Mouse
15496908	2004 Oct 21	Mouse
15492776	2004 Nov	Mouse
15476587	2004 Nov	Mouse
15476249	2004 Oct	Mouse
15468369	2004 Oct	Mouse
15468368	2004 Oct	Mouse
15334469	2004 Aug	Mouse
15325637	2004 Sep	Mouse
15299218	2004	Mouse
15299207	2004	Mouse
15290728	2004 Aug	Mouse
15283850	2004 Aug	Mouse
15262242	2004 Aug	Mouse
15231019	2004 Aug	Mouse
15219569	2004 Jul	Mouse
15180237	2004 Apr	Mouse
15146416	2004 May	Mouse
15142270	2004	Mouse
15140771	2004 Jun	Mouse
15135139	2004 Jun	Mouse
15124255	2004 May	Mouse
15057262	2004 Jun	Mouse
15023384	2004 Apr	Mouse
15023383	2004 Apr	Mouse
14991070	2004 Mar	Mouse
14979939	2004	Mouse
14972341	2004 Mar	Mouse
14749384	2004 Feb	Mouse
14730606	2004 Jan	Mouse
14729583	2004 May	Mouse
14723872	2004 Feb	Mouse
14697685	2004 Jan	Mouse
14697680	2004 Jan	Mouse
14677373	2003	Mouse
14677185	2003 Nov	Mouse
14673996	2003 Dec	Mouse
14673995	2003 Dec	Mouse
14673992	2003 Dec	Mouse
14660436	2004 Jan	Mouse
14644868	2003 Dec	Mouse
14644850	2003 Dec	Mouse
14609530	2003 Nov	Mouse
14558093	2003 Oct	Mouse
13130470	2003 Sep	Mouse
13129693	2003 Oct	Mouse
12943531	2003 Dec 1	Mouse
12939660	2003 Sep	Mouse
12902858	2003 Aug	Mouse
12858435	2003 Jul	Mouse
12858344	2003 Jul 1	Mouse
12847280	2003 Jul 15	Mouse
12827373	2003 Jul	Mouse
12801484	2003 Jun	Mouse
12773042	2003 Jun 5	Mouse
12773041	2003 Jun 5	Mouse
12738249	2003 Apr	Mouse
12729128	2003 Apr	Mouse
12716440	2003	Mouse
12707039	2003 May	Mouse
12681949	2003 Apr	Mouse
12632418	2003 Mar	Mouse
12632417	2003 Mar	Mouse
12606540	2003 May 23	Mouse
12604692	2003 Mar	Mouse
12527136	2003 Jan	Mouse
12522038	2003 Jan	Mouse
12517948	2003 Jan 15	Mouse
12508768	2002 Nov-Dec	Mouse
12505485	2003 Jan	Mouse
12503634	2002 Feb-Nov	Mouse
12480959	2003 Jan	Mouse
12479386	2002 Aug	Mouse
12472238	2002 Nov	Mouse
12464558	2002 Dec	Mouse
12464557	2002 Dec	Mouse
12448767	2002	Mouse
12432964	2002 Oct	Mouse
12429542	2002 Dec	Mouse
12419287	2002 Nov	Mouse
12415421	2003 Feb	Mouse
12379497	2002 Oct	Mouse
12374621	2002 Oct 15	Mouse
12369789	2002 Oct	Mouse
12359167	2002 Oct	Mouse
12359160	2002 Oct	Mouse
12355481	2002 Sep	Mouse
12322970	2002 Dec	Mouse
12297987	2002 Oct	Mouse
12209516	2002 Aug	Mouse
12202125	2002 Sep	Mouse
12202122	2002 Sep	Mouse
12176806	2002 Sep	Mouse
12160522	2002 Jun 21	Mouse
12126975	2002 Jul 12	Mouse
12123694	2002	Mouse
12115245	2002 May	Mouse
12089156	2002 Sep 20	Mouse
12082181	2002 Jul 9	Mouse
12079898	2002 Jul	Mouse
12077282	2002 Jul 1	Mouse
12060849	2002 Jul	Mouse
12056852	2002 Jun	Mouse
12024046	2002 Jun	Mouse
11978731	2002 May	Mouse
11966774	2002 Mar	Mouse
11953970	2002 Apr	Mouse
11950254	2002 Apr	Mouse
11928917	2002 Jan	Mouse
11920421	2002 Mar	Mouse
11869085	2002 Mar	Mouse
11869077	2002 Mar	Mouse
11869071	2002 Feb	Mouse
11795983	2002 Jan	Mouse
11795980	2002 Jan	Mouse
11823537	2002 Feb 15	Mouse
11790802	2002 Jan 21	Mouse
11748261	2001 Dec	Mouse
11680695	2001	Mouse
11680693	2001	Mouse
11680692	2001	Mouse
11680691	2001	Mouse
11680686	2001	Mouse
11680681	2001	Mouse
11680679	2001	Mouse
11680673	2001	Mouse
11677139	2001 Nov 19	Mouse
11668593	2001 Oct	Mouse
11583972	2001 Oct	Mouse
11557363	2001 Sep	Mouse
11488976	2001 Aug	Mouse
11482532	2001	Mouse
11440826	2001 Jul 15	Mouse
11410897	2001	Mouse
11407708	2001 Jun	Mouse
11352232	2001 May	Mouse
11326333	2001 Jun	Mouse
11315934	2001 Apr	Mouse
11315923	2001 Apr	Mouse
11315918	2001 Apr	Mouse
11285272	2001 Apr 2	Mouse
11243352	2001 Feb	Mouse
11237662	2001 Feb	Mouse
11237660	2001 Feb	Mouse
11237656	2001 Feb	Mouse
11158633	2001 Jan 30	Mouse
11150534	2001 Jan 1	Mouse
11134178	2001 Jan	Mouse
11090910	2000 Oct 1	Mouse
11056662	1999	Mouse
11050746	2000 Sep-Oct	Mouse
11003576	2000 Oct	Mouse
10971036	2000	Mouse
10943864	2000 Aug	Mouse
10917836	2000 Jul 14	Mouse
10903878	2000 Jul	Mouse
10902766	2000 Jul	Mouse
10821855	2000 May 26	Mouse
10810296	2000 May	Mouse
10806052	2000 May	Mouse
10777108	2000 Mar	Mouse
10772538	1999	Mouse
10772237	2000 Mar	Mouse
10728754	2000 Mar	Mouse
10693866	2000 Feb	Mouse
10607496	2000 Jan	Mouse
10562301	1999 Nov	Mouse
10558851	1999 Nov	Mouse
10559678	1999 Sep-Oct	Mouse
10555034	1999 Nov	Mouse
10501417	1999 Aug	Mouse
10499542	1999 Oct	Mouse
10477618	1999 Sep 15	Mouse
10429944	1999 Jun	Mouse
10419784	1999 Jul	Mouse
10419767	1999 Jul	Mouse
10419604	1999 Jul	Mouse
10367688	1999 Jan-Feb	Mouse
10343775	1998 Nov	Mouse
10329460	1999 May 19	Mouse
10329320	1999 May	Mouse
10329312	1999 May	Mouse
10234545	1999 Apr	Mouse
10225978	1999 May	Mouse
10211877	1999 Apr	Mouse
10197165	1998 Sep	Mouse
10189377	1999 Apr 5	Mouse
10100939	1998 Dec	Mouse
10092766	1999 Mar 15	Mouse
10048708	1999 Jan	Mouse
10025914	1999 Feb	Mouse
9920026	1999 Jan	Mouse
9880185	1998 Dec	Mouse
9870875	1998 Dec	Mouse
9857053	1998 Dec 25	Mouse
9817766	1998 Nov 16	Mouse
9786430	1998 Sep	Mouse
9751097	1998 Sep	Mouse
9737793	1998 Aug	Mouse
9730060	1998 Fall	Mouse
9716260	1998 May	Mouse
9704633	1998 Aug	Mouse
9678053	1998 Jul	Mouse
9663487	1998 Jul	Mouse
9627010	1998 Jun	Mouse
9616435	1998 Jan	Mouse
9606425	1998 Apr	Mouse
9588741	1998 May	Mouse
9512498	1998 Apr 1	Mouse
9566669	1998 Mar	Mouse
9536289	1997 Nov	Mouse
9514210	1998 Mar	Mouse
9510855	1998 Mar	Mouse
9497939	1997 Sep	Mouse
9497937	1997 Sep	Mouse
9458196	1998 Jan	Mouse
9415647	1997 Dec	Mouse
9433876	1998 Jan	Mouse
9334355	1997 Oct 20	Mouse
9299161	1997 Sep 15	Mouse
9252382	1997 Aug 15	Mouse
9404467	1997 Jul	Mouse
9192516	1997 Jul	Mouse
9185153	1997 May 15	Mouse
9143347	1997 May 1	Mouse
9184845	1997 Apr	Mouse
9173871	1997 Apr 1	Mouse
9152964	1997 Apr	Mouse
9061443	1997 Feb	Mouse
8943052	1996 Nov 26	Mouse
8909250	1996 Nov	Mouse
8889652	1996 Oct	Mouse
8895222	1996 Sep	Mouse
8892223	1996 Sep	Mouse
8814070	1996 Sep	Mouse
8765007	1996 Aug	Mouse
8823697	1996 Jul	Mouse
8702176	1996 Jun 8	Mouse
8971960	1996 Jun	Mouse
8907255	1996 Mar	Mouse
8714431	1996 Jan 31	Mouse
8893376	1996	Mouse
8853228	1996	Mouse
8838505	1996 Jan	Mouse
8832322	1996	Mouse
8770701	1996 Jan	Mouse
8717101	1996	Mouse
8581744	1995 Sep	Mouse
7650397	1995 Sep 1	Mouse
7582718	1995 Sep	Mouse
7472758	1995 Sep	Mouse
8548361	1995 Aug	Mouse
7543921	1995 Aug	Mouse
7668400	1995 Jun	Mouse
7584322	1995 Jun	Mouse
7748223	1995 May	Mouse
7655998	1995 May	Mouse
7859284	1995 Feb 10	Mouse
7752133	1995 Feb	Mouse
7752121	1995 Feb	Mouse
7853102	1995 Jan	Mouse
7791551	1995	Mouse
7785492	1995	Mouse
7724995	1995	Mouse
7488982	1995 Spring	Mouse
7699637	1994 Dec	Mouse
7863819	1994 Nov	Mouse
11550680	1994 Sep	Mouse
11550678	1994 Sep	Mouse
8064227	1994 Sep 1	Mouse
8078307	1994 Aug	Mouse
7983639	1994 Aug	Mouse
7955604	1994 Jul-Aug	Mouse
11548227	1994 Jun	Mouse
11548226	1994 Jun	Mouse
8055108	1994 Jun	Mouse
8197187	1994 May 24	Mouse
8185693	1994 May	Mouse
8067948	1994 May	Mouse
7942330	1994 May	Mouse
8164088	1994 Mar	Mouse
7976168	1994	Mouse
8292560	1993 Dec	Mouse
8149645	1993 Nov 30	Mouse
8023746	1993 Nov	Mouse
8244386	1993 Sep	Mouse
8411268	1993 Aug 15	Mouse
8349798	1993 Aug	Mouse
15449424	1993 Jul	Mouse
15449423	1993 Jul	Mouse
8340822	1993 Jul	Mouse
8464901	1993 Apr 1	Mouse
8383194	1993 Mar	Mouse
8436117	1993 Feb 1	Mouse
8435081	1993 Feb 1	Mouse
8441138	1993 Jan	Mouse
8434868	1993 Jan	Mouse
8291220	1993	Mouse
8148130	1993 Spring	Mouse
1281763	1992 Oct 15	Mouse
1618924	1992 Jul	Mouse
1606732	1992 Jun	Mouse
1320394	1992 Jun	Mouse
1586483	1992 May	Mouse
1571272	1992 Apr	Mouse
1351318	1992 Apr	Mouse
1285067	1992	Mouse
1896633	1991 Jul	Mouse
1865107	1991 Jul	Mouse
2025312	1991 May	Mouse
2065549	1991 Apr	Mouse
1827636	1991 Apr	Mouse
1997647	1991 Mar 1	Mouse
1994914	1991 Feb	Mouse
1947669	1991	Mouse
1800463	1991	Mouse
2355296	1990 Jul	Mouse
2339667	1990 Mar	Mouse
2339666	1990 Mar	Mouse
2155638	1990 Feb	Mouse
1689600	1990 Feb	Mouse
1689582	1990 Feb	Mouse
2293624	1990 Jan	Mouse
2288196	1990	Mouse
2191409	1990	Mouse
2556924	1989 Dec	Mouse
2808699	1989 Nov	Mouse
2559818	1989 Oct 31	Mouse
2816503	1989 Aug	Mouse
2782224	1989 Aug	Mouse
2479287	1989 Aug 1	Mouse
2472849	1989 Aug	Mouse
2723460	1989 Jun	Mouse
2545171	1989 Jun	Mouse
3219287	1988 Dec	Mouse
3397624	1988 Aug	Mouse
3395383	1988 Jul	Mouse
3258503	1988 Mar	Mouse
2965280	1988 Jan	Mouse
2897740	1988	Mouse
3423022	1987 Dec	Mouse
3687593	1987 Oct	Mouse
3625661	1987 May	Mouse
3494848	1987 Feb	Mouse
3602982	1987 Jan	Mouse
2427091	1986 Jul	Mouse
3947420	1986 Jan	Mouse
3792428	1986	Mouse
4083941	1985 Dec	Mouse
4038356	1985 Sep	Mouse
2988574	1985 Jun	Mouse
6701529	1984 Mar 30	Mouse
6607791	1984 Feb	Mouse
6528180	1984	Mouse
6491809	1984	Mouse
6980556	1982 May	Mouse
7116952	1982	Mouse
7085349	1982	Mouse
6983710	1982	Mouse
6186128	1982	Mouse
7028135	1981 Oct 12	Mouse
7247474	1981 Jun	Mouse
7344126	1981	Mouse
7044007	1981	Mouse
6931886	1980 Sep	Mouse
6248390	1980	Mouse
541239	1979 Oct	Mouse
469642	1979 Apr	Mouse
428731	1979	Mouse
643896	1978	Mouse
844647	1977	Mouse
60309	1976 Jul	Mouse
973542	1976	Mouse
947093	1976	Mouse
1225296	1975 Dec	Mouse
169722	1975 Jun 13	Mouse
1173774	1975 Feb	Mouse
1228593	1975	Mouse
4611741	1974	Mouse
4460502	1974	Mouse
4413380	1974	Mouse
4119783	1972	Mouse
4114290	1971	Mouse
5433599	1970 Aug	Mouse
5482369	1970	Mouse
4254360	1970	Mouse
5258759	1969 Aug	Mouse
5360889	1969 Jun	Mouse
5804775	1969	Mouse
5372697	1969	Mouse
4864284	1967 Oct	Mouse
6023697	1967 Mar	Mouse
5884813	1965 Dec	Mouse
14289383	1965 Apr	Mouse
14259448	1965 Jan	Mouse
5865221	1965	Mouse
14120688	1964 May	Mouse
14178183	1964	Mouse
14168184	1963 Oct	Mouse
13992825	1963 Mar	Mouse
13992824	1963 Mar	Mouse
13977955	1962 Dec	Mouse
13912809	1962	Mouse
13914853	1961 Dec	Mouse
14446644	1960 Sep	Mouse
14446646	1960	Mouse
13520057	1958 Apr	Mouse
13520056	1958 Apr	Mouse
13450307	1957 Jul-Aug	Mouse
13398598	1957 Jan	Mouse
13354101	1956 Aug	Mouse
13354100	1956 Aug	Mouse
13354099	1956 Aug	Mouse
13301102	1956 Apr	Mouse
13262068	1955	Mouse
14954894	1952	Mouse
14898055	1952 Jan	Mouse
41251095	2025 Nov 18	Rat
41243495	2025 Nov 16	Rat
41229900	2025	Rat
41224163	2025 Nov 10	Rat
41223380	2025 Nov 12	Rat
41219826	2025 Nov 11	Rat
41218795	2025 Nov 10	Rat
41218586	2025 Nov 10	Rat
41216229	2025	Rat
41209382	2025	Rat
41207405	2025 Nov 7	Rat
41200378	2025	Rat
41194652	2025 Nov	Rat
41194174	2025 Nov 5	Rat
41192306	2025 Nov 4	Rat
41190713	2025 Nov 5	Rat
41184228	2025 Nov 3	Rat
41183591	2025 Nov 1	Rat
41180217	2025 Oct 26	Rat
41175920	2025 Oct 30	Rat
41173085	2025 Oct 30	Rat
41170378	2025	Rat
41166906	2025 Nov 25	Rat
41163114	2025 Oct 29	Rat
41160975	2025 Oct 28	Rat
41159934	2025 Nov 10	Rat
41159712	2025 Oct 29	Rat
41155891	2025 Sep 24	Rat
41154575	2025 Oct 21	Rat
41146650	2025	Rat
41131951	2025 Nov	Rat
41127857	2025	Rat
41123324	2025 Oct 22	Rat
41123278	2025 Oct 22	Rat
41123079	2025 Oct 22	Rat
41122625	2025 Sep	Rat
41114383	2025	Rat
41113215	2025 Sep	Rat
41111150	2025 Oct 20	Rat
41110823	2025 Oct 17	Rat
41110175	2025 Oct 18	Rat
41106457	2025 Oct 15	Rat
41105472	2025 Oct 17	Rat
41103437	2025	Rat
41099471	2025 Oct 16	Rat
41098406	2025 Oct	Rat
41090796	2025 Oct 9	Rat
41090182	2025	Rat
41080725	2025 Dec	Rat
41080152	2025	Rat
41075743	2025 Nov	Rat
41053923	2025 Oct	Rat
41052691	2025 Oct 4	Rat
41045618	2025 Nov 25	Rat
41043411	2025 Nov 10	Rat
41042750	2025	Rat
41038144	2025 Nov 25	Rat
41033242	2025 Nov 1	Rat
41027248	2025 Sep 25	Rat
41023508	2025 Sep	Rat
41022236	2025 Nov	Rat
41017373	2025 Sep 29	Rat
41017094	2025 Sep 25	Rat
41009383	2025 Sep 10	Rat
41005058	2025 Nov 25	Rat
41004953	2025 Sep 15	Rat
40997647	2025 Sep 22	Rat
40982419	2025 Sep 2	Rat
40981707	2025 Oct 7	Rat
40980538	2025	Rat
40979831	2025	Rat
40970337	2025 Dec	Rat
40970092	2025	Rat
40969950	2025	Rat
40966781	2025 Nov 25	Rat
40965462	2025 Sep	Rat
40963906	2025	Rat
40960306	2025 Nov 5	Rat
40958892	2025	Rat
40952961	2025 Aug 29	Rat
40951466	2025 Aug	Rat
40919662	2025 Sep	Rat
40919498	2025	Rat
40918953	2025	Rat
40916734	2025 Sep 8	Rat
40914424	2025 Sep 4	Rat
40907875	2025 Sep 2	Rat
40905655	2025 Oct	Rat
40904253	2025 Sep 4	Rat
40903824	2025 Sep	Rat
40899317	2025 Nov	Rat
40898269	2025 Sep 2	Rat
40896957	2025 Oct	Rat
40885358	2025 Sep	Rat
40880649	2025	Rat
40882551	2025 Nov 14	Rat
40870506	2025 Aug 14	Rat
40869019	2025 Aug 8	Rat
40879923	2025 Jun	Rat
40878889	2025 Aug	Rat
40875131	2025 Oct	Rat
40866649	2025 Jun	Rat
40862061	2025	Rat
40861871	2025	Rat
40860947	2025	Rat
40860881	2025	Rat
40860425	2025 Dec	Rat
40857963	2025 Nov	Rat
40852312	2025 Aug 19	Rat
40848982	2025 Nov	Rat
40838484	2025 Aug 31	Rat
40825027	2025	Rat
40824374	2025 Sep	Rat
40819752	2025 Sep	Rat
40817785	2025 Aug 31	Rat
40817461	2025 Nov 1	Rat
40812218	2025 Oct	Rat
40809890	2025 Aug	Rat
40809545	2025 Sep	Rat
40803200	2026 Jan	Rat
40801965	2025 Aug 13	Rat
40801640	2025 Aug 6	Rat
40800728	2025	Rat
40799989	2025 Oct	Rat
40799253	2025 Sep	Rat
40799005	2025 Aug	Rat
40798917	2025 Aug 12	Rat
40797087	2025 Aug 12	Rat
40786277	2025 Jul	Rat
40778537	2025 Aug	Rat
40771897	2025	Rat
40765307	2025 Sep	Rat
40745673	2025 Aug	Rat
40735537	2025 Sep	Rat
40733772	2025 Oct 15	Rat
40731199	2025 Aug	Rat
40727099	2025	Rat
40722985	2025 Jul 18	Rat
40722616	2025 Jun 24	Rat
40703976	2025 Sep	Rat
40703353	2025	Rat
40702216	2025 Jul 24	Rat
40695377	2025 Sep 10	Rat
40693494	2025 Aug 5	Rat
40689378	2025 Dec	Rat
40683652	2025 May 1	Rat
40683544	2025 Oct	Rat
40683210	2025 Sep	Rat
40682253	2025 Jul 31	Rat
40673558	2025 Aug	Rat
40671422	2025 Aug	Rat
40669206	2025 Sep	Rat
40666263	2025	Rat
40665304	2025 Jul 15	Rat
40657039	2025	Rat
40653275	2025 Sep 10	Rat
40651728	2025 Sep 25	Rat
40647239	2025 Jun 27	Rat
40646726	2025 Jun 20	Rat
40645615	2025 Jul 10	Rat
40645096	2025 Sep	Rat
40641285	2025 Jul 31	Rat
40640893	2025 Jul 10	Rat
40633208	2025 Sep 23	Rat
40629453	2025 Jul 8	Rat
40629418	2025 Jul 9	Rat
40623609	2025 Sep 15	Rat
40620422	2025 Jun	Rat
40616299	2025 Jul	Rat
40616212	2025 Jul	Rat
40613647	2025 Oct 1	Rat
40609733	2025 Jul 1	Rat
40607117	2025 Oct	Rat
40599407	2025	Rat
40595272	2025 Jul 1	Rat
40591838	2025 Jul 15	Rat
40583170	2025 Sep	Rat
40571028	2025 Aug	Rat
40570942	2025 Aug	Rat
40561002	2025 Jun 25	Rat
40560785	2025 Jun	Rat
40559431	2025 Jun 17	Rat
40546656	2025	Rat
40542398	2025 Jun 20	Rat
40538640	2025 Jul	Rat
40538164	2025 Jan-Dec	Rat
40528928	2025	Rat
40527036	2025 Aug	Rat
40522441	2025 Jul	Rat
40519654	2025	Rat
40518852	2025 Jun	Rat
40517919	2025 Jul 24	Rat
40517554	2025 Aug	Rat
40509144	2025 May 22	Rat
40501372	2025 Jun 12	Rat
40500381	2025 Jun 12	Rat
40495490	2025 Jun 10	Rat
40490830	2025 Jun 9	Rat
40487804	2025 Sep	Rat
40483498	2025 Jun 7	Rat
40481727	2025 Oct	Rat
40473927	2025 Jun 5	Rat
40468162	2025 Aug 4	Rat
40459518	2025 Aug	Rat
40453922	2025 Jun	Rat
40450276	2025 May 31	Rat
40450237	2025 May 31	Rat
40449759	2026 Feb	Rat
40449082	2025 Dec	Rat
40446518	2025 Aug	Rat
40445329	2025 Jun 10	Rat
40444021	2025 Aug	Rat
40439737	2025 May 29	Rat
40435578	2025 Jul 25	Rat
40433805	2025 May 28	Rat
40432289	2025 Oct	Rat
40426246	2025 May 28	Rat
40422917	2025 May 20	Rat
40421263	2025	Rat
40417960	2025 Jul	Rat
40412692	2025 Jun	Rat
40409582	2025 Sep 1	Rat
40409109	2025 Jun 26	Rat
40403938	2025 Sep	Rat
40401730	2025 Aug	Rat
40398309	2025 Oct	Rat
40397274	2025	Rat
40396977	2025 Aug	Rat
40394792	2025 Jun 26	Rat
40393100	2025 Nov	Rat
40391633	2025 Aug	Rat
40391077	2025	Rat
40390302	2025 Jun	Rat
40386186	2025	Rat
40381663	2025 Aug	Rat
40378435	2025 Jun 17	Rat
40375324	2025 May 15	Rat
40360133	2025 Jul	Rat
40358971	2025 May	Rat
40358119	2025 Jun	Rat
40358029	2025 May 22	Rat
40357339	2025 May	Rat
40354857	2025 Jun	Rat
40352296	2025 Apr 30	Rat
40349899	2025 Jun 15	Rat
40347883	2025 Jun 17	Rat
40346614	2025 May 9	Rat
40346121	2025 May 10	Rat
40345599	2025 Jun 10	Rat
40345271	2025 Jun 12	Rat
40343288	2025	Rat
40337969	2025 May 7	Rat
40337549	2025 May	Rat
40336188	2025 Jun	Rat
40331087	2025 Jun	Rat
40329628	2025 May 2	Rat
40327988	2025 Jun 5	Rat
40323359	2025 Jul	Rat
40322041	2025 May	Rat
40319261	2025 May 3	Rat
40319222	2025 May	Rat
40318827	2025 Nov	Rat
40313864	2025	Rat
40308884	2025 Apr 26	Rat
40308761	2025	Rat
40307686	2025 Apr 30	Rat
40306447	2025 May 30	Rat
40296351	2025 Apr 28	Rat
40289171	2025 Apr 28	Rat
40278049	2025 Jul	Rat
40264984	2025 Jun	Rat
40264489	2025	Rat
40259333	2025 Apr 21	Rat
40258527	2025 May 28	Rat
40252739	2025 Jun	Rat
40252578	2025 Sep	Rat
40247654	2025 Jul 1	Rat
40247403	2025 Apr 17	Rat
40243277	2025 Jun	Rat
40235431	2025 Jul	Rat
40232653	2025 Jul	Rat
40229323	2025 Apr 14	Rat
40224650	2025	Rat
40221068	2025 Aug	Rat
40209497	2025 Sep 1	Rat
40204040	2025 Apr 30	Rat
40197728	2025 Aug	Rat
40197110	2025 Apr 7	Rat
40195704	2025	Rat
40192172	2025 Jul	Rat
40184476	2025 Apr 15	Rat
40184436	2025 Apr 15	Rat
40179650	2025 Jun	Rat
40168275	2025	Rat
40161479	2025	Rat
40159624	2025 Apr	Rat
40143111	2025 Feb 26	Rat
40139644	2025 Jun	Rat
40132714	2025 May	Rat
40129684	2025 Jun	Rat
40125663	2025 Aug	Rat
40119526	2025 Mar 21	Rat
40114320	2025 May	Rat
40113833	2025 Mar 20	Rat
40110405	2025 Apr	Rat
40103454	2024	Rat
40102965	2025 Mar 18	Rat
40101879	2025 Jun	Rat
40093317	2025	Rat
40090449	2025 May 1	Rat
40090181	2025 Jun	Rat
40089639	2025 Mar 15	Rat
40088137	2025 Jun	Rat
40086109	2025 Aug	Rat
40085067	2025 Mar 14	Rat
40084685	2025 May	Rat
40081740	2025 May 10	Rat
40073326	2025	Rat
40060537	2025 Feb 24	Rat
40057017	2025 May	Rat
40051125	2025 Jun	Rat
40050536	2025 Mar 6	Rat
40045368	2025 Mar 5	Rat
40045149	2025 Mar	Rat
40033885	2025 Apr	Rat
40032006	2025 May 10	Rat
40028904	2025 May	Rat
40016915	2025 Mar	Rat
40016746	2025 Feb 27	Rat
40004191	2025 Feb 18	Rat
39994161	2025 Jul	Rat
39988892	2025 Jan	Rat
39987077	2025 Feb 22	Rat
39979971	2025 Feb 20	Rat
39979891	2025 Feb 20	Rat
39978671	2025 May 24	Rat
39978572	2025 Jul	Rat
39969745	2025 May	Rat
39964979	2025	Rat
39964671	2025 Apr	Rat
39960544	2025 Feb 5	Rat
39940649	2025 Jan 21	Rat
39938633	2025 May	Rat
39935926	2025 Jan	Rat
39934774	2025 Feb 11	Rat
39933417	2025 Mar	Rat
39922237	2025 Apr 1	Rat
39920811	2025 Feb 7	Rat
39910626	2025 Feb 5	Rat
39910414	2025 Mar 10	Rat
39908269	2025 Jan 31	Rat
39906135	2025	Rat
39904054	2025 Feb 13	Rat
39903897	2024 Dec 31	Rat
39902346	2025	Rat
39898820	2025 Feb 17	Rat
39898539	2025 Mar 3	Rat
39895981	2025	Rat
39875323	2025 Feb	Rat
39874109	2025 Jan-Dec	Rat
39862703	2025 Feb	Rat
39861479	2025 Jan 19	Rat
39859238	2025 Jan 9	Rat
39856265	2025 Jan 25	Rat
39855042	2025 Feb 16	Rat
39851120	2025	Rat
39848926	2025 Feb 4	Rat
39845144	2025	Rat
39835491	2025 Jan	Rat
39833570	2025 May	Rat
39832630	2025 Feb 27	Rat
39818713	2025 Feb 10	Rat
39817152	2025 Jan-Mar	Rat
39816851	2025 Mar	Rat
39800942	2025 Apr	Rat
39794380	2025 Jan 10	Rat
39792653	2025 Mar	Rat
39786670	2025 Jun	Rat
39779910	2025 Jan 8	Rat
39779817	2025 Jan 8	Rat
39778769	2025 Nov	Rat
39776127	2024	Rat
39775461	2025 Feb	Rat
39771498	2024 Nov 25	Rat
39771038	2024 Dec 23	Rat
39769155	2024 Dec 13	Rat
39764995	2025 Feb 6	Rat
39756167	2025 Feb 6	Rat
39756165	2025 Feb 6	Rat
39756162	2025 Feb 6	Rat
39754163	2025 Jan 4	Rat
39753295	2025 Jan 2	Rat
39748384	2025 Jan 2	Rat
39747501	2025 Jan 2	Rat
39747466	2025 Jun	Rat
39746902	2025 Jan 2	Rat
39746407	2025 Feb 11	Rat
39745919	2025 Jun	Rat
39744759	2025 Feb	Rat
39742533	2025 Apr	Rat
39738316	2024 Dec 30	Rat
39736635	2024 Dec 30	Rat
39733138	2024 Dec 28	Rat
39730095	2025 Mar	Rat
39719453	2024 Dec 24	Rat
39717525	2025 Mar	Rat
39713912	2024 Dec 23	Rat
39710977	2025 Feb	Rat
39704612	2025 Mar	Rat
39704001	2025 Jan 5	Rat
39703816	2025 Mar	Rat
39701459	2025 Feb 10	Rat
39701217	2025 Jan 31	Rat
39700642	2025 Apr	Rat
39696562	2024 Dec 18	Rat
39694359	2025 Feb	Rat
39679472	2024 Jan-Dec	Rat
39677117	2024 Nov	Rat
39675196	2025 Jan 27	Rat
39674232	2025 Feb 10	Rat
39665739	2025 Mar	Rat
39664129	2024 Nov	Rat
39662515	2025 Jan	Rat
39662502	2024 Dec 12	Rat
39660528	2024	Rat
39659121	2025 Feb	Rat
39656450	2024 Dec	Rat
39649418	2024	Rat
39648484	2024 Dec 17	Rat
39640869	2024 Dec	Rat
39634288	2024	Rat
39633532	2024 Dec 5	Rat
39622788	2024 Dec	Rat
39617701	2024 Dec	Rat
39617089	2025 Jan 31	Rat
39616510	2024 Dec 1	Rat
39615867	2025 Jan 15	Rat
39611391	2024 Nov 29	Rat
39609755	2024 Nov 29	Rat
39608270	2025 Feb	Rat
39608176	2025 Jan 10	Rat
39605645	2024 Nov 14	Rat
39600854	2024 Nov 18	Rat
39599668	2024 Nov 14	Rat
39596549	2024 Nov 12	Rat
39593826	2024 Nov 20	Rat
39590787	2024 Nov 8	Rat
39582925	2024 Dec	Rat
39576936	2024 Dec 12	Rat
39572483	2025 Jul	Rat
39567862	2024 Nov 20	Rat
39557105	2025 Feb 10	Rat
39556329	2025 Feb	Rat
39553645	2024 Nov 15	Rat
39547017	2024 Dec 25	Rat
39536539	2024 Dec	Rat
39530062	2024	Rat
39532163	2024 Dec	Rat
39531197	2025 Feb	Rat
39528346	2025 Mar	Rat
39519121	2024 Oct 28	Rat
39509948	2024 Dec	Rat
39503537	2024	Rat
39498503	2024 Dec 31	Rat
39491137	2023 Oct 27	Rat
39489354	2025 Jan	Rat
39487527	2024 Nov 1	Rat
39480787	2024	Rat
39486930	2025 Jan 1	Rat
39484792	2024 Dec	Rat
39479600	2024 Oct	Rat
39469810	2024 Oct 29	Rat
39468197	2024 Oct 28	Rat
39466034	2025 Jun 1	Rat
39465252	2024 Oct 28	Rat
39461237	2024 Dec 25	Rat
39458910	2024 Sep 26	Rat
39456041	2024 Oct 26	Rat
39434543	2024 Dec	Rat
39434351	2024 Oct	Rat
39434162	2024 Oct 22	Rat
39433265	2025 Jan 20	Rat
39430457	2024 Oct 15	Rat
39428562	2024 Oct	Rat
39427765	2024 Dec	Rat
39427700	2024 Dec 5	Rat
39427239	2024 Dec	Rat
39423944	2025 Jan 30	Rat
39420681	2025 Mar	Rat
39419101	2024 Oct 28	Rat
39416781	2024	Rat
39416266	2024	Rat
39408977	2024 Oct 3	Rat
39405610	2024 Dec	Rat
39404298	2024 Sep 29	Rat
39399379	2025 Feb	Rat
39393561	2025 Jan 30	Rat
39388709	2025 Mar 7	Rat
39385586	2025 Jan	Rat
39378655	2024 Dec 25	Rat
39373905	2025 Mar	Rat
39363784	2024 Nov	Rat
39362609	2024 Dec	Rat
39362426	2024 Nov	Rat
39360672	2024 Nov	Rat
39360651	2024	Rat
39357597	2025 Jan	Rat
39349832	2024 Oct	Rat
39347017	2024 Dec	Rat
39346617	2024 Dec	Rat
39341323	2024 Nov	Rat
39335538	2024 Sep 4	Rat
39335519	2024 Sep 3	Rat
39334434	2024 Sep 27	Rat
39330495	2024 Sep 7	Rat
39328516	2024 Sep 30	Rat
39326812	2025 Jan 30	Rat
39324962	2025 Apr	Rat
39321429	2024 Nov 4	Rat
39319855	2024 Sep 25	Rat
39318308	2024 Aug 25	Rat
39314229	2024	Rat
39311500	2024 Oct	Rat
39309636	2024	Rat
39307511	2024 Nov	Rat
39299793	2024 Dec	Rat
39299629	2024 Dec	Rat
39293567	2024 Oct 15	Rat
39289387	2024 Sep 17	Rat
39288622	2024 Dec 5	Rat
39288548	2025 Jan	Rat
39273553	2024 Sep 4	Rat
39264083	2024 Aug 31	Rat
39260675	2024 Oct 1	Rat
39259800	2024 Sep 13	Rat
39257895	2024	Rat
39246659	2024	Rat
39237298	2024 Sep 5	Rat
39236462	2024 Dec 5	Rat
39234669	2025 Jan	Rat
39233208	2024 Dec	Rat
39229534	2024 Aug 30	Rat
39220883	2024 Aug	Rat
39210303	2024 Aug 29	Rat
39202725	2024 Aug 6	Rat
39194747	2024 Aug 16	Rat
39193778	2024 Jul	Rat
39193636	2025 Feb	Rat
39191028	2024 Oct	Rat
39188645	2024 Oct	Rat
39182667	2024 Sep 25	Rat
39182267	2024 Nov 15	Rat
39180420	2024 Nov 1	Rat
39179013	2024 Nov	Rat
39175874	2024	Rat
39175261	2024 Aug	Rat
39175086	2024 Aug 23	Rat
39173791	2024 Oct	Rat
39170555	2024 Aug 15	Rat
39170379	2024 Aug 15	Rat
39161657	2024 Jul	Rat
39160590	2024 Aug 19	Rat
39159625	2024	Rat
39159149	2024 Aug	Rat
39157588	2024	Rat
39157315	2024 Aug 15	Rat
39156795	2024	Rat
39155743	2024	Rat
39155588	2024 Oct	Rat
39154821	2024 Nov 5	Rat
39153568	2025 Jan	Rat
39150826	2024	Rat
39148121	2024 Aug 15	Rat
39143938	2024 Oct 28	Rat
39141224	2024 Nov	Rat
39135391	2024 Aug	Rat
39129231	2024 Nov	Rat
39126832	2024 Oct	Rat
39126207	2024 Nov	Rat
39125316	2024 Jul 26	Rat
39123292	2024 Aug	Rat
39116493	2024 Oct 25	Rat
39114694	2024	Rat
39111145	2024 Oct 25	Rat
39110784	2024 May-Aug	Rat
39107784	2024 Aug 6	Rat
39106443	2025 Jan 1	Rat
39101942	2024 Aug 15	Rat
39101668	2024 Nov	Rat
39100446	2024 Jul 30	Rat
39100139	2024	Rat
39098741	2024 Sep 1	Rat
39098466	2024 Aug 15	Rat
39096531	2024 Nov 4	Rat
39092772	2024 Aug	Rat
39091625	2024	Rat
39086559	2024 Jul 26	Rat
39085510	2025 Jan	Rat
39081871	2024	Rat
39080620	2024 Jul 30	Rat
39074044	2025 Mar	Rat
39073018	2024 Dec	Rat
39070125	2024 Jun	Rat
39064807	2024 Jul 21	Rat
39063583	2024 Jun 28	Rat
39063107	2024 Jul 18	Rat
39059951	2024 Sep	Rat
39059718	2024 Dec	Rat
39057748	2024 Jul 26	Rat
39054713	2024 Jul	Rat
39041921	2024 Sep	Rat
39040490	2024 Jul	Rat
39038323	2024 Jul 19	Rat
39037882	2024 Dec	Rat
39037353	2024 Aug 20	Rat
39029227	2024 Sep 30	Rat
39013222	2024 Aug	Rat
39010104	2024 Jul 15	Rat
39000568	2024 Jul 7	Rat
38999769	2024 Jun 26	Rat
38997785	2024 Jul 12	Rat
38997070	2024 Sep	Rat
38996984	2024 Oct	Rat
38992995	2024 Nov	Rat
38990042	2024 Jul 11	Rat
38982914	2024 Jul 8	Rat
38981403	2024 Oct 15	Rat
38979128	2024 Aug	Rat
38974667	2024	Rat
38973989	2024 Oct	Rat
38971448	2024 Aug	Rat
38971106	2024 Sep 10	Rat
38965674	2024 Nov	Rat
38964626	2024 Nov 15	Rat
38955308	2024 Nov 15	Rat
38953964	2024 Sep	Rat
38953843	2024 Jul 2	Rat
38952995	2024	Rat
38950695	2024 Nov	Rat
38946809	2024 Jul	Rat
38945463	2024 Aug 15	Rat
38943867	2024 May	Rat
38935462	2024 Jul 10	Rat
38931240	2024 Jun 14	Rat
38928434	2024 Jun 19	Rat
38923690	2024 Nov	Rat
38913985	2024 Aug 16	Rat
38908346	2024 Sep 24	Rat
38908089	2024 Aug 20	Rat
38904872	2025 Feb	Rat
38904008	2024	Rat
38892229	2024 May 30	Rat
38880910	2024 Jun 16	Rat
38879481	2024 Jun 15	Rat
38877424	2024 Jun 14	Rat
38875997	2024 Aug 20	Rat
38873703	2024 Oct	Rat
38863821	2024 Jun 6	Rat
38860757	2024 Jun	Rat
38859891	2024 Jun	Rat
38858695	2024 Jun 10	Rat
38857679	2024 Oct 28	Rat
38856914	2024 Nov	Rat
38855061	2024 Sep	Rat
38851098	2024 Aug	Rat
38850105	2024 Aug 26	Rat
38846937	2024	Rat
38832987	2024 Nov	Rat
38831839	2024 May 30	Rat
38828289	2024 Jun 15	Rat
38828010	2024 Jun	Rat
38820587	2024 Sep	Rat
38818117	2024 May	Rat
38817242	2024 May	Rat
38815684	2024 Jul 15	Rat
38813293	2024 Apr	Rat
38808885	2024	Rat
38803575	2024	Rat
38794200	2024 May 14	Rat
38790015	2024 May 24	Rat
38787325	2025 Apr	Rat
38786602	2024 May 6	Rat
38785813	2024 May 10	Rat
38785157	2024 Jul	Rat
38783531	2024	Rat
38781739	2024 Jul	Rat
38779982	2024 Oct	Rat
38775854	2024 Oct	Rat
38774694	2024 Mar	Rat
38770333	2024 May 30	Rat
38766865	2024 Jul	Rat
38765877	2024	Rat
38759937	2024 Jun	Rat
38759289	2024 Jun	Rat
38754271	2024 Jul	Rat
38749277	2024 Aug	Rat
38749179	2024 Jun	Rat
38746339	2024 May 5	Rat
38734758	2025 Jun	Rat
38733647	2024 Jul	Rat
38727800	2024 Jul	Rat
38725009	2024 May 9	Rat
38724958	2024 May 9	Rat
38723559	2024 Aug 1	Rat
38720613	2024 Nov	Rat
38719877	2024 May 8	Rat
38718891	2024 Sep 15	Rat
38718039	2024	Rat
38714267	2024 Jun	Rat
38704731	2024 Jul	Rat
38699012	2024 May 15	Rat
38697463	2024 Jun 7	Rat
38696450	2024	Rat
38695125	2024 Jul	Rat
38694911	2024	Rat
38690715	2024 May 15	Rat
38686488	2024 May	Rat
38677194	2024	Rat
38669084	2024 Jun 5	Rat
38661437	2024 Apr	Rat
38655014	2024 Jun	Rat
38649157	2024 May 1	Rat
38642879	2024 Jul	Rat
38642183	2024 Apr 20	Rat
38641989	2024 Apr 20	Rat
38639180	2024 Jun	Rat
38636375	2024 May 30	Rat
38621329	2024 Jul	Rat
38613068	2024 Apr 2	Rat
38612839	2024 Apr 4	Rat
38608474	2024 May 10	Rat
38608288	2024 Apr 24	Rat
38607209	2025 Jan	Rat
38606875	2024 Nov	Rat
38604407	2024 May-Jun	Rat
38601200	2024 Mar	Rat
38593402	2024 Jun	Rat
38593124	2024	Rat
38589505	2024 Apr 8	Rat
38586591	2024 Mar	Rat
38582868	2024 Apr 6	Rat
38582335	2024 May	Rat
38581801	2024 Jun	Rat
38576477	2024	Rat
38573451	2024 Apr 15	Rat
38571919	2024	Rat
38570439	2024 Apr	Rat
38570055	2024 Jun 1	Rat
38565085	2024	Rat
38556837	2024 Jul	Rat
38555936	2024 Apr 1	Rat
38545904	2024 Jun	Rat
38542192	2024 Mar 12	Rat
38542132	2024 Mar 9	Rat
38530304	2024 Mar	Rat
38528611	2024 Mar 25	Rat
38525128	2024 Apr	Rat
38520211	2024 Apr	Rat
38520084	2024 May	Rat
38513723	2024 Apr 15	Rat
38509602	2024 Mar 20	Rat
38505310	2024 Jun	Rat
38501739	2025 Dec	Rat
38500321	2024 Mar 25	Rat
38493143	2024 Mar 16	Rat
38492655	2024 Jun	Rat
38490726	2024 May 1	Rat
38479156	2024 Apr 20	Rat
38476622	2024	Rat
38473759	2024 Feb 21	Rat
38472616	2024 Apr	Rat
38468339	2024 Mar 11	Rat
38457498	2024 Mar 8	Rat
38455098	2024 Feb 26	Rat
38447334	2024 Apr	Rat
38440110	2024 Apr	Rat
38434027	2024 Feb 29	Rat
38430015	2024 Feb 29	Rat
38429848	2024 Mar 1	Rat
38429394	2024 Mar 1	Rat
38421984	2024	Rat
38415250	2024	Rat
38412715	2024 Apr	Rat
38410163	2024	Rat
38410126	2024	Rat
38408417	2024 Mar 30	Rat
38403153	2024 Jun	Rat
38402426	2024 May	Rat
38397516	2024 Feb 9	Rat
38394066	2024 Jun	Rat
38387697	2024 Mar 15	Rat
38384986	2024 May	Rat
38381849	2024 Feb 21	Rat
38378085	2024 Apr	Rat
38375280	2024 Feb 29	Rat
38372204	2024 Apr	Rat
38371711	2024 Mar	Rat
38371277	2024 Feb	Rat
38368533	2024 Jul	Rat
38363424	2024 Feb 16	Rat
38353544	2024 Mar	Rat
38348943	2024 Mar	Rat
38347683	2024 Apr 2	Rat
38346525	2024 May 10	Rat
38346377	2024 Mar 10	Rat
38339087	2024 Feb 2	Rat
38338992	2024 Jan 30	Rat
38331303	2024 Apr	Rat
38328576	2023	Rat
38324802	2024	Rat
38317317	2025 Sep	Rat
38316633	2024 Jul	Rat
38315262	2024 Sep	Rat
38309612	2024 Mar 1	Rat
38309391	2024 Mar	Rat
38308345	2024 Feb 2	Rat
38305028	2024 Apr	Rat
38298665	2024 Jan 30	Rat
38291253	2024 Mar	Rat
38284729	2024	Rat
38284553	2024 Jan 12	Rat
38278314	2024 Feb 25	Rat
38274127	2024	Rat
38273750	2024 Jan	Rat
38269355	2024 Jan	Rat
38266947	2024 Apr 24	Rat
38266311	2024 Feb 26	Rat
38262159	2024 Feb 15	Rat
38262147	2024 Feb	Rat
38261743	2024 Jan 22	Rat
38260097	2023	Rat
38251222	2024 Oct	Rat
38245251	2024 Feb	Rat
38235309	2024 Apr	Rat
38226224	2024 Jan 15	Rat
38218854	2024 Jan 13	Rat
38218010	2024 Feb 15	Rat
38217024	2024 Jan 12	Rat
38213081	2024 Feb	Rat
38211480	2024 Feb 15	Rat
38206579	2024 Feb 2	Rat
38203768	2024 Jan 2	Rat
38200400	2024 Jul	Rat
38195597	2024 Jan 9	Rat
38194722	2024 Jan 8	Rat
38190096	2024 Apr	Rat
38187306	2024 Jan 15	Rat
38185787	2024 Apr	Rat
38183909	2024 Feb 15	Rat
38180634	2024 Feb	Rat
38174366	2024 Feb	Rat
38173866	2024 Feb	Rat
38173197	2025	Rat
38171734	2024	Rat
38166086	2024	Rat
38165554	2024 Jan 2	Rat
38164685	2024 Jan	Rat
38161708	2024 Jan	Rat
38159166	2024 Apr	Rat
38158473	2024 Jul	Rat
38153629	2023 Dec	Rat
38153253	2024 Apr 15	Rat
38146807	2024 May	Rat
38142643	2024 Jan 25	Rat
38137944	2023 Dec 15	Rat
38132929	2023 Nov 25	Rat
38129488	2023 Dec 21	Rat
38106771	2023 Nov	Rat
38105759	2024 Feb 1	Rat
38105181	2023 Dec 18	Rat
38102700	2023 Dec 15	Rat
38100656	2024 Jan 1	Rat
38095638	2023 Dec 13	Rat
38091638	2024 Jan	Rat
38072028	2024 Jan 18	Rat
38071492	2024 Apr	Rat
38070808	2024 Feb	Rat
38070625	2024 Feb	Rat
38070246	2024 Jan	Rat
38070024	2024 Aug	Rat
38064612	2024 Aug	Rat
38063098	2023 Nov 30	Rat
38060174	2024 Sep	Rat
38059300	2023 Jan-Dec	Rat
38055770	2023 Dec	Rat
38053342	2023 Dec	Rat
38047481	2024 May	Rat
38046818	2023	Rat
38046403	2023	Rat
38037367	2023 Dec 1	Rat
38035977	2024 Mar	Rat
38032278	2023 Nov 29	Rat
38024839	2023 Dec	Rat
38021454	2023	Rat
38017556	2023 Nov 28	Rat
38015926	2024 Feb 7	Rat
38012335	2024 Feb	Rat
38007064	2024 Jan	Rat
38004429	2023 Nov 6	Rat
38003530	2023 Nov 15	Rat
38002439	2023 Nov 15	Rat
38002386	2023 Oct 30	Rat
38001135	2023 Nov 24	Rat
37994991	2024 Feb	Rat
37993861	2023 Nov 22	Rat
37992540	2023 Dec	Rat
37988908	2024 Jan 5	Rat
37983852	2024 Jul	Rat
37978830	2025 Jun	Rat
37977262	2024 Jan	Rat
37975685	2023 Dec 12	Rat
37971469	2024 Aug	Rat
37962287	2024 Mar	Rat
37959383	2023 Nov 3	Rat
37958960	2023 Nov 5	Rat
37958526	2023 Oct 24	Rat
37952573	2023 Dec 15	Rat
37951197	2023 Dec	Rat
37943572	2024 Jan	Rat
37941009	2023 Nov 8	Rat
37935794	2023 Nov 7	Rat
37932746	2023 Nov 7	Rat
37921641	2023 Nov 13	Rat
37919852	2024 Jan	Rat
37915330	2023	Rat
37907921	2023 Oct 31	Rat
37892013	2023 Oct 12	Rat
37888448	2023 Sep 28	Rat
37881649	2023	Rat
37879949	2023 Oct 25	Rat
37878123	2023 Oct 25	Rat
37873552	2023	Rat
37872706	2025 Jun	Rat
37867223	2023 Nov	Rat
37867024	2023 Dec	Rat
37856220	2023 Nov 13	Rat
37855351	2024	Rat
37847690	2023	Rat
37842260	2023 Sep 30	Rat
37839112	2023 Dec	Rat
37837194	2025 Mar	Rat
37836657	2023 Sep 27	Rat
37832237	2023 Nov	Rat
37831115	2024 Apr	Rat
37820423	2023 Nov	Rat
37814350	2023 Oct 9	Rat
37803031	2023 Oct 6	Rat
37799879	2023 Oct	Rat
37795890	2023 Aug 31	Rat
37788390	2024 Jan	Rat
37782985	2023 Nov	Rat
37782061	2023 Sep 30	Rat
37770671	2024 Jun	Rat
37769389	2023 Nov	Rat
37762574	2023 Sep 19	Rat
37752608	2023 Sep 27	Rat
37751010	2023 Nov	Rat
37750185	2024 Jan	Rat
37750171	2023	Rat
37749722	2023 Apr 5	Rat
37749650	2023 Sep 25	Rat
37748407	2023 Nov	Rat
40226424	2023	Rat
37744252	2023	Rat
37741535	2023 Oct 1	Rat
37741491	2023 Nov 15	Rat
37736726	2023 Sep 22	Rat
37735385	2023 Sep 21	Rat
37731960	2023 Oct	Rat
37731080	2024 Mar	Rat
37729727	2023 Nov	Rat
37727896	2024 Jul	Rat
37725260	2023 Dec	Rat
37723593	2023 Sep 18	Rat
37718444	2023 Sep 18	Rat
37697034	2023 Sep 11	Rat
37691947	2023	Rat
37691117	2023 Sep 11	Rat
37691099	2023 Sep 11	Rat
37690040	2023	Rat
37688977	2023 Nov	Rat
37686806	2023 Aug 29	Rat
37686412	2023 Sep 2	Rat
37686220	2023 Aug 29	Rat
37683603	2023 Sep 7	Rat
37679986	2023 Oct	Rat
37679780	2023 Sep 8	Rat
37674829	2023 Sep	Rat
37664703	2023 Aug	Rat
37663478	2023 Aug 29	Rat
37662752	2023 Sep	Rat
37659033	2024 Sep	Rat
37657261	2023 Oct	Rat
37655800	2024 Dec	Rat
37647773	2023 Oct	Rat
37635810	2023 Jul	Rat
37635149	2023 Dec	Rat
37634474	2023 Oct	Rat
37632225	2023 Nov	Rat
37631386	2023 Aug 21	Rat
37630779	2023 Aug 16	Rat
37627540	2023 Aug 2	Rat
37620972	2023 Aug 24	Rat
37585914	2023	Rat
37579836	2023 Nov 1	Rat
37573656	2023 Oct	Rat
37566306	2024 Feb	Rat
37562758	2023 Dec	Rat
37561757	2023	Rat
37560412	2023 Sep	Rat
37560389	2023 Sep	Rat
37560235	2023	Rat
37560208	2023	Rat
37553918	2023 Aug	Rat
37545537	2023	Rat
37544583	2023 Dec	Rat
37534667	2024 Apr	Rat
37527970	2023 Nov	Rat
37526734	2023 Oct	Rat
37524209	2023 Sep	Rat
37520829	2023	Rat
37517294	2023 Sep	Rat
37516370	2023 Nov 1	Rat
37511425	2023 Jul 19	Rat
37508874	2023 Jul 17	Rat
37501011	2024 Jun	Rat
37492542	2023 Mar 30	Rat
37491820	2024 Sep	Rat
37485568	2023 Dec	Rat
37476067	2023 Jul	Rat
37458470	2023 Jun 30	Rat
37457883	2023 Jul	Rat
37454204	2023 Jul 15	Rat
37450265	2023 Jun	Rat
37445948	2023 Jun 28	Rat
37439514	2023 Jul 25	Rat
37423522	2023 Aug 15	Rat
37422468	2023 Jul 8	Rat
37418791	2023 Sep	Rat
37414224	2023 Aug 24	Rat
37403239	2023 Oct 5	Rat
37400752	2023 Jul 3	Rat
37400744	2023 Jul 4	Rat
37399606	2023 Sep	Rat
37390363	2023 Nov 1	Rat
37386638	2023 Jun 29	Rat
40226396	2023	Rat
37380363	2023 Oct	Rat
37361231	2023	Rat
37354697	2023 Sep	Rat
37353141	2023 Oct	Rat
37352198	2023	Rat
37351173	2023	Rat
37348266	2023 Aug	Rat
37345716	2023 Sep	Rat
37337188	2023 Jun 19	Rat
37321426	2023 Dec 5	Rat
37319312	2023 Jun	Rat
37318254	2023 May 19	Rat
37311826	2023 Jun 13	Rat
37310645	2023 Oct	Rat
37308383	2023 Nov	Rat
37295640	2023 Jul 27	Rat
37295627	2023 Sep 1	Rat
37295026	2023 Aug	Rat
37293534	2023 Jul	Rat
37293378	2023 Jun	Rat
37272023	2023 May-Aug	Rat
37262955	2023 Jul	Rat
37259405	2023 Feb 8	Rat
37257711	2023 Oct 28	Rat
37257556	2023 Oct	Rat
37249758	2024 Apr	Rat
37249374	2023 Jul	Rat
37249294	2023 May	Rat
37245297	2023 Jul	Rat
37242647	2023 May 4	Rat
37240401	2023 May 21	Rat
37237380	2023 May 26	Rat
37226203	2023 May 24	Rat
37224433	2024 Jan	Rat
37220632	2023	Rat
37209629	2023 Aug	Rat
37195554	2023 Apr	Rat
37184045	2024 May	Rat
37182456	2023 Jul	Rat
37182095	2023 May 19	Rat
37172359	2023 Sep 5	Rat
37169906	2023 May 11	Rat
37169474	2023 Jun	Rat
37168259	2023	Rat
37156857	2023 May 8	Rat
37156309	2023 Jun 10	Rat
37153081	2023	Rat
37151687	2023 Apr	Rat
37150265	2023 Jul	Rat
37149963	2023 Jul	Rat
37149084	2023 Jul 1	Rat
37132371	2023 Dec	Rat
37132309	2024	Rat
37131836	2023 Apr 21	Rat
37128287	2023 Jun	Rat
37123896	2023 Apr	Rat
37121542	2023 Jul 1	Rat
37118669	2023 Apr 28	Rat
37111757	2023 Apr 18	Rat
37108239	2023 Apr 11	Rat
37104199	2023 Apr 1	Rat
37091797	2023	Rat
37087870	2023 Jun	Rat
37087680	2023 Nov	Rat
37087677	2023 Nov	Rat
37086007	2024 Jun	Rat
37081089	2023 Apr 20	Rat
37079955	2023 Jun 11	Rat
37079558	2023	Rat
37072059	2023 Jun 15	Rat
37069673	2023 Apr 17	Rat
37066028	2023 Mar 31	Rat
37062041	2023 Aug	Rat
37058811	2023 Jun	Rat
37055831	2023 Apr 13	Rat
37050907	2023	Rat
37044295	2023 Aug	Rat
37044038	2023 Jun	Rat
37036864	2023	Rat
37035017	2023	Rat
37031825	2023 Jul 15	Rat
37030192	2023 Jun	Rat
37024468	2023 Apr 6	Rat
37021698	2023 Jul	Rat
37021209	2023 Apr	Rat
37021049	2023	Rat
37020714	2023	Rat
37019002	2023 Aug 5	Rat
36989423	2023 Apr 11	Rat
36986590	2023 Feb 22	Rat
36986147	2023 Mar 15	Rat
36984837	2023 Mar 8	Rat
36959872	2023	Rat
36959767	2023 Nov	Rat
36959556	2023 Mar 23	Rat
36948080	2023 Jun	Rat
36947594	2023 Mar 22	Rat
36942811	2022 Oct	Rat
36941805	2023 Sep	Rat
36935520	2023 May	Rat
36933489	2023 May	Rat
36933487	2023 May	Rat
36931471	2023 Apr	Rat
36931029	2023 May	Rat
36925544	2023 Mar	Rat
36925039	2023 May	Rat
36924682	2023 Jun	Rat
36921676	2023 May	Rat
36902256	2023 Mar 2	Rat
36895628	2023	Rat
36893673	2023 May	Rat
36881321	2023 Nov	Rat
36880168	2023 Jul	Rat
36875052	2023 Aug	Rat
36871986	2023 Feb	Rat
36864518	2023 Mar 2	Rat
36862227	2023 Apr	Rat
36845968	2023	Rat
36839155	2023 Feb 4	Rat
36835852	2023 Feb 7	Rat
36834951	2023 Feb 10	Rat
36828196	2023 Jun 12	Rat
36828166	2023 Apr 1	Rat
36815042	2023 Jan	Rat
36809823	2023 May 23	Rat
36809635	2023 Jun	Rat
36806301	2023 Jun	Rat
36804901	2023 Apr 1	Rat
36804438	2023 Feb 20	Rat
36803799	2023 Feb 17	Rat
36794279	2023	Rat
36793188	2023 May 2	Rat
36788469	2023 Jun	Rat
36769097	2023 Feb 1	Rat
36760992	2023	Rat
36757520	2023 Feb 9	Rat
36752698	2023 Jun	Rat
36748885	2023 Apr	Rat
36738173	2023 Apr	Rat
36737044	2023 Apr	Rat
36731815	2023 Apr	Rat
36722313	2023 Feb	Rat
36721094	2023 Jan 31	Rat
36719872	2023	Rat
36701776	2022 Nov	Rat
36700279	2023	Rat
36694467	2022 Jun	Rat
36693558	2023 May	Rat
36685080	2023 Jan	Rat
36681186	2023 Mar 1	Rat
36657317	2023 Mar	Rat
36650622	2023	Rat
36645043	2023 Feb	Rat
36635774	2023 Jan 12	Rat
36634591	2023 Mar	Rat
36630614	2023 Jan 25	Rat
36628407	2023 Mar	Rat
36603515	2023 Mar	Rat
36596433	2023 Mar 1	Rat
36592973	2023 Dec	Rat
36589821	2022	Rat
36584922	2023 Apr 6	Rat
36584762	2023 Jan 15	Rat
36582221	2022	Rat
36578323	2022	Rat
36565467	2023 Feb 17	Rat
36562983	2023 Feb	Rat
36561496	2022 Dec	Rat
36561044	2022	Rat
36552848	2022 Dec 16	Rat
36552791	2022 Dec 13	Rat
36552524	2022 Nov 23	Rat
36545287	2022	Rat
36538851	2023 Jan	Rat
36536500	2022 Dec	Rat
36527878	2023 Jan	Rat
36527845	2023 Feb	Rat
36523496	2022	Rat
36523183	2022 Sep-Dec	Rat
36516695	2023 Feb	Rat
36515017	2023	Rat
36514784	2023 Mar	Rat
36512848	2023 Jan 15	Rat
36510338	2023 Jan-Dec	Rat
36508923	2023 Jan	Rat
36508695	2022 Jan-Dec	Rat
36506533	2022	Rat
36500713	2022 Dec 6	Rat
36480128	2023 Apr	Rat
36473675	2023 Mar	Rat
36473007	2022	Rat
36466156	2022	Rat
36461366	2022 Dec	Rat
36459007	2022 Nov	Rat
36458900	2023 Jan-Dec	Rat
36451121	2022 Dec 1	Rat
36440749	2022 Nov 26	Rat
36439850	2022	Rat
36439689	2022	Rat
36439631	2023 Jan	Rat
36437587	2023 Feb	Rat
36435414	2023 Feb	Rat
36428240	2022 Dec	Rat
36427113	2023 Feb	Rat
36424837	2022 Apr	Rat
36414669	2022 Nov 21	Rat
36414226	2023 Jun	Rat
36413378	2022 Dec	Rat
36409758	2022	Rat
36403512	2023 Jan	Rat
36401840	2023 Feb	Rat
36400827	2022 Nov 18	Rat
36396777	2023 Apr	Rat
36387933	2022	Rat
36386489	2022 Oct	Rat
36386227	2022	Rat
36384557	2022 Nov 16	Rat
36378992	2022 Dec 5	Rat
36377077	2022 Dec	Rat
36370754	2022 Dec	Rat
36369759	2022 Dec	Rat
36367487	2022 Dec 5	Rat
36364138	2022 Oct 27	Rat
36359341	2022 Nov 5	Rat
36358921	2022 Oct 26	Rat
36357655	2023 Aug	Rat
36357568	2022 Nov	Rat
36355304	2023	Rat
36354073	2023 Feb	Rat
36348189	2023 Apr	Rat
36346829	2022 Nov	Rat
36345305	2022	Rat
36344944	2022 Nov 7	Rat
36342311	2022 Nov	Rat
36334016	2023 Mar	Rat
36331571	2023 Jan	Rat
36321414	2023 Feb	Rat
36318796	2023 Oct	Rat
36318110	2023 Mar	Rat
36312551	2022	Rat
36311191	2022 Oct	Rat
36310623	2022	Rat
36310024	2023 Aug 30	Rat
36306560	2022 Dec	Rat
36282841	2022	Rat
36277163	2022 Nov	Rat
36276424	2022 Oct	Rat
36274486	2022 Dec	Rat
36272490	2023 Jan 30	Rat
36271317	2022 Dec	Rat
36270478	2023 Feb	Rat
36267713	2022 Sep	Rat
36262297	2022 Oct	Rat
36252481	2022 Dec	Rat
36241137	2023 Jan	Rat
36241136	2023 Feb	Rat
36238561	2022	Rat
36235621	2022 Sep 24	Rat
36231135	2022 Oct 10	Rat
36229661	2022 Oct	Rat
36224572	2022 Oct 12	Rat
36224488	2023 Jan	Rat
36212013	2022 Oct	Rat
36206595	2022 Dec 3	Rat
36203618	2022	Rat
36202189	2022 Nov 15	Rat
36201235	2023 Jan	Rat
36196448	2022 Dec	Rat
36187764	2022	Rat
36178080	2022 Nov	Rat
36173680	2022 Nov 8	Rat
36167718	2022 Sep 27	Rat
36158318	2022 Oct	Rat
36145560	2022 Aug 29	Rat
36145533	2022 Aug 26	Rat
36138477	2022 Sep 23	Rat
36133743	2022	Rat
36127685	2022 Sep 20	Rat
36120586	2022	Rat
36114576	2022 Sep 16	Rat
36105068	2022	Rat
36102306	2022 Nov	Rat
36097281	2022 Sep 12	Rat
36093744	2023 Feb	Rat
36084724	2022 Oct 1	Rat
36081528	2022 Aug	Rat
36078172	2022 Sep 5	Rat
36077161	2022 Aug 28	Rat
36066338	2022 Sep	Rat
36065971	2022 Sep 6	Rat
36064420	2022 Sep 5	Rat
36064070	2022 Oct	Rat
36059019	2022 Dec	Rat
36058911	2022 Sep 4	Rat
36056857	2023	Rat
36056701	2022 Oct 3	Rat
36052873	2023 Feb	Rat
36046946	2022 Dec	Rat
36041665	2022 Nov	Rat
36034791	2022	Rat
36030058	2022 Nov	Rat
36017131	2022	Rat
36012474	2022 Aug 16	Rat
36001206	2023 Mar	Rat
36000146	2022 Aug	Rat
35994920	2022 Oct	Rat
35992559	2022	Rat
35978504	2022 Sep	Rat
35968240	2022	Rat
35966730	2022	Rat
35966099	2022	Rat
35965964	2022	Rat
35964457	2022 Oct	Rat
35962723	2022 Nov	Rat
35962465	2023 Jan	Rat
35961266	2022 Oct	Rat
35958905	2022	Rat
35956346	2022 Aug 1	Rat
35953031	2023 May	Rat
35943688	2022 Dec	Rat
35937624	2022 Aug	Rat
35935815	2022	Rat
35933783	2022 Oct	Rat
35932105	2022 Jul-Sep	Rat
35923173	2022 Jan-Dec	Rat
35917632	2022 Aug	Rat
35910845	2022	Rat
35910349	2022	Rat
35903181	2022	Rat
35902802	2022 Jul 28	Rat
35900969	2022	Rat
35894841	2022 Sep	Rat
35887046	2022 Jul 12	Rat
35883610	2022 Jul 11	Rat
35878435	2022 Oct	Rat
35876037	2022 Oct	Rat
35873632	2022	Rat
35868770	2022 Oct 15	Rat
35866931	2022 Oct	Rat
35866183	2022 Jul-Sep	Rat
35866033	2022	Rat
35865531	2022	Rat
35863592	2022 Aug 25	Rat
35848848	2022 Nov	Rat
35847580	2022	Rat
35843877	2022 Aug	Rat
35843479	2022 Oct	Rat
35842727	2022 Jul 16	Rat
35842709	2022 Jul 16	Rat
35837136	2022 Jul 8	Rat
35837034	2022 Aug	Rat
35837029	2022 Aug	Rat
35836795	2022	Rat
35834942	2022 Aug	Rat
35818290	2022 Jul-Sep	Rat
35818257	2022 Feb 4	Rat
35818191	2022 Feb 27	Rat
35815581	2022 Dec	Rat
35815270	2022	Rat
35807786	2022 Jun 23	Rat
35806272	2022 Jun 30	Rat
35802196	2022 Jul 8	Rat
35801691	2022 Aug 8	Rat
35797941	2022 Sep	Rat
35787089	2022 Jul	Rat
35784155	2022 Jul	Rat
35779774	2022 Sep 1	Rat
35775127	2022 Aug	Rat
35768581	2022 Jun 29	Rat
35765090	2022 Jun 28	Rat
35764040	2022 Aug	Rat
35757507	2022	Rat
35749420	2022	Rat
35747360	2022 Jul	Rat
35740105	2022 Jun 20	Rat
35734099	2022	Rat
35732230	2022 Aug 15	Rat
35731315	2022 Dec	Rat
35730575	2022 Jul 15	Rat
35726637	2022 Aug	Rat
35726537	2022 Jun 21	Rat
35726138	2022 Sep	Rat
35725994	2023 Apr	Rat
35725167	2022 Sep 15	Rat
35722355	2022 May	Rat
35720033	2022	Rat
35710352	2022 Jun 16	Rat
35697129	2022 Aug	Rat
35687708	2022 Sep	Rat
35685668	2022	Rat
35668932	2022	Rat
35662715	2022	Rat
35660867	2022 Jul	Rat
35657996	2022 Jun	Rat
35643339	2022 Aug	Rat
35640164	2023 Jan 26	Rat
35618240	2022 Sep	Rat
35615665	2022	Rat
35614438	2022 May 25	Rat
35600853	2022	Rat
35588619	2022 Jul 1	Rat
35588576	2022 Jul	Rat
35588172	2022 Jun	Rat
35586367	2022	Rat
35585627	2022 May 18	Rat
35585042	2022 May 18	Rat
35581507	2022 Jul	Rat
35580540	2022 Jul 23	Rat
35576828	2022 Jul 1	Rat
35573252	2022	Rat
35573148	2022 Apr	Rat
35550528	2022 Jul	Rat
35549743	2022 Apr-Jun	Rat
35526013	2022 May 7	Rat
35513247	2022 Aug	Rat
35512418	2022 Jun	Rat
35509713	2022	Rat
35496642	2022 Jun	Rat
35488739	2023 Feb	Rat
35488245	2022 Apr 29	Rat
35473339	2022 Apr	Rat
35472612	2022 Aug	Rat
35466632	2022 Jan-Mar	Rat
35466627	2022 Jan-Mar	Rat
35461155	2022 Aug	Rat
35457176	2022 Apr 14	Rat
35447200	2022 Aug 10	Rat
35438034	2022 Apr-Jun	Rat
35436417	2022 Apr	Rat
35433786	2022	Rat
35421437	2022 Jun	Rat
35420503	2022 Apr	Rat
35410202	2022 Apr 11	Rat
35409085	2022 Mar 28	Rat
35406100	2022 Apr 2	Rat
35405969	2022 Mar 24	Rat
35405347	2022 Jul	Rat
35404511	2022 Jun	Rat
35400478	2022 Jun 1	Rat
35390446	2022 Jun 15	Rat
35387326	2022	Rat
35385163	2022 Jul	Rat
35382556	2022 Apr	Rat
35378415	2022 Jun	Rat
35378300	2022 May	Rat
35365233	2022 Apr 1	Rat
35363484	2022 Apr 13	Rat
35362116	2022 Jun	Rat
35356271	2022	Rat
35354886	2022 Mar 30	Rat
35353555	2022 Apr	Rat
35348136	2022 May 4	Rat
35337368	2022 Mar 25	Rat
35330945	2022 Mar	Rat
35326137	2022 Feb 28	Rat
35322732	2022 Nov	Rat
35320827	2022 Apr	Rat
35318491	2022 Jun	Rat
35318234	2022 Mar 22	Rat
35312120	2022 May	Rat
35311424	2022 Nov	Rat
35309149	2022	Rat
35306352	2022 Mar	Rat
35305656	2022 Mar 19	Rat
35300071	2022	Rat
35297314	2022 Apr	Rat
35289131	2022 Aug	Rat
35285977	2022 Dec	Rat
35284738	2022 Mar 8	Rat
35281931	2022	Rat
35259418	2022 May	Rat
35256711	2022 Mar 7	Rat
35256585	2022 Mar 7	Rat
35255737	2022 Jan-Mar	Rat
35253089	2022 May	Rat
35246217	2022 Mar 4	Rat
35242868	2022 Jan	Rat
35240891	2022 Jan-Dec	Rat
35235465	2022 Apr	Rat
35235416	2022 Mar	Rat
35227974	2022 Jun	Rat
35226093	2022 Feb 28	Rat
35223983	2021	Rat
35218985	2022 May	Rat
35213812	2022 Jan-Dec	Rat
35209238	2022 Feb 21	Rat
35207465	2022 Jan 26	Rat
35202986	2022 Apr	Rat
35191811	2022 Apr	Rat
35191807	2022 Mar	Rat
35188225	2022 May	Rat
35188017	2022 Dec	Rat
35186100	2022	Rat
35185905	2022	Rat
35184279	2022 Oct	Rat
35183192	2022 Feb 19	Rat
35182823	2022 May 15	Rat
35181731	2022 Feb 18	Rat
35180001	2022 Feb	Rat
35179989	2022 Mar	Rat
35179619	2022 Jul	Rat
35177103	2022 Feb 17	Rat
35175482	2022 Feb	Rat
35175176	2022 Dec	Rat
35172438	2021 Dec	Rat
35165902	2022 Jul	Rat
35165510	2022	Rat
35164837	2022 Feb 14	Rat
35155962	2022 Feb 8	Rat
35151829	2022 May	Rat
35148687	2022 Feb 11	Rat
35147250	2022 May	Rat
35139424	2022 May	Rat
35129942	2022 Feb 7	Rat
35129065	2022 Jan	Rat
35128295	2021 Nov-Dec	Rat
35126711	2022 Mar	Rat
35120538	2022 Feb 4	Rat
35118894	2022 Jan-Mar	Rat
35118490	2022 Jul 1	Rat
35115824	2022	Rat
35114343	2022 May 10	Rat
35101368	2022 Mar	Rat
35094658	2022 Feb	Rat
35093450	2022 Apr 30	Rat
35092863	2022 May-Jun	Rat
35088942	2022 Mar	Rat
35086536	2022 Jan 27	Rat
35075624	2022 Mar	Rat
35070139	2022 Jan	Rat
35057811	2022 Jan 20	Rat
35056734	2022 Jan 10	Rat
35053363	2022 Jan 12	Rat
35048626	2022 Feb 1	Rat
35047645	2022	Rat
35046719	2022	Rat
35046053	2022 Jan 25	Rat
35043648	2022 Mar 25	Rat
35035830	2022	Rat
39346968	2022	Rat
35032407	2022 Feb	Rat
35031867	2022 Mar	Rat
35026522	2022 Feb	Rat
35018959	2022 Feb 7	Rat
35017058	2022 Apr	Rat
35008719	2021 Dec 28	Rat
35007233	2022 Feb 1	Rat
35003798	2022 Jan	Rat
35003796	2022 Jan	Rat
35003293	2021	Rat
35002698	2021	Rat
35001833	2022 Jan	Rat
34994469	2022 Sep	Rat
34994274	2022 Jan 2	Rat
34986843	2022 Jan 5	Rat
34981817	2022 Mar	Rat
34980076	2022 Jan 3	Rat
34976968	2021	Rat
34970140	2021	Rat
34964303	2022 May	Rat
34963343	2022 May	Rat
34958937	2022 Mar	Rat
34956224	2021	Rat
34956209	2021	Rat
34954133	2022 Jan 30	Rat
34953035	2022 Feb	Rat
34948080	2021 Dec 10	Rat
34942464	2022 Mar	Rat
34941874	2021	Rat
34939390	2021 Dec	Rat
34931844	2022 Jan 27	Rat
34930351	2021 Dec 20	Rat
34926690	2021	Rat
34925524	2021	Rat
34920307	2022 May 1	Rat
34916941	2021	Rat
34901559	2022 Apr	Rat
34894103	2022 Feb	Rat
34893958	2021 Dec	Rat
34893461	2022 Feb	Rat
34891002	2022 Jan	Rat
34886755	2022 Jun	Rat
34885759	2021 Nov 26	Rat
34876884	2021	Rat
34869311	2021	Rat
34867025	2021 Dec	Rat
34859624	2021 Dec 1	Rat
34859319	2021 Dec 3	Rat
34858186	2021	Rat
34856202	2022 Feb 15	Rat
34855756	2021	Rat
34855094	2021 Dec	Rat
34853968	2021 Dec	Rat
34848799	2021 Nov 30	Rat
34847835	2022 Feb	Rat
34847824	2021 Dec	Rat
34845965	2022 Feb	Rat
34834085	2021 Nov 19	Rat
34826631	2022 Feb	Rat
34822412	2021 Oct 31	Rat
34813965	2022 Jan	Rat
34803392	2021	Rat
34798298	2022 Jan	Rat
34795875	2021 Nov 11	Rat
34795843	2021	Rat
34791735	2022 Feb	Rat
34787893	2022 Dec	Rat
34783292	2021 Dec	Rat
34783063	2022 Aug	Rat
34779501	2022 Jan	Rat
34777686	2021	Rat
34775836	2021 Dec	Rat
34774790	2022 Feb	Rat
34772597	2023 Jan	Rat
34765608	2021	Rat
34764819	2021	Rat
34760015	2021	Rat
34759325	2021 Nov	Rat
34739982	2021 Dec	Rat
34738623	2022 Jan	Rat
34736242	2021 Nov 19	Rat
34721961	2021	Rat
34719360	2021	Rat
34717689	2021 Oct 30	Rat
34716969	2023 Apr	Rat
34715362	2021 Dec	Rat
34704713	2021 Nov	Rat
34702302	2021 Oct 26	Rat
34697729	2023 Jun	Rat
34687817	2021 Nov 20	Rat
34685839	2021 Sep 27	Rat
34684325	2021 Sep 23	Rat
34681754	2021 Oct 14	Rat
34680516	2021 Oct 5	Rat
34673134	2021 Dec	Rat
34671794	2021 Nov 9	Rat
34665836	2021	Rat
34656826	2021 Dec	Rat
34646331	2021	Rat
34645468	2021 Oct 13	Rat
34638520	2021 Sep 22	Rat
34629040	2022	Rat
34628351	2021 Oct	Rat
34626937	2021 Nov	Rat
34626798	2022 Feb	Rat
34612533	2022 Apr	Rat
34608279	2021 Oct	Rat
34607107	2021 Dec	Rat
34605731	2021 Dec	Rat
34603477	2021	Rat
34603050	2021	Rat
34581513	2021 Dec	Rat
34578024	2021 Sep 16	Rat
34575945	2021 Sep 10	Rat
34572301	2021 Aug 30	Rat
34572070	2021 Sep 14	Rat
34567597	2021 Jan	Rat
34554354	2022 Apr	Rat
34554160	2021 Oct 26	Rat
34553673	2021 Dec	Rat
34552480	2021	Rat
34551684	2021 Dec	Rat
34549304	2021 Nov	Rat
34548858	2021 Sep-Oct	Rat
34546477	2021 Dec	Rat
34544313	2022 Aug	Rat
34542842	2021 Dec	Rat
34539843	2021 Nov	Rat
34539417	2021	Rat
34539013	2021 Sep	Rat
34536814	2021 Dec	Rat
34535669	2021 Sep 17	Rat
34529586	2021 Sep 15	Rat
34528494	2021 Dec	Rat
34522804	2021 Sep	Rat
34521030	2021 Dec	Rat
34515572	2022 Mar	Rat
34512868	2021	Rat
34511883	2021	Rat
34500490	2023 Apr	Rat
34494933	2021 Oct	Rat
34491054	2021 Sep 23	Rat
34490639	2021 Oct	Rat
34488597	2022	Rat
34486477	2021 Dec	Rat
34474599	2021 Dec	Rat
34468900	2021 Oct	Rat
34466747	2022 Jan	Rat
34466714	2022 Jan	Rat
34466385	2021 Sep	Rat
34466029	2021	Rat
34457118	2021	Rat
34455406	2021 Aug 29	Rat
34454425	2021 Aug 28	Rat
34452236	2021 Aug 17	Rat
34450401	2021 Nov	Rat
34448527	2021 Oct	Rat
34446107	2021 Aug 26	Rat
34438368	2021 Aug 26	Rat
34426599	2021 Aug 23	Rat
34417523	2021 Aug 20	Rat
34417329	2021 Oct 6	Rat
34413269	2021 Aug 19	Rat
34409742	2021 Oct	Rat
34396019	2021 Sep-Oct	Rat
34392653	2021 Aug	Rat
34387414	2021 Sep	Rat
34385915	2021	Rat
34371251	2021 Oct	Rat
34362134	2021 Jul 29	Rat
34354409	2021 Aug	Rat
34341460	2021 Aug 2	Rat
34336354	2021	Rat
34327200	2021	Rat
34322020	2021	Rat
34321048	2021 Jul 28	Rat
34315312	2022 Jan	Rat
34298911	2021 Jul 7	Rat
34295174	2021	Rat
34290513	2021	Rat
34285153	2021 Nov 1	Rat
34282229	2021 Jul 19	Rat
34279516	2021 Jul 5	Rat
34275162	2021 Nov	Rat
34270585	2021	Rat
34266679	2021 Oct	Rat
34254815	2021 Jul	Rat
34250725	2021 Aug	Rat
34248008	2021 Jan	Rat
34245949	2021 Nov 15	Rat
34242803	2021 Sep	Rat
34237707	2021 Jul 8	Rat
34224496	2022 Mar 1	Rat
34222340	2021	Rat
34222263	2021	Rat
34221446	2021 Aug	Rat
34217311	2021 Jul 3	Rat
34214783	2021 Aug	Rat
34213976	2021 Aug	Rat
34209006	2021 Jun 30	Rat
34199631	2021 Jun 2	Rat
34195707	2021 Jul 21	Rat
34191353	2021 Nov	Rat
34185967	2021 Sep	Rat
34171516	2021 Nov	Rat
34167632	2021 Jun 1	Rat
34167449	2021 Dec	Rat
34165157	2021 Aug	Rat
34162150	2021 Jul	Rat
34159843	2021 Dec	Rat
34158084	2021 Jun 22	Rat
34152615	2021 Nov	Rat
34149433	2021	Rat
34147072	2021 Jun 19	Rat
34139256	2021 Aug	Rat
34136155	2021 Jun	Rat
34134780	2021 Jun 16	Rat
34126199	2021 Sep	Rat
34122080	2021	Rat
34117571	2021 Jun	Rat
34116187	2022 Jan 10	Rat
34108432	2022 Feb 1	Rat
34103964	2021	Rat
34102487	2021 Aug	Rat
34102226	2021 Aug 15	Rat
34094861	2021 Jul	Rat
34090897	2021 Sep 5	Rat
34074301	2021 Jun 1	Rat
34071594	2021 May 28	Rat
34063749	2021 May 21	Rat
34055194	2021	Rat
34052737	2021 Aug	Rat
34050807	2021 Sep	Rat
34040358	2021	Rat
34037306	2021 Jul	Rat
34032607	2021 May 25	Rat
34031844	2021 Dec	Rat
34023528	2021 Aug	Rat
34020031	2021 Aug	Rat
34017409	2021	Rat
34016181	2021 May 20	Rat
34015701	2021 Aug	Rat
34015366	2021 Oct 5	Rat
34006826	2021 May 18	Rat
34002829	2021 May	Rat
33995548	2021	Rat
33995052	2021	Rat
33989507	2021 Nov	Rat
33977183	2021	Rat
33958682	2021 May 6	Rat
33957357	2021 Jun 1	Rat
33953685	2021	Rat
33946919	2021 Apr 29	Rat
33945396	2021 Jun	Rat
33942537	2021 May	Rat
33939310	2021 Jun	Rat
33939302	2021 Jun	Rat
33937412	2021	Rat
33937236	2021	Rat
33935789	2021	Rat
33927631	2021	Rat
33927614	2021	Rat
33916108	2021 Apr 1	Rat
33915333	2021 Aug	Rat
33915069	2021 Dec	Rat
33913543	2022 Mar	Rat
33912721	2021 Apr	Rat
33910401	2021 Jan-Dec	Rat
33893944	2021 Apr	Rat
33892137	2021 Jul	Rat
33881683	2021 Jun	Rat
33881378	2021 Jun	Rat
33872738	2021 Jul 15	Rat
33869900	2021 Oct	Rat
33860572	2021 Jul	Rat
33859494	2021	Rat
33853645	2021 Apr 14	Rat
33850953	2021 Jun 11	Rat
33850710	2021 Jan-Mar	Rat
33850554	2021 Jun	Rat
33846783	2021 Jun	Rat
33841653	2021	Rat
33841009	2021 Mar	Rat
33835672	2021 Jun 21	Rat
33833854	2021	Rat
33833406	2022 Feb	Rat
33830541	2022 Feb	Rat
33829057	2021	Rat
33821497	2021 Nov	Rat
33817283	2020	Rat
33814979	2021	Rat
33808727	2021 Mar 19	Rat
33806315	2021 Mar 4	Rat
33799588	2021 Mar 11	Rat
33799537	2021 Mar 11	Rat
33793684	2021	Rat
33786819	2021 Aug	Rat
33780905	2021 Jun	Rat
33776996	2021	Rat
33775807	2021 Jun 28	Rat
33774357	2021 May	Rat
33772768	2021 Oct	Rat
33769459	2021 Dec 24	Rat
33766356	2021 Jun 1	Rat
33759195	2021 Nov	Rat
33757858	2021 Jul	Rat
33752715	2021 Mar 22	Rat
33750486	2022 Jan 14	Rat
33750441	2021 Mar 9	Rat
33748207	2021	Rat
33744392	2021 Jul 1	Rat
33739851	2021 Mar	Rat
33738239	2021 May	Rat
33737098	2021 May 15	Rat
33727849	2021	Rat
33727429	2020 Dec	Rat
33726807	2021 Mar 16	Rat
33725224	2021 Jun	Rat
33719441	2021 Mar 25	Rat
33708876	2021 Feb	Rat
33704322	2021 Mar 28	Rat
33691628	2021 Mar 10	Rat
33684536	2021 May	Rat
33683776	2021 Apr	Rat
33673583	2021 Feb 27	Rat
33672354	2021 Feb 23	Rat
33663609	2021 Mar 4	Rat
33658936	2020	Rat
33657761	2021 Mar 1	Rat
33652170	2021 May	Rat
33651836	2021	Rat
33650224	2021 Oct	Rat
33646053	2021 Apr	Rat
33636171	2021 May 15	Rat
33634095	2020	Rat
33627637	2021 Feb 24	Rat
33603831	2021 Mar	Rat
33588606	2021 Jan-Dec	Rat
33588127	2021 Sep 15	Rat
33586778	2021 Apr	Rat
33584299	2020	Rat
33580538	2021 Dec	Rat
33577958	2021 May	Rat
33576470	2021	Rat
33574696	2021	Rat
33573387	2021 Jan-Dec	Rat
33570460	2021 Sep	Rat
33567949	2021 Mar 4	Rat
33563269	2021 Feb 9	Rat
33556400	2021 Apr 1	Rat
33553826	2021 Aug	Rat
33553822	2021 Aug	Rat
33539913	2021 Apr 1	Rat
33537813	2021 Apr	Rat
33532039	2021	Rat
33531920	2021	Rat
33527023	2021	Rat
33511556	2021 Feb	Rat
33498966	2021 Jan 24	Rat
33497593	2021 Apr	Rat
33491257	2021 May	Rat
33490841	2020 Sep-Oct	Rat
33485983	2021 May 10	Rat
33482616	2021 Apr	Rat
33482192	2021 Mar 15	Rat
33479807	2021 Apr	Rat
33477357	2021 Jan 17	Rat
33469353	2021	Rat
33468174	2021 Jan 19	Rat
33461534	2021 Jan 18	Rat
33459997	2021 Aug	Rat
33456343	2021	Rat
33455260	2020 Sep 14	Rat
33450132	2021 Feb	Rat
33448311	2021 Mar	Rat
33446277	2021 Jan 15	Rat
33441836	2021 Jan 13	Rat
33437632	2021 Jan	Rat
33434630	2021 Apr	Rat
33434210	2021	Rat
33433641	2021 Feb	Rat
33424243	2020 Dec	Rat
33423862	2021 Apr	Rat
33422700	2021 Apr	Rat
33421600	2021 May 10	Rat
33421527	2021 Mar 15	Rat
33417956	2021 Mar 1	Rat
33417067	2022 Feb	Rat
33416120	2021 Jan	Rat
33413649	2021 Jan 7	Rat
33412895	2021 Jan-Dec	Rat
33407721	2021 Jan 6	Rat
33404840	2021 Apr	Rat
33401221	2021 Mar	Rat
33400367	2021 Feb	Rat
33399485	2021 Dec	Rat
33399476	2020 Oct	Rat
33388431	2021 Mar	Rat
33387118	2022 Jul	Rat
33383288	2021 Feb	Rat
33382789	2020	Rat
33377585	2021 May	Rat
33375366	2020 Dec 26	Rat
33374730	2020 Dec 23	Rat
33372388	2021 Feb	Rat
33371279	2020 Dec 21	Rat
33364061	2021 Feb	Rat
33361528	2020 Dec 15	Rat
33359610	2021 Feb 15	Rat
33356503	2021 Dec	Rat
33350983	2020 Dec 22	Rat
33350519	2021 May	Rat
33347967	2021 Feb 15	Rat
33345901	2021 Feb 1	Rat
33338640	2021 Mar	Rat
33327733	2021 Dec	Rat
33326693	2021 Feb	Rat
33326341	2020 Nov	Rat
33321982	2020 Dec 10	Rat
33316267	2021 Feb 15	Rat
33313256	2020 Nov	Rat
33313232	2020 Nov	Rat
33312358	2020	Rat
33311755	2020 Sep-Oct	Rat
33310311	2021 Jan	Rat
33300062	2021 Feb	Rat
33297333	2020 Dec 7	Rat
33295680	2022 Jan	Rat
33291821	2020 Dec 4	Rat
33291715	2020 Dec 4	Rat
33289706	2020 Nov 27	Rat
33289541	2020 Dec 23	Rat
36117499	2021 Apr	Rat
33274763	2021 Oct	Rat
33259777	2021 Jun 1	Rat
33247959	2021 May	Rat
33247195	2020 Nov 27	Rat
33243424	2021 Feb	Rat
33242601	2021 Mar	Rat
33241814	2020 Dec 1	Rat
33239909	2020	Rat
33238379	2020 Nov 23	Rat
33233966	2021 May	Rat
33233504	2020 Nov 20	Rat
33228708	2020 Nov 23	Rat
33227396	2021 Feb 5	Rat
33224431	2020	Rat
33203975	2020 Nov 17	Rat
33203108	2020 Nov 15	Rat
33197425	2021 Feb	Rat
33192200	2020 Oct-Dec	Rat
33190006	2020 Dec	Rat
33187014	2021 Feb	Rat
33185724	2021 Feb	Rat
33183210	2021	Rat
33161100	2021 Jan	Rat
39967931	2024	Rat
33149551	2020	Rat
33146410	2021 Sep	Rat
33144900	2020	Rat
33144571	2020 Nov 3	Rat
33140920	2020 Sep	Rat
33137380	2020 Dec	Rat
33127964	2020 Oct 30	Rat
33112509	2020 Nov	Rat
33111549	2021 Dec	Rat
33103838	2021 Jun	Rat
33099538	2020 Oct 25	Rat
33093903	2020 Dec	Rat
33080315	2020 Dec	Rat
33066270	2020 Oct 13	Rat
33062701	2020	Rat
33060735	2020 Oct 15	Rat
33057779	2021 Mar	Rat
33054557	2020 Jan-Dec	Rat
33053109	2020	Rat
33050005	2020 Oct 8	Rat
33049960	2020 Oct 8	Rat
33043625	2021 Jan	Rat
33042472	2020	Rat
33039343	2021 Feb	Rat
33036283	2020 Oct 6	Rat
33031875	2020 Nov 30	Rat
33028117	2021 Sep	Rat
33026410	2020 Oct 7	Rat
32997535	2020 Oct	Rat
32997532	2020 Oct	Rat
32993662	2020 Sep 29	Rat
32991618	2020	Rat
32985762	2020 Dec	Rat
32981415	2020 Dec	Rat
32964944	2020 Sep	Rat
32963278	2020 Sep 22	Rat
32952950	2020 Aug	Rat
32950705	2021 Mar	Rat
32949662	2020 Nov 20	Rat
32940181	2021	Rat
32940053	2021 Dec	Rat
32934295	2020 Sep 15	Rat
36474887	2020 Dec	Rat
32931933	2020 Dec	Rat
32925869	2020 Sep 14	Rat
32917285	2020 Sep 11	Rat
32914937	2020 Oct	Rat
32912277	2020 Sep 10	Rat
32901645	2020 Sep 23	Rat
32888652	2020 Nov 12	Rat
32884953	2020 Jan	Rat
32878463	2020 Dec	Rat
32878462	2020 Dec	Rat
32877976	2020 Sep 1	Rat
32871523	2020 Nov	Rat
32870006	2020 Sep 17	Rat
32866644	2020 Nov	Rat
32860098	2020 Oct	Rat
32859470	2021 Jul	Rat
32858593	2020 Aug 26	Rat
32856377	2020 Sep	Rat
32855725	2020 Oct	Rat
32855675	2020 Oct	Rat
32848727	2020	Rat
32840387	2021 Feb	Rat
32839804	2020 Sep 23	Rat
32832965	2020 Sep 23	Rat
32814390	2020 Aug 19	Rat
32812575	2020 Sep 23	Rat
32801641	2020	Rat
32795379	2020 Aug 14	Rat
32794641	2021 Jan	Rat
32790946	2020 Oct	Rat
32778777	2020 Aug 10	Rat
32776432	2021 Jun	Rat
32768958	2020 Sep	Rat
32765755	2020 Sep	Rat
32765610	2020	Rat
32764880	2020	Rat
32762553	2020 Sep	Rat
32761684	2020 Aug	Rat
32759913	2021 Sep	Rat
32750029	2020 Jun	Rat
32747445	2020 Sep 25	Rat
32747242	2020 Oct 15	Rat
32745911	2020 Oct	Rat
32738890	2020 Aug 1	Rat
32737772	2020 Nov	Rat
32732957	2020 Jul 30	Rat
32728288	2020 Sep	Rat
32724821	2020	Rat
32716572	2021 Mar	Rat
32714401	2020	Rat
32713662	2020 Dec	Rat
32706193	2020 Jun 30	Rat
32705795	2020 Aug	Rat
32703413	2020 Aug 20	Rat
32702358	2020 Nov	Rat
32697398	2020 Dec	Rat
32696209	2020 Oct	Rat
32695803	2020	Rat
32693125	2020 Dec 1	Rat
32665406	2020 Aug 19	Rat
32654176	2021 Jan	Rat
32650828	2020 Jul 10	Rat
32647691	2020 Jun	Rat
32641147	2020 Jul 8	Rat
32640182	2020 Nov	Rat
32637750	2020 Dec	Rat
32635404	2020 Jul 3	Rat
32634440	2020 Sep 15	Rat
32634159	2020	Rat
32628132	2020 Jul 5	Rat
32627602	2020 Dec	Rat
32626995	2020 Aug	Rat
32622872	2020 Oct	Rat
32622201	2020 Sep	Rat
32620866	2020 Jul 3	Rat
32619649	2020 Oct	Rat
32614635	2020 Aug	Rat
32611834	2020 Jul 1	Rat
32608995	2020 Jan-Dec	Rat
32606898	2020	Rat
32605161	2020 Jun 28	Rat
32603538	2021 Jun	Rat
32602381	2021 Jul	Rat
32592208	2020 Oct	Rat
32582961	2020 Sep	Rat
32576047	2020 Nov	Rat
32570114	2020 Sep	Rat
32566090	2020	Rat
32565872	2020	Rat
32560815	2020 Aug 13	Rat
32558123	2020 Nov	Rat
32556726	2020 Nov	Rat
32548322	2020 Jun	Rat
32546009	2021 Sep	Rat
32534115	2020 Oct 28	Rat
32532183	2021 Dec	Rat
32521454	2020 Aug	Rat
32519886	2020 Jul	Rat
32515588	2020 Jul 9	Rat
32510505	2020 May 20	Rat
32497450	2022 Oct	Rat
32495857	2020 May	Rat
32492888	2020 Jun 1	Rat
32490376	2020	Rat
32488683	2020 Aug	Rat
32486519	2020 May 31	Rat
32486506	2020 May 31	Rat
32478188	2020 May	Rat
32476071	2020 May 31	Rat
32474881	2020 Oct	Rat
32474743	2020 Dec	Rat
32470597	2020 Aug	Rat
32470596	2020 Sep	Rat
32466159	2020 May 25	Rat
32455113	2020 Jul	Rat
32445705	2020 Aug 15	Rat
32442041	2020 Sep	Rat
32441256	2020 May 22	Rat
32440501	2020 May	Rat
32439403	2020 Oct 5	Rat
32438772	2020 May 19	Rat
32435909	2021 Mar	Rat
32433276	2020 Aug	Rat
32432314	2020 Jun 26	Rat
32420902	2020 May 18	Rat
32416224	2020 Sep	Rat
32416221	2020 Aug	Rat
32404018	2020 May 3	Rat
32398124	2020 May 12	Rat
32396508	2020	Rat
32395520	2020 Apr	Rat
32394143	2020 Jul	Rat
32392916	2020 May 1	Rat
32388789	2020 Dec	Rat
32381754	2020 May 7	Rat
32377874	2020 Jul	Rat
32375174	2020 Nov 1	Rat
32373192	2020 Jun	Rat
32360505	2020 Jun 15	Rat
32359386	2020 Apr 20	Rat
32341895	2020	Rat
32341638	2020	Rat
32339712	2020 Jun	Rat
32336589	2020 Jun	Rat
32332704	2020 Apr 24	Rat
36474684	2020 Sep	Rat
32324278	2020 Nov	Rat
32323821	2020 May	Rat
32321579	2020 Apr 22	Rat
32319621	2020 Apr	Rat
32319197	2020 Jun	Rat
32315736	2020 Sep 15	Rat
32315711	2020 Jun 11	Rat
32313200	2020 Apr	Rat
32313003	2020 Apr 20	Rat
32308389	2020	Rat
32306945	2020 Apr 19	Rat
36474679	2020 Sep	Rat
32298781	2020 Oct	Rat
32295616	2020 Apr 15	Rat
32290085	2020 Apr 10	Rat
32287299	2020	Rat
32284824	2020	Rat
32279160	2020 Aug	Rat
32278830	2020 Jul 10	Rat
32276877	2021 Mar-Apr	Rat
32271407	2020 Mar	Rat
32271401	2020 Mar	Rat
32265733	2020	Rat
32258036	2020	Rat
32256772	2020 Apr	Rat
32249762	2020 Apr 6	Rat
32249508	2020 Aug	Rat
32248331	2020 Aug	Rat
32247266	2020 Jun	Rat
32242388	2020 Apr	Rat
32235618	2020 Mar 30	Rat
32235555	2020 Mar 30	Rat
32233176	2020 Apr	Rat
32217157	2020 May 15	Rat
32214804	2020	Rat
32214800	2020	Rat
32211385	2020	Rat
32210738	2020	Rat
32210280	2020 Mar 24	Rat
32201950	2020 Jun	Rat
32199975	2020 Jun	Rat
32192519	2020 Mar 20	Rat
32192320	2020 Jun	Rat
32182210	2020 Mar 17	Rat
32173658	2020 Dec 1	Rat
32171788	2020 Aug	Rat
32167952	2020 Aug	Rat
32165317	2020 Apr 30	Rat
32164328	2020 Mar 10	Rat
32163510	2020	Rat
32159840	2021	Rat
32147536	2020 Jun	Rat
32147535	2020 Jun	Rat
32146507	2020 Jul	Rat
32141530	2020 Feb	Rat
32134473	2020 Mar 27	Rat
32124939	2020 Apr	Rat
32124869	2020 Mar 3	Rat
32124251	2020 May	Rat
32117068	2020	Rat
32113051	2020 Jun	Rat
32112120	2020 Apr	Rat
32103372	2020 Aug	Rat
32099721	2020 Mar	Rat
32099450	2020	Rat
32092588	2020 Apr 1	Rat
32089778	2020	Rat
39050151	2024	Rat
32085385	2020 Feb 18	Rat
32083119	2019	Rat
32069893	2020 Feb 13	Rat
32064982	2021 Mar	Rat
32064134	2020 Feb	Rat
32062610	2020 Feb 12	Rat
32059379	2020 Feb 12	Rat
32057894	2020 May	Rat
32054968	2020 Feb 14	Rat
32047580	2020	Rat
32038242	2019	Rat
32037689	2020 Mar	Rat
32020892	2020 Jan 29	Rat
32020624	2020 Oct	Rat
32016449	2020 Mar	Rat
38414449	2024	Rat
32006078	2020 Mar	Rat
32004585	2020 May 10	Rat
32004084	2020 Mar	Rat
32003758	2020 Jan 30	Rat
32000463	2020 Jan 28	Rat
31998403	2020	Rat
31992922	2020 Feb	Rat
31992038	2023 Sep	Rat
31992036	2020 Jan 24	Rat
31992029	2023 Mar	Rat
31983036	2020 Feb	Rat
31978557	2020 Mar	Rat
31978040	2020 Jan 24	Rat
31977158	2020 Mar	Rat
31976816	2020 Apr	Rat
31971058	2020 Jan-Dec	Rat
31964233	2020 Apr 1	Rat
31962170	2020 Apr	Rat
31958453	2020 Apr 15	Rat
31956378	2020	Rat
31950348	2020 Mar	Rat
31949990	2019 Dec	Rat
31945707	2020 Feb 1	Rat
31940132	2020 Jan	Rat
31937359	2020 Jan 14	Rat
31927559	2020 Jan 12	Rat
31926268	2020 Mar	Rat
31926089	2020 Jan 11	Rat
31918279	2020 Feb	Rat
31916291	2020 Oct	Rat
31907788	2020 Oct	Rat
31903621	2020 Jun	Rat
31903618	2020 Jun	Rat
31888661	2019 Dec 30	Rat
31876072	2020 Jan	Rat
31874197	2020 Mar 15	Rat
31870428	2019 Dec 23	Rat
31868209	2020 Jan 31	Rat
31860662	2019	Rat
31853294	2020 Jan	Rat
31842639	2020 Mar	Rat
31841992	2020 Mar 6	Rat
31841119	2019 Dec 16	Rat
31837574	2020 Jan	Rat
31837258	2019 Dec 14	Rat
31836142	2020 Feb 26	Rat
31828429	2020 Mar	Rat
31827985	2019 Nov 1	Rat
31827706	2019	Rat
31827595	2019	Rat
31823179	2020 Apr	Rat
31822750	2019 Dec 10	Rat
31814887	2019	Rat
31814175	2020 May	Rat
31804010	2020 May	Rat
31790972	2020 Mar 6	Rat
31789105	2020 Feb	Rat
31784400	2020 Jan	Rat
31783149	2020 Feb	Rat
31780931	2019	Rat
31779692	2019 Nov 28	Rat
31778752	2020 Jan 5	Rat
31771623	2019 Nov 26	Rat
31770663	2020 Feb	Rat
31765739	2020 Jan	Rat
31760502	2020 May	Rat
31760158	2020 Mar 1	Rat
31752825	2019 Nov 21	Rat
31749941	2019 Summer	Rat
31746366	2020 Jan	Rat
31742919	2020 Feb	Rat
31711313	2019 Dec	Rat
31701670	2020 Jan	Rat
31696218	2019 Nov 15	Rat
31690022	2019 Nov 4	Rat
31684092	2019 Nov 2	Rat
31684073	2019 Nov 2	Rat
31679508	2019 Nov 3	Rat
31678498	2020 Jan	Rat
31666602	2019 Oct 30	Rat
31659964	2019 Nov	Rat
31659586	2020 Feb	Rat
31653858	2019 Oct 25	Rat
31652455	2019 Oct 30	Rat
31642732	2020 Feb	Rat
31640732	2019 Oct 22	Rat
31639491	2020 Jan	Rat
31638337	2019 Dec	Rat
31638238	2019 Dec	Rat
31635173	2019 Oct 20	Rat
31633791	2020 Aug 1	Rat
31632200	2019	Rat
31631977	2019	Rat
31629032	2020 Jan 1	Rat
31625201	2020 Jan	Rat
31620012	2019	Rat
31608307	2019 Jun 10	Rat
31606533	2020 Feb 10	Rat
31601862	2019 Oct 10	Rat
31590658	2019 Oct 7	Rat
31587011	2019 Oct 6	Rat
31586725	2020 Jan 1	Rat
31582897	2019	Rat
31575035	2019 Sep 30	Rat
31569995	2021 Dec	Rat
31569963	2021 Dec	Rat
31568919	2019 Dec	Rat
31568634	2020 Jan	Rat
31565996	2019 Dec	Rat
31564232	2019 Nov	Rat
31560411	2019 Nov	Rat
31557835	2019 Sep 25	Rat
31557589	2019 Dec	Rat
31554953	2019 Sep 25	Rat
31550528	2019 Dec	Rat
31549920	2020 Jan	Rat
31549776	2019 Nov	Rat
31547612	2019 Sep 23	Rat
31545916	2019 Dec	Rat
31539109	2019 Sep	Rat
31538672	2020 Feb	Rat
31536815	2019 Dec	Rat
31535058	2019 Aug-Dec	Rat
31520482	2020 Feb	Rat
31512108	2019 Dec	Rat
31511005	2019 Sep 11	Rat
31505901	2019 Sep 9	Rat
31502578	2019 Sep	Rat
31495059	2020 Jan	Rat
31486476	2019 Aug	Rat
31484919	2019 Sep 5	Rat
31481898	2019	Rat
31479064	2020 Jan	Rat
31472145	2020 Aug 1	Rat
31468163	2020 Apr	Rat
31454418	2020 Jan	Rat
31454155	2019 Nov	Rat
31452704	2019 Sep	Rat
31451219	2019 Oct 22	Rat
31438735	2020 Jan	Rat
31438731	2020 Sep	Rat
31437580	2019 Dec	Rat
31435813	2019 Nov	Rat
31435629	2019 Sep 1	Rat
31432995	2019 Aug 19	Rat
31431607	2019 Aug 21	Rat
31430878	2019 Aug 19	Rat
31430262	2019 Sep	Rat
31412648	2019 Aug 13	Rat
31412104	2020 Jul 13	Rat
31404098	2019	Rat
31402800	2019 Jun	Rat
31401788	2020 Mar	Rat
31396630	2019 Dec 1	Rat
31394185	2019 Oct 5	Rat
31381554	2019 Aug 5	Rat
31378925	2019 Oct	Rat
31362475	2019 Jul 30	Rat
31357246	2019 Oct	Rat
31354246	2019	Rat
31353568	2019 Mar	Rat
31345099	2019 Sep	Rat
31342791	2019 Aug	Rat
31327492	2019 Oct	Rat
31326554	2019 Nov	Rat
31326553	2020 Mar	Rat
31325494	2019 Nov	Rat
31324245	2019 Jul 19	Rat
31323297	2019 Nov	Rat
31313823	2020 Mar	Rat
31311115	2019 Jul 15	Rat
31310910	2019 Oct	Rat
31306979	2019 Oct	Rat
31302828	2019 Oct	Rat
35030816	2019 Jul 15	Rat
31299270	2019 Oct 10	Rat
31298408	2019 Jun	Rat
31298359	2019 Jun	Rat
31298308	2019 Jul	Rat
31297620	2019 Jul 11	Rat
31291980	2019 Jul 10	Rat
31273625	2019 Nov	Rat
31272360	2019	Rat
31269875	2020 Jan	Rat
31265447	2019 Jul 2	Rat
31262076	2019 Jun 30	Rat
31258642	2019 Jul	Rat
31256148	2019	Rat
31255600	2019 Sep 15	Rat
31251987	2019 Oct 1	Rat
31249264	2019 May-Jun	Rat
31239673	2019	Rat
31238006	2019 Sep	Rat
31231454	2019	Rat
31228817	2019 Sep	Rat
31228458	2019 Sep 15	Rat
31223428	2019	Rat
31217867	2019	Rat
31212619	2019 Jun 11	Rat
31211985	2019 Sep 5	Rat
31210406	2019 Sep	Rat
31209645	2019 Jun 17	Rat
31205941	2019	Rat
31198977	2019 Aug	Rat
31182934	2019	Rat
31177887	2019	Rat
31177809	2021 Dec	Rat
31177794	2019 Aug 29	Rat
31177036	2019 Nov	Rat
31176015	2019 Sep	Rat
31173033	2019 Jun 20	Rat
31162482	2019 Jun 4	Rat
31158282	2019 Sep 1	Rat
31155849	2019 Jul	Rat
31142603	2019 Jul 1	Rat
31137797	2019 May 27	Rat
31134620	2019 Dec	Rat
31132406	2019 Sep	Rat
31124640	2019 Oct	Rat
31121225	2019 Aug 1	Rat
31117504	2019 Jun 12	Rat
31115524	2019 Jul	Rat
31115161	2019 Aug	Rat
31111559	2019 Oct	Rat
31110568	2019 Apr 30	Rat
31108241	2019 Aug	Rat
31105831	2019	Rat
31104480	2021 Dec	Rat
31103876	2019 Aug	Rat
31097875	2019 Apr	Rat
31092864	2019 May 15	Rat
31089136	2019 May 14	Rat
31089001	2019 May 14	Rat
31065841	2019 Sep	Rat
31063807	2019 Jul	Rat
31061278	2019	Rat
31055848	2019 Aug	Rat
31055086	2019 Jul 1	Rat
31054068	2020 Feb	Rat
31052237	2019 Apr 30	Rat
31046883	2019 May 1	Rat
31046827	2019 May 2	Rat
31046168	2019 Aug	Rat
31046158	2019 Sep	Rat
31037830	2019 Jun	Rat
31034922	2019 Aug	Rat
31033070	2019 Jul	Rat
31032997	2019 Aug	Rat
31031401	2019 Apr 29	Rat
31026650	2019 Aug	Rat
31026554	2019 Jul 15	Rat
31020644	2019 Nov	Rat
31019213	2019 Apr 24	Rat
31015473	2019 Apr 23	Rat
31007149	2020 Feb	Rat
31002699	2019	Rat
35517009	2019 Apr 12	Rat
30986528	2019 Jul 15	Rat
30982756	2019 Jul	Rat
30981839	2019 Jul 1	Rat
30979862	2019 Apr 13	Rat
30978319	2019 Jul 5	Rat
30965235	2019 Jun	Rat
30965143	2019 May	Rat
30957437	2020 Jan	Rat
30945071	2019 Dec	Rat
30938133	2019 Oct	Rat
30937838	2019 Aug	Rat
30930294	2019 Jun	Rat
30927660	2019 May	Rat
30927255	2019 Jul	Rat
30922982	2019 Jul	Rat
30915890	2020	Rat
30915115	2019	Rat
30909133	2019 Jun	Rat
30906129	2019 May-Jun	Rat
30903772	2019	Rat
30899364	2019	Rat
30895865	2019 Apr	Rat
30894907	2019 Feb 28	Rat
30890456	2019 Jul	Rat
30887556	2019 Aug	Rat
30886197	2019 Mar 18	Rat
30881475	2019	Rat
30872407	2019 Apr 30	Rat
30868494	2019 Feb	Rat
30867061	2019 Mar 12	Rat
30864698	2019 May	Rat
30863061	2019	Rat
30861010	2019	Rat
30858696	2019	Rat
30858101	2019 Jun	Rat
30854676	2019 Aug	Rat
30846801	2019 Mar 7	Rat
30843733	2019 Dec	Rat
30826524	2019 Apr 15	Rat
30826485	2019 Oct	Rat
30820353	2019	Rat
30816583	2019 Apr	Rat
30815381	2019 Jan-Mar	Rat
30811038	2019 Aug	Rat
30808932	2019 Feb 26	Rat
30797016	2019 Mar 15	Rat
30784197	2019 Jun	Rat
30784067	2019 Jun	Rat
30779717	2019 Mar	Rat
30776646	2019 Apr	Rat
30776329	2019 Apr 15	Rat
30771585	2019 Apr	Rat
30770640	2019 May	Rat
30767746	2020	Rat
30761007	2019	Rat
30759446	2019	Rat
30755787	2019	Rat
30734541	2019 Apr	Rat
30732913	2019 Apr	Rat
30729479	2019	Rat
30707846	2019 Dec	Rat
30706033	2018 Nov	Rat
30703768	2018	Rat
30698325	2019 Jun	Rat
30693466	2019 Jan 29	Rat
30691120	2019 Jan 26	Rat
30691048	2019 Jan 25	Rat
30666561	2019 Aug	Rat
30665716	2019 Feb 26	Rat
30664999	2019 Mar 25	Rat
30663793	2019 May	Rat
30662631	2018	Rat
30662362	2019	Rat
30662339	2019	Rat
30655688	2019	Rat
30651779	2019 Jan	Rat
30648360	2018 Oct-Dec	Rat
30644158	2019 Mar	Rat
30629441	2019 Feb 14	Rat
30623804	2019 Mar	Rat
30623241	2019 Apr	Rat
30621446	2020 Feb	Rat
30619261	2018	Rat
30618801	2018	Rat
30618615	2018	Rat
30617615	2019 May	Rat
30615897	2019 Apr	Rat
30611904	2019 Apr	Rat
30611819	2019 Mar	Rat
30611247	2019 Jan 5	Rat
30600472	2019 Feb	Rat
30600470	2019 Feb	Rat
30585984	2019 Apr	Rat
30585422	2019 Mar	Rat
30584942	2019 Apr 1	Rat
30581556	2018 Nov	Rat
30568481	2018	Rat
30564065	2018	Rat
30562742	2018	Rat
30557884	2018 Dec 17	Rat
30551734	2018 Dec 14	Rat
30551412	2019 Jan	Rat
30551031	2019 Feb	Rat
30544714	2018 Dec 10	Rat
30543056	2019 Jan	Rat
30542499	2018 Dec	Rat
30542428	2018 Dec	Rat
30525072	2018 Dec	Rat
30524167	2018 Nov	Rat
30538762	2018	Rat
30537737	2018	Rat
30534634	2018 Dec 7	Rat
30534627	2018 Sep-Oct	Rat
30529425	2019 Mar 1	Rat
30526325	2018 Dec 11	Rat
30521368	2019 Jan	Rat
30510445	2018	Rat
30496623	2019 Apr	Rat
30487252	2018 Nov 28	Rat
30486903	2018 Nov 28	Rat
30484378	2019 Jul	Rat
30483733	2019 Feb	Rat
30474872	2019 Feb	Rat
30468454	2018 Nov	Rat
30461363	2019 Jan 1	Rat
30461296	2020 Apr	Rat
30456844	2019 Jul	Rat
30448533	2019 Feb	Rat
30443190	2018	Rat
30430645	2019 Apr	Rat
30425476	2018	Rat
30419485	2019 Feb	Rat
30415975	2019 Jan	Rat
30414849	2019 Feb	Rat
30412853	2018 Dec	Rat
30412852	2018 Dec	Rat
30387401	2019	Rat
30372803	2018 Dec	Rat
30365114	2018 Dec	Rat
30365059	2019 Jan	Rat
30342192	2019 Jan 30	Rat
30341166	2018 Nov 28	Rat
30338787	2018 Oct	Rat
30335903	2019 Apr	Rat
30327006	2019 Jan 1	Rat
30326428	2018 Dec 7	Rat
30322672	2019 Jan	Rat
30321247	2018 Nov 14	Rat
30315711	2019 Feb	Rat
30315524	2019 Apr	Rat
30311192	2019 Jun	Rat
30304692	2018 Nov 1	Rat
30292414	2018 Nov 2	Rat
30287418	2019 Jan	Rat
30287396	2019 Jan	Rat
30283898	2018 May	Rat
30283333	2018	Rat
30276528	2018 Oct 1	Rat
30273654	2019 Jan	Rat
30272322	2018 Dec	Rat
30272266	2018 Dec	Rat
30264681	2019	Rat
30262135	2018 Dec	Rat
30259137	2019 Feb	Rat
30243066	2018 Nov	Rat
30237062	2018 Dec 25	Rat
30234227	2019 Mar	Rat
30218055	2018 Sep 14	Rat
30210898	2018	Rat
30208927	2018 Sep 12	Rat
30206206	2018 Sep 11	Rat
30196232	2018 Nov	Rat
30193926	2019 Feb	Rat
30179205	2018 Sep 1	Rat
30174601	2018	Rat
30160166	2020 Oct	Rat
30146893	2020 Jul	Rat
30140705	2018	Rat
30135624	2018	Rat
30122974	2018	Rat
30121928	2018 Aug	Rat
30119032	2018 Oct	Rat
30117186	2018 Dec	Rat
30116400	2018 Aug	Rat
30115587	2018 Dec	Rat
30115046	2018 Aug 16	Rat
30110401	2018	Rat
30110204	2018 Aug	Rat
30106113	2018 Oct	Rat
30106112	2018 Nov	Rat
30106092	2018 Nov	Rat
30105061	2018	Rat
30103115	2018 Nov	Rat
30101191	2018 Aug	Rat
30099277	2018 Nov	Rat
30092352	2018 Oct	Rat
30087236	2018 Aug 7	Rat
30082761	2018 Aug 6	Rat
30076457	2018 Dec	Rat
30076153	2018 Dec	Rat
30075312	2018 Oct	Rat
30074814	2018 Oct	Rat
30071410	2018 Nov	Rat
30071128	2018 Jan	Rat
30067136	2018 Oct 1	Rat
30060740	2018 Jul 30	Rat
30050432	2018	Rat
30048987	2018	Rat
30035745	2018 Jun	Rat
30033246	2018 Oct 1	Rat
30031926	2018 Oct	Rat
30031224	2018 Oct	Rat
30023332	2018 Jun	Rat
30015923	2018 Sep	Rat
30003932	2018 Nov	Rat
32542100	2020	Rat
29983942	2018 Jun	Rat
33435104	2018 Jul 9	Rat
29978613	2018 Aug	Rat
29976187	2018 Jul 5	Rat
29966748	2018 Oct 1	Rat
29961054	2018	Rat
29956782	2018 Aug	Rat
29953665	2018 Nov	Rat
29950992	2018	Rat
29949137	2018 Jun	Rat
29948602	2018 Oct	Rat
29944927	2018 Oct	Rat
29938527	2020 Jan	Rat
29928231	2018	Rat
29926706	2018 Jul 28	Rat
29923522	2018 Mar	Rat
29922445	2018 Apr	Rat
29922442	2018 Mar	Rat
29917216	2018 Jun	Rat
29913441	2018	Rat
29905408	2018 Jul	Rat
29896219	2018 Jun	Rat
29892899	2018 Jan	Rat
29891807	2018 Jun 11	Rat
29890922	2018 Nov	Rat
29890416	2018 Aug	Rat
29888808	2018 Nov	Rat
29885465	2018 Sep 25	Rat
29883943	2018 Sep	Rat
29878401	2018 Sep	Rat
29869015	2019 Feb	Rat
29867478	2018	Rat
29864946	2018 Jul	Rat
29864899	2018 Jul	Rat
29857819	2018 Jun	Rat
29843768	2018 May 29	Rat
29843440	2018 May 28	Rat
29842918	2018 Aug 10	Rat
29808374	2018 Oct	Rat
29806726	2018 Nov	Rat
29803977	2018 Jul	Rat
29797102	2018 Dec	Rat
29794403	2018 Aug 1	Rat
29789008	2018 May 22	Rat
29785089	2018	Rat
29782979	2018 Oct 1	Rat
29770595	2018 Aug	Rat
29768985	2018 Jun	Rat
29766025	2018 Jun 15	Rat
29761560	2018 Oct	Rat
29752100	2018 Aug 1	Rat
29748528	2018 May 7	Rat
29740093	2018 May 8	Rat
29723651	2018 Jun	Rat
29722355	2018 May	Rat
29717217	2018 May 1	Rat
29712778	2018 May 23	Rat
32104396	2018 May	Rat
29709011	2018	Rat
29708818	2018 May	Rat
29698461	2018	Rat
29687871	2018 Apr	Rat
29687303	2018 Nov	Rat
29684084	2018	Rat
29673343	2018 Apr 19	Rat
29670657	2018	Rat
29667462	2019	Rat
29667446	2018 Nov	Rat
29656315	2018 Aug	Rat
29656073	2018 Jun	Rat
29653943	2018 Jun 1	Rat
29650413	2018 Jun	Rat
29641501	2018 Apr 11	Rat
29636866	2018	Rat
29621761	2018	Rat
29617878	2018 Jul 1	Rat
29610999	2018 Apr 2	Rat
29603329	2018 Jun	Rat
29601910	2018 Jun	Rat
29599826	2018 Mar	Rat
29576802	2018	Rat
29575932	2018	Rat
29572481	2018 Mar 23	Rat
29564448	2018 May 1	Rat
29557244	2018 Nov	Rat
29554973	2018 Mar 20	Rat
29554480	2018 Jun	Rat
29548914	2018 Jul 15	Rat
29543781	2018 Mar 15	Rat
29540226	2018 Mar 14	Rat
29534084	2018	Rat
29532889	2018 Jun	Rat
29530720	2018 Jun	Rat
29528264	2018 Apr 1	Rat
29520686	2018 Jul	Rat
29520169	2018 Mar	Rat
29514675	2018 Mar 7	Rat
29513755	2018	Rat
29510478	2018 Mar 3	Rat
29489828	2018	Rat
29488610	2018 May	Rat
29485639	2017 Dec 30	Rat
29485196	2018 Jul	Rat
29485013	2018	Rat
29484390	2018 Apr	Rat
29478074	2018 Feb 25	Rat
29463254	2018 Feb 20	Rat
29460078	2018 Oct	Rat
29450729	2019 Mar	Rat
29440889	2018	Rat
29438883	2018 Apr	Rat
29438227	2018 May	Rat
29436471	2018 May	Rat
29435116	2018 Jan 12	Rat
29434702	2018 Jan	Rat
29434641	2017	Rat
29434185	2018 Feb 12	Rat
29430715	2018 Feb 11	Rat
29415582	2018 Jul	Rat
29408488	2018 May	Rat
29407201	2018 Apr	Rat
29393439	2018 Apr	Rat
29393346	2018 Apr	Rat
29393342	2018 Apr	Rat
29380171	2018 Aug	Rat
29376494	2017	Rat
29366335	2019 Jul	Rat
29364174	2018 Jan 24	Rat
29357491	2018 May 1	Rat
29348767	2017	Rat
29346012	2018 Apr	Rat
29343508	2018 May	Rat
29332174	2018 Jun	Rat
29331761	2018 Mar	Rat
29327364	2018 Jul	Rat
29319609	2018 Apr	Rat
29318481	2018 Mar	Rat
29317848	2018	Rat
29317792	2017	Rat
29315787	2018 Jul	Rat
29315262	2018 Jan 9	Rat
29311503	2018 May 10	Rat
29300716	2018 Jan 4	Rat
29299122	2017 Dec 15	Rat
29298566	2018 May	Rat
29286133	2018 Mar	Rat
29286096	2018 Mar	Rat
29285104	2017 Dec	Rat
29270716	2018 Mar	Rat
29259753	2017 Dec 14	Rat
29258611	2017 Dec 19	Rat
29257269	2018 Feb	Rat
29255591	2017	Rat
29251375	2018 Jul	Rat
29251361	2018 Feb	Rat
29250145	2017 Dec	Rat
29243030	2018 Mar	Rat
29233184	2017 Dec 12	Rat
29228594	2017 Nov 14	Rat
29224976	2018 Jun	Rat
29214554	2018 Mar	Rat
29210312	2018 May	Rat
29208566	2018 Jan	Rat
29207603	2017 Oct 31	Rat
29196833	2018 Apr	Rat
29195834	2018 Feb 1	Rat
29174854	2017 Dec	Rat
29166937	2017 Nov 22	Rat
29164146	2017	Rat
29157984	2018 Jan 5	Rat
29156946	2018 Jul	Rat
29154876	2018 Mar	Rat
29149841	2017 Nov 17	Rat
29143973	2018 Nov	Rat
29142423	2017 Oct	Rat
29138829	2018 Jan	Rat
29136765	2018 Jan	Rat
29134405	2018 Jan	Rat
29111161	2018 Jan	Rat
29110786	2017 Sep	Rat
29107695	2018 Jan	Rat
29104478	2017	Rat
29101808	2018 Jan	Rat
29101804	2018 Jan	Rat
29101035	2018 Jan 1	Rat
29100801	2017 Dec 1	Rat
29096521	2018 Apr	Rat
29095435	2017 Nov 2	Rat
29092817	2018 Feb	Rat
29091874	2018 Jan	Rat
29075814	2018 Feb	Rat
29072705	2017 Oct 26	Rat
29069539	2018 May	Rat
29067744	2017 Dec	Rat
29067461	2017 Oct	Rat
29061494	2018 Jan	Rat
29053693	2017 Oct 8	Rat
29042963	2017 Oct	Rat
29039525	2017 Dec	Rat
29035380	2018 Jan	Rat
29031199	2017 Dec	Rat
29030067	2017 Dec 9	Rat
29022900	2017 Oct 12	Rat
29017758	2017 Nov 15	Rat
28994112	2018 Jan	Rat
28988205	2018 May	Rat
28987725	2017 Dec	Rat
28980719	2018 Mar	Rat
28974461	2018 Jan	Rat
28971529	2018 Apr	Rat
28968949	2017 Nov	Rat
28960426	2018 Apr	Rat
28960309	2017 Dec	Rat
28957807	2017	Rat
28957801	2017	Rat
28949389	2017 Nov	Rat
28945000	2018 Jan	Rat
28943207	2017 Nov 25	Rat
28939526	2017 Nov 15	Rat
28926590	2017	Rat
28921725	2017 Dec	Rat
28917083	2017 Nov 27	Rat
28915567	2017 Aug 22	Rat
28915521	2018 Aug	Rat
28915439	2017 Nov	Rat
28912864	2017 Oct	Rat
28910961	2017 Nov	Rat
28905711	2017 Jan 1	Rat
28904551	2017	Rat
28904358	2017 Sep 13	Rat
28898893	2018	Rat
28888902	2018 Jan	Rat
28888901	2017 Dec	Rat
28885454	2017 Dec	Rat
28878468	2017 Aug	Rat
28865213	2017 Mar 1	Rat
28860852	2017	Rat
28859619	2017 Aug 31	Rat
28859108	2017	Rat
28858724	2017 Nov	Rat
28852776	2017 Dec	Rat
28849229	2017 Nov	Rat
28849084	2017 Oct	Rat
28849083	2017 Nov	Rat
28840952	2018 Mar	Rat
28823646	2017 Nov	Rat
28823024	2018 Jan	Rat
28817810	2017	Rat
28810618	2017 Aug	Rat
28808696	2017	Rat
28806392	2017 Aug 14	Rat
28804568	2017	Rat
28798050	2018 May	Rat
28793056	2017 Aug 7	Rat
28785878	2017 Dec	Rat
28785392	2017 Spring	Rat
28768536	2017 Aug 2	Rat
28765966	2017 Oct	Rat
28765519	2017 Aug 2	Rat
28759313	2017 Dec	Rat
28758108	2017	Rat
28757388	2017 Oct	Rat
28752263	2017 Nov	Rat
28744712	2017 Dec	Rat
28743292	2017 Jul 25	Rat
28725908	2017 Nov	Rat
28724217	2017 Sep	Rat
28700003	2017 Jun	Rat
28691484	2017 Aug 2	Rat
28690479	2018	Rat
28677799	2017 Sep	Rat
28675666	2017 Nov	Rat
28663035	2017 Sep 15	Rat
28649440	2017	Rat
28647729	2018 Mar	Rat
28647646	2017 Oct	Rat
28647469	2017 Oct	Rat
28640163	2017 Sep	Rat
28638681	2017 Jun	Rat
28633971	2017 Aug 15	Rat
28627596	2017 Aug	Rat
28627582	2017 Aug	Rat
28616978	2017 Jul 13	Rat
28616752	2018 May	Rat
28613895	2017 Jul 13	Rat
28609022	2017 Dec	Rat
28606072	2017 Jun 12	Rat
28594958	2017	Rat
28588485	2017	Rat
28587333	2017 Jun	Rat
28585864	2017 Oct	Rat
28584879	2016 Sep	Rat
28583899	2017 Sep	Rat
28582908	2017 Jul 20	Rat
28579434	2017 Oct	Rat
28565845	2017 May	Rat
28565823	2017 May	Rat
28548679	2018 Jan	Rat
28545880	2017 Sep	Rat
28535500	2017	Rat
28533592	2017 Apr	Rat
28533591	2017 Apr	Rat
28529106	2017 Aug 15	Rat
28521989	2017 Aug 15	Rat
28513840	2018 Feb	Rat
28507472	2017	Rat
28506841	2017 Sep	Rat
28504116	2017 Jul 1	Rat
28496359	2017	Rat
28492224	2017 May 11	Rat
28487981	2017 Jun	Rat
28480401	2017	Rat
28476879	2018 Feb	Rat
28474628	2016 Dec	Rat
28463061	2017 May-Jun	Rat
28457902	2017 Jun 9	Rat
28456437	2017 Oct	Rat
28450318	2017 Apr	Rat
28442110	2017 Mar	Rat
28430129	2017 Apr 21	Rat
28426699	2017	Rat
28419155	2017	Rat
28418007	2017 Apr 18	Rat
28413731	2017	Rat
28410217	2017 Jun 27	Rat
28407495	2017 Jul	Rat
28397529	2018 Oct	Rat
28396243	2017 Aug	Rat
28391163	2017 Jun	Rat
28374574	2017 Sep	Rat
28370591	2016 Dec	Rat
28367081	2017	Rat
28362543	2017 Jun	Rat
28358416	2017 May	Rat
28355681	2018 Jan	Rat
28355351	2017 Mar 23	Rat
28351717	2017 May	Rat
28347649	2017 Jun	Rat
28343287	2017 Sep	Rat
28338415	2017 Jul	Rat
28326938	2017 Jan	Rat
28326927	2017 Jan	Rat
28320093	2017 May	Rat
28320092	2017 May	Rat
28320059	2017 Jul	Rat
28287423	2017 Mar 10	Rat
28284998	2017 Aug	Rat
28284832	2017 May 10	Rat
28282029	2017 Mar	Rat
28280413	2017 Mar	Rat
28265573	2017	Rat
28259976	2017 Apr	Rat
28251487	2017 Apr	Rat
30895028	2017 Mar	Rat
28243085	2017	Rat
28242648	2017 Apr 1	Rat
28242173	2018 Mar	Rat
28230313	2017 Sep	Rat
28225870	2017 Feb 16	Rat
28225075	2017 Feb 22	Rat
28223125	2017 Jul	Rat
28214084	2017 Mar	Rat
28193542	2017 Apr 15	Rat
28167976	2017	Rat
28147322	2017 Mar 14	Rat
28145597	2017 Apr	Rat
28139016	2017 Oct	Rat
28137664	2017 Jul	Rat
28137413	2017 Feb	Rat
28131784	2017 Jun	Rat
28129516	2017 Jun	Rat
28122526	2017 Jan 25	Rat
28114800	2017 Apr	Rat
28112382	2017 Mar	Rat
28111103	2017 Feb	Rat
28101475	2016 Dec	Rat
30375565	2017 Jun	Rat
28097525	2017 May	Rat
28091618	2017 Jan 16	Rat
28066137	2017 Jan	Rat
28063212	2017 Nov	Rat
28059868	2017 May	Rat
28049462	2017 Jan 3	Rat
28042326	2017	Rat
28036032	2016 Dec 28	Rat
28035982	2016 Dec 27	Rat
28026095	2017 Apr	Rat
28011101	2017 Jun	Rat
28005437	2017 Apr	Rat
27993154	2016 Dec 20	Rat
27992368	2017 Jan 24	Rat
27989826	2016 Dec 30	Rat
27986622	2017 May	Rat
27982265	2016 Nov	Rat
27980494	2016 Oct	Rat
27965139	2017 Jun	Rat
27955699	2016 Dec 12	Rat
27942109	2016 Nov	Rat
27941926	2016 Dec 12	Rat
27937051	2017 Nov	Rat
27922941	2017 Jun	Rat
27916555	2017 Jan 15	Rat
27904712	2016	Rat
27904143	2017 Jan	Rat
27904047	2016	Rat
27882132	2016 Nov	Rat
27882124	2016 Nov	Rat
27879566	2017 Jun 1	Rat
27860453	2017 May	Rat
27856169	2017 Mar	Rat
27853940	2017 Nov	Rat
27851984	2017 Apr	Rat
27851782	2016	Rat
27836707	2016 Dec 28	Rat
27832815	2016 Nov 10	Rat
27832355	2017 May	Rat
27829414	2016 Nov 9	Rat
27825552	2016 Dec 1	Rat
27821962	2016 Oct	Rat
27098310	2016 Nov	Rat
27797605	2017 May-Jul	Rat
27756697	2017 Feb	Rat
27737814	2017 Feb	Rat
27779640	2016 Dec	Rat
27729291	2017 May	Rat
27484345	2016 Oct	Rat
27663233	2017 Jan	Rat
27680963	2016 Oct	Rat
27594677	2016 Oct 3	Rat
27693502	2017 Feb	Rat
27349462	2016 Nov	Rat
27349460	2016 Nov	Rat
27321194	2016 Nov	Rat
27752829	2016 Dec	Rat
27752702	2016 Oct 1	Rat
27748894	2016 Dec	Rat
27737897	2017 Jan	Rat
27734384	2017	Rat
27726041	2017 Jan	Rat
27726040	2017 Jan	Rat
27709491	2017 Oct	Rat
27709316	2017 Feb	Rat
27707109	2017 Jan	Rat
27703516	2016 Oct	Rat
27699225	2016 Aug 4	Rat
27696794	2017 Mar	Rat
27696748	2018 Jan	Rat
27690009	2016 Sep 29	Rat
27682596	2016 Sep 29	Rat
27676099	2016 Nov	Rat
27651153	2017 Jun	Rat
27647009	2016 Dec 4	Rat
27646982	2017 Apr	Rat
27644875	2016 Oct 14	Rat
27638130	2017 Jun	Rat
27606264	2016 Aug	Rat
30035091	2017 Jan	Rat
27603333	2016 Sep	Rat
27597397	2017 Jun	Rat
27592041	2017 Jan	Rat
27590063	2016 Oct	Rat
27589850	2016 Sep 2	Rat
27583436	2016	Rat
27580425	2017 Jan	Rat
27575371	2016	Rat
27558955	2016 Aug 25	Rat
27554674	2017 Mar	Rat
27548493	2016 Jul	Rat
27543839	2017 Jul	Rat
27542282	2016 Dec 20	Rat
27539076	2016 Dec	Rat
27521747	2016 Nov 1	Rat
27517056	2016 Jul	Rat
27509914	2016 Oct	Rat
27501482	2016 Nov	Rat
27499126	2016 Aug	Rat
27483347	2016 Oct 1	Rat
27482294	2016	Rat
27454254	2016 Jul 20	Rat
27452863	2016 Jul 25	Rat
27449593	2016 Aug	Rat
27445236	2016 Oct 15	Rat
27431944	2016 Sep	Rat
27411565	2016 Jul 13	Rat
27390028	2016 Dec	Rat
27385944	2016 Jul	Rat
32263430	2016 Jul 7	Rat
27382377	2016 Jun	Rat
27381034	2017 Jan	Rat
27380522	2016	Rat
27365987	2016 Jul-Sep	Rat
27363337	2016 Sep 2	Rat
27347945	2016 Jun 25	Rat
27347022	2016 Jul	Rat
27345362	2016 Jun 27	Rat
27338815	2016 Jun 23	Rat
27314696	2016 Jul	Rat
27312650	2016 Oct 5	Rat
27312547	2016 May	Rat
27305832	2016 Dec	Rat
27261750	2016 Sep 20	Rat
27247722	2016 Jun	Rat
27247228	2016 Jul	Rat
27240953	2016 Aug 5	Rat
27235904	2016 Oct	Rat
27233606	2016 Jul 8	Rat
27227030	2015 Apr-Jun	Rat
27220395	2016 Sep	Rat
27214709	2016 May 16	Rat
27211863	2016 Oct	Rat
27208420	2016 Sep	Rat
27194201	2016 Jun 23	Rat
27183198	2017 Mar	Rat
27178341	2016 Oct	Rat
27164955	2016 Jul	Rat
27158347	2016	Rat
27155347	2016 Jul 15	Rat
27155345	2016 Sep	Rat
27142000	2016 May 3	Rat
27132778	2016 Oct	Rat
27129293	2016 Jun	Rat
27127843	2016 Aug	Rat
27118194	2016 Apr 27	Rat
27115490	2016	Rat
27114348	2016 Apr	Rat
27108237	2016 Aug	Rat
27092487	2016 Apr 15	Rat
27086847	2016 May 13	Rat
27085969	2016 Sep	Rat
27082436	2016 Jun	Rat
27077804	2016 Apr 14	Rat
27069504	2016	Rat
27068285	2016	Rat
27066995	2016 Aug 1	Rat
27055478	2016 Jul	Rat
27044820	2016 Apr	Rat
27042186	2016	Rat
27039182	2016 Apr 1	Rat
27032670	2016	Rat
30035080	2016 Jul	Rat
27026802	2016	Rat
27023516	2016 Mar 23	Rat
27019285	2016 Apr	Rat
27015369	2016 Apr 14	Rat
26992380	2016 Mar 18	Rat
26983696	2016 Mar 17	Rat
26978347	2016 Mar 11	Rat
26973329	2016 Aug	Rat
26970286	2016 Jul	Rat
26969024	2016 Apr	Rat
26956364	2016 Jun	Rat
26947886	2016 Jul	Rat
26944279	2016 Jul	Rat
26939846	2016 Jul	Rat
26937219	2016 Mar	Rat
26936086	2016 Apr	Rat
26934480	2016	Rat
26924420	2016 Jul	Rat
26915639	2016 Jul	Rat
26902085	2016 Mar 1	Rat
26901193	2016 Feb 18	Rat
26895663	2016 Mar	Rat
26895619	2016 Oct	Rat
26893055	2016 Jun	Rat
26888708	2016 May	Rat
26884829	2015	Rat
26883979	2016 Mar 15	Rat
26881207	2015	Rat
26880531	2016 Jun	Rat
26872979	2016 Mar 1	Rat
26866626	2016 Aug	Rat
26851450	2016 Jul	Rat
26851314	2016 May	Rat
26838881	2016 Apr 1	Rat
26832187	2016 Jul	Rat
26826302	2016 Jun	Rat
26817025	2016	Rat
26810784	2016 Aug	Rat
26807491	2016 Apr	Rat
26807032	2016 Jan	Rat
26805018	2016 Jun	Rat
26794964	2016 Mar	Rat
26794830	2016 Jan 21	Rat
26782475	2015 Dec 28	Rat
26778531	2016 Jun	Rat
26773662	2016 Mar	Rat
26769161	2016 Apr	Rat
26752990	2015 Sep-Oct	Rat
26752378	2016 Jan 11	Rat
26751999	2016 Mar	Rat
26746151	2016 May	Rat
26742739	2016 Jan	Rat
26740052	2016 May-Jun	Rat
26732579	2016 Feb	Rat
26722440	2015	Rat
26722436	2015	Rat
26717557	2016 Sep	Rat
26703073	2015 Dec 24	Rat
26694132	2016 Mar	Rat
26689653	2016	Rat
26675329	2015 Dec	Rat
26671580	2015 Dec 15	Rat
26668592	2015 Dec	Rat
26653735	2016 Jan 14	Rat
26639318	2015 Dec 7	Rat
26637220	2015 Dec 5	Rat
26636289	2016 Aug	Rat
26631363	2016	Rat
26631351	2016 Jun	Rat
26631347	2016	Rat
26629963	2016 Jun	Rat
26620090	2016 Apr	Rat
26586481	2016 Apr	Rat
26578310	2015 Nov 17	Rat
26572064	2016 Jun	Rat
26560184	2016 Jan	Rat
26550169	2015	Rat
26542776	2015 Nov 5	Rat
26542671	2015 Nov 6	Rat
26531672	2015 Nov 4	Rat
26524412	2016 Apr	Rat
26524084	2015	Rat
26521785	2015 Nov 5	Rat
26521746	2015 Nov	Rat
26521745	2015 Nov	Rat
26520886	2016 Jan	Rat
30090244	2015 Nov 1	Rat
26506502	2016 Feb	Rat
26505386	2015 Oct 16	Rat
26499268	2016 Feb	Rat
26499267	2016 Feb	Rat
26497769	2016 Jan	Rat
26497741	2015 Dec	Rat
26493330	2016 Mar	Rat
26470720	2016 Sep	Rat
26466556	2016 Apr	Rat
26462474	2015 Oct 14	Rat
26455998	2016 Feb	Rat
26454050	2016 Jan	Rat
26450946	2016 Sep	Rat
26445328	2015 Oct	Rat
26442595	2015 Sep	Rat
26434683	2015 Oct 5	Rat
26433038	2016 Jan	Rat
26388558	2015 Nov 15	Rat
26386127	2015 Dec	Rat
26376125	2016 Feb	Rat
26365972	2015 Sep 20	Rat
26357438	2015 Aug	Rat
26350037	2015 Nov	Rat
26344001	2015 Nov 15	Rat
26343586	2016 Feb	Rat
26336584	2015 Sep	Rat
26329269	2015 Nov	Rat
26325015	2016	Rat
26312474	2015	Rat
26309781	2015	Rat
26309557	2015	Rat
26303725	2015 Aug 25	Rat
26286016	2016 Jun	Rat
26285913	2015 Oct	Rat
26285672	2016 Jun	Rat
26279449	2015	Rat
26279447	2015	Rat
26254236	2016 Jan	Rat
26247695	2015 Oct 1	Rat
26245235	2015 Oct	Rat
26244981	2015	Rat
26244598	2015 Aug 5	Rat
26241778	2016 Jan	Rat
26240991	2015 Sep 14	Rat
26235583	2015	Rat
26224539	2015 Dec	Rat
26220516	2015 Oct 14	Rat
26219508	2015 Jul 29	Rat
26214407	2015 Jul 3	Rat
26197088	2015 Sep	Rat
26184498	2015 Sep	Rat
26174175	2015 Oct	Rat
26166548	2015 Oct	Rat
26165348	2015 Sep	Rat
26141762	2015 Jul 15	Rat
26138996	2015 Oct	Rat
26138240	2015 Sep	Rat
26136893	2015 May	Rat
26136062	2016 Apr	Rat
26134502	2015 Oct 5	Rat
26134451	2015 Dec	Rat
26117175	2015 Dec	Rat
26112847	2015 Apr	Rat
26111768	2016 Jan	Rat
26109786	2015 Jun	Rat
26099282	2015 Sep	Rat
30035050	2015 Jul	Rat
26097542	2015	Rat
26092928	2015 Oct	Rat
26090476	2015	Rat
26089642	2015	Rat
26083352	2015	Rat
26074364	2015 Dec	Rat
26062798	2015 Dec	Rat
26046639	2015	Rat
26045761	2015	Rat
26028135	2015 Oct	Rat
26010756	2015	Rat
26002585	2015 Sep	Rat
25997526	2015	Rat
25993981	2015 Jun	Rat
25975052	2015 Apr	Rat
25973028	2015	Rat
25966657	2015 Sep	Rat
25939329	2015 Nov	Rat
25935347	2015 Aug	Rat
25933963	2015 Jun	Rat
25921548	2015 Aug	Rat
25917637	2015 Sep	Rat
25916553	2015 Sep	Rat
25908625	2015 Apr	Rat
25903377	2015 Apr 17	Rat
25900303	2015 Nov	Rat
25899547	2015 Jul-Aug	Rat
25892493	2015 Apr 20	Rat
25892273	2015 Aug	Rat
25888442	2015 Mar 18	Rat
25874446	2015 Sep	Rat
25858171	2015 Nov	Rat
25857705	2015 Sep	Rat
25853339	2016	Rat
25821313	2015 Jan-Feb	Rat
25818190	2015 Jun 1	Rat
25818052	2015 Jun 4	Rat
25815638	2015 Apr	Rat
25807537	2015	Rat
25802546	2015	Rat
25792809	2015	Rat
25785088	2015	Rat
25785087	2015	Rat
25782157	2015 Mar 13	Rat
25777613	2015 Sep	Rat
25777293	2015 Oct	Rat
25771150	2015 Jul	Rat
25755716	2015	Rat
25754021	2015 Aug	Rat
25749876	2015 Jun	Rat
25736365	2015	Rat
25733665	2015 Apr 10	Rat
25729331	2015	Rat
25724134	2015 May 15	Rat
25719612	2015 May	Rat
25715677	2015 Apr	Rat
25714387	2015 Mar	Rat
25702530	2015 Jun	Rat
25701166	2015 Jun	Rat
27747190	2015 Feb	Rat
25687638	2015 Aug	Rat
25687637	2015 Aug	Rat
25677204	2015 Mar	Rat
25677108	2015 Jun	Rat
25675406	2015	Rat
25667638	2015 Mar	Rat
25666331	2015 Apr 10	Rat
25659656	2015 Jun	Rat
25628667	2014 May	Rat
25623624	2015 Jun	Rat
25613062	2015	Rat
25597243	2015 Feb 24	Rat
25596949	2015 Apr	Rat
25592029	2015 Mar	Rat
25576671	2015 May	Rat
25576403	2015 Feb	Rat
25575468	2015 Mar 13	Rat
25538060	2015	Rat
25533381	2014 Dec 23	Rat
25512009	2015 Feb	Rat
25497864	2015 Mar	Rat
25496568	2014 Dec 11	Rat
25488844	2015 Jan 15	Rat
25466931	2015 Jan	Rat
25466264	2014 Dec	Rat
25466177	2014 Dec 15	Rat
25465897	2014 Dec 3	Rat
25464168	2015 Feb	Rat
25435813	2014	Rat
25424775	2015 Feb	Rat
25417063	2016	Rat
25415648	2014 Dec 26	Rat
25392105	2014 Oct	Rat
25376614	2015 Feb	Rat
25374446	2014	Rat
25354787	2014 Dec	Rat
25339268	2015 Jan	Rat
25339266	2014 Dec	Rat
25330932	2015 Feb	Rat
25330343	2014 Nov 26	Rat
25308850	2014 Sep 16	Rat
25303734	2015 Jan	Rat
25299541	2015 Aug	Rat
25294293	2014 Oct 8	Rat
25279151	2014 Nov	Rat
25278073	2014 Oct	Rat
25278051	2014 Oct	Rat
25273135	2014	Rat
25266960	2015 Jan	Rat
25264600	2014 Nov 13	Rat
25264131	2015 Jul	Rat
25256690	2014 Nov 18	Rat
25248323	2015 Feb	Rat
25247198	2014	Rat
25241157	2014 Dec	Rat
25219670	2015 Jan	Rat
25202993	2014	Rat
25201731	2014 Oct 3	Rat
25201702	2014 Dec	Rat
25193704	2014 Sep 26	Rat
25191931	2015 Feb	Rat
25189465	2015 Feb	Rat
25189115	2014 Nov	Rat
25187798	2014 Oct	Rat
25185368	2014 Aug	Rat
25176272	2014 Oct	Rat
25175765	2014 Nov	Rat
25169829	2014 Nov	Rat
25157947	2014	Rat
25153804	2014 Nov	Rat
25146000	2014 Nov	Rat
25129057	2014 Dec	Rat
25128628	2014 Nov	Rat
25118941	2014 Oct	Rat
25111192	2014 Oct-Dec	Rat
25100568	2014 Sep 11	Rat
25087910	2014 Nov	Rat
25087745	2014 Sep 25	Rat
25087604	2014 Aug	Rat
25087069	2014 Oct	Rat
25065008	2014 Dec	Rat
25062663	2014 Sep	Rat
25046535	2014 Sep	Rat
25043778	2014 Sep 29	Rat
25039883	2015 Apr	Rat
25013448	2014	Rat
25009708	2014 May	Rat
25009705	2014 May	Rat
25009586	2014 Aug	Rat
24994452	2014 Jul 3	Rat
24987156	2014 Dec	Rat
24981632	2014 Aug	Rat
24980965	2014 Oct	Rat
24976609	2015 Mar	Rat
24973958	2014 Dec	Rat
24970836	2014 Jun	Rat
24966068	2015 Jan	Rat
24964042	2014	Rat
24962501	2014 Sep-Oct	Rat
24955618	2014 Nov	Rat
24952978	2014 Sep	Rat
24951136	2014 Sep	Rat
24939049	2014 Sep 5	Rat
24938620	2014 Sep	Rat
24933343	2014 Sep	Rat
24928318	2014 Aug	Rat
24889323	2014 Sep	Rat
24885745	2014 Sep	Rat
24872832	2014	Rat
24872709	2014	Rat
24857975	2014 Jul	Rat
24852700	2014 Jul	Rat
24839120	2014 Sep	Rat
24839051	2014 Sep	Rat
24837189	2014 Aug 10	Rat
24823363	2014 Aug	Rat
24819400	2014 Sep	Rat
24818130	2014	Rat
24817933	2014	Rat
24816289	2014 Aug	Rat
24797662	2014 Jun	Rat
24792209	2014 Jun	Rat
24786526	2014 Jun 13	Rat
24786088	2014 Apr 28	Rat
24764617	2014 Apr	Rat
24753019	2014 Aug	Rat
24732949	2014	Rat
24720858	2014 Apr	Rat
24719311	2014 Aug	Rat
24714625	2014 Nov	Rat
24704497	2014 Jun	Rat
24697299	2014 Jul	Rat
24687997	2014 Oct	Rat
24675155	2014 Jul-Aug	Rat
24671491	2014 Jul	Rat
24667123	2014 Jul	Rat
24667079	2015	Rat
24664185	2015 May	Rat
24658359	2014	Rat
24648308	2014 May	Rat
24633464	2015 Jan	Rat
24632095	2014 May	Rat
24607485	2014 May	Rat
24605080	2014 Feb	Rat
24602500	2014 Mar 7	Rat
24600703	2014 Feb	Rat
24595230	2014	Rat
24578232	2014 Jul	Rat
24577103	2014 Apr 4	Rat
24574220	2014 Mar	Rat
24567058	2014 Apr	Rat
24561313	2014 May	Rat
24561282	2014 Apr	Rat
24534736	2014 Apr	Rat
24524826	2014 Apr 25	Rat
24516346	2014	Rat
24512762	2014 Jul	Rat
24508775	2014 Apr	Rat
24499554	2014 Feb 6	Rat
24497008	2014 Jul	Rat
24486381	2014 Jun	Rat
24472689	2014 Jan 29	Rat
24470419	2014 Mar 6	Rat
24470361	2014 May	Rat
24454514	2013	Rat
24448516	2014 Mar	Rat
24443819	2014 Feb 11	Rat
24424207	2014 Mar	Rat
24423138	2014 Jan 15	Rat
24396291	2014	Rat
24392129	2014	Rat
24373735	2014 Jan 15	Rat
24369033	2013 Dec	Rat
24357414	2014 May	Rat
24343447	2013 Dec	Rat
24338203	2014 Apr	Rat
24315981	2014	Rat
24295650	2014 Jan	Rat
24286607	2013 Oct 29	Rat
24286347	2014 Feb	Rat
24282543	2013	Rat
24269276	2014 Feb	Rat
24228609	2013	Rat
24215110	2014 Aug	Rat
24206615	2013 Nov 8	Rat
24206074	2013 Dec	Rat
24204985	2013	Rat
24204653	2013	Rat
24184966	2014 Mar	Rat
24179591	2012 Nov	Rat
24173911	2014 May	Rat
24161707	2013 Dec	Rat
24152419	2015 Jan	Rat
24151039	2014 May	Rat
24142722	2013 Oct	Rat
24137247	2013 Sep	Rat
24130267	2015 Jan	Rat
24129747	2013 Dec	Rat
24120490	2013 Dec	Rat
24109888	2013	Rat
24093120	2013 Sep-Oct	Rat
24088175	2013	Rat
24084190	2013 Dec	Rat
24028507	2013	Rat
24023832	2013	Rat
24009074	2013 Nov	Rat
23990219	2014 May	Rat
23982761	2013 Dec	Rat
23982192	2013 Oct	Rat
23979802	2014 Mar	Rat
23973153	2013 Sep	Rat
23973149	2013 Sep	Rat
23973148	2013 Sep	Rat
23973147	2013 Sep	Rat
23934157	2013 Oct	Rat
23928557	2014 Aug	Rat
23918578	2013 Sep	Rat
23916685	2013 Oct	Rat
23915264	2013 Aug 1	Rat
23904482	2013 Aug 13	Rat
23894457	2013	Rat
23891968	2013 Aug 15	Rat
23891396	2013 Oct	Rat
23884413	2013 Sep 6	Rat
23861713	2013	Rat
23861563	2013	Rat
23858046	2013 Sep	Rat
23852764	2014 Sep	Rat
23836445	2013 Sep	Rat
23833442	2013 Jan	Rat
23830943	2013 Oct 15	Rat
23827368	2013 Oct	Rat
23826657	2013	Rat
23826489	2013 May	Rat
23821557	2014 Feb	Rat
23802421	2013 May	Rat
23799821	2013 Oct	Rat
23795771	2013 Jul 25	Rat
23769729	2013 Aug 26	Rat
23750475	2013 Jun	Rat
23747340	2013 Aug	Rat
23744481	2013 Dec	Rat
23731943	2013	Rat
23723320	2014 Aug	Rat
23717124	2012 Jul	Rat
23717116	2012 Apr	Rat
23714389	2013	Rat
23701828	2013 Aug	Rat
23701173	2013 Aug	Rat
23697583	2013 Jul	Rat
23685840	2013 Jun	Rat
23671396	2013	Rat
23666904	2013 Aug	Rat
23664745	2013 Dec	Rat
23664655	2013 Jul	Rat
23614573	2014 Apr	Rat
23603905	2013 Jun 21	Rat
23603083	2013 Jul	Rat
23602983	2013 Jul	Rat
23601658	2013 Jul	Rat
23597790	2013 Jun 1	Rat
23589286	2013 Jun 7	Rat
23589102	2013 Jun	Rat
23563707	2013 Jun	Rat
23546441	2013 May	Rat
23534442	2013 Apr 25	Rat
23519019	2013 Jun	Rat
23511695	2013 Mar-Apr	Rat
23503969	2014 Apr	Rat
23503887	2013 May	Rat
23499675	2013 Jun	Rat
23496155	2013 Apr	Rat
23483610	2013 Jul	Rat
23483591	2013 Jul	Rat
23473975	2013 May	Rat
23473785	2013 May	Rat
23472862	2013 Aug	Rat
23458918	2013 Apr 19	Rat
23454400	2013 May 15	Rat
23436205	2013 Jun	Rat
23411116	2013 Apr 5	Rat
23399228	2013 Feb 15	Rat
23385821	2013 Mar	Rat
23383210	2013	Rat
23356403	2013 Jan 28	Rat
23340819	2013 Mar	Rat
23340211	2013 Mar	Rat
23339021	2013 Sep	Rat
23338062	2013 Jan	Rat
23335181	2013 Jun	Rat
23334238	2013 Mar	Rat
23326413	2013	Rat
23323719	2013	Rat
23297162	2013 Mar	Rat
23296253	2013 Mar	Rat
23291609	2013 Apr	Rat
23287799	2013 Feb	Rat
23274676	2013 Apr	Rat
23273362	2013 Jan	Rat
23263781	2013 May	Rat
23233270	2013 Mar	Rat
23227940	2012 Dec 10	Rat
23218603	2013 Jan 1	Rat
23186943	2013 Feb	Rat
23174992	2012 Dec 21	Rat
23164158	2013 Apr	Rat
23156970	2012 Oct	Rat
23134577	2012 Nov 7	Rat
23124986	2013 Mar	Rat
23123358	2013 Feb	Rat
23123261	2013 Jan 9	Rat
23118784	2012	Rat
23116713	2013 Feb	Rat
23107483	2012 Dec 15	Rat
23070996	2013 May	Rat
23041435	2013 Jan	Rat
23020698	2013	Rat
23015356	2012 Sep	Rat
23011466	2013 Jan	Rat
22996566	2013 Jan	Rat
22995397	2012 Nov 15	Rat
22985876	2012 Dec 18	Rat
22984604	2012	Rat
22982723	2012 Sep	Rat
22982372	2013 Jan 1	Rat
22967750	2012 Sep 28	Rat
22966427	2012	Rat
22965193	2013 Mar	Rat
22961089	2013 May	Rat
22956865	2012	Rat
22949956	2012 Sep	Rat
22925727	2012 Oct 15	Rat
22920092	2013 May	Rat
22909215	2012 Aug 21	Rat
22908007	2012	Rat
22891645	2012 Aug 23	Rat
22890187	2012 Nov	Rat
22890185	2012 Nov	Rat
22888368	2012	Rat
22828992	2012 Jul 24	Rat
22825254	2012 Oct	Rat
22821055	2013 Mar	Rat
22820731	2012 Sep	Rat
22820498	2012 Nov	Rat
22818981	2012 Oct	Rat
22798269	2013 May	Rat
22790657	2013 Sep	Rat
22785367	2012	Rat
22775466	2012 Jun-Jul	Rat
22769424	2012 Jul 8	Rat
22758598	2012 Oct	Rat
22752510	2012 Aug	Rat
22750747	2012 Oct	Rat
22742641	2012 Jul 26	Rat
22736200	2012 Oct	Rat
22734248	2012 Jun	Rat
22726638	2012 Dec	Rat
22713471	2012 Jul 6	Rat
22704650	2012 Aug	Rat
22670655	2012	Rat
22659637	2012	Rat
22648246	2012 Jun	Rat
22642304	2012 Jul 2	Rat
22613702	2012 Sep	Rat
22611500	2012	Rat
22609837	2012 Jul	Rat
22609478	2012 Aug	Rat
22608545	2012 Nov	Rat
22608295	2012 Jun 15	Rat
22606297	2012	Rat
22579916	2012 Aug	Rat
22579856	2012 Jun 21	Rat
22571260	2012 Jun	Rat
22534688	2013 Mar	Rat
22531460	2012 Jul	Rat
22526371	2012 Aug	Rat
22517267	2012 Nov	Rat
22510443	2012 Apr 17	Rat
22508407	2012 Oct	Rat
22507670	2012 Apr 16	Rat
22507082	2012 Oct 9	Rat
22506885	2012 Jun	Rat
22504024	2012 Jun 5	Rat
22501024	2012 May 24	Rat
22498029	2012 Jul	Rat
22496430	2012 Apr	Rat
22474519	2012	Rat
22472698	2012 Nov	Rat
22470467	2012	Rat
22469847	2012 Jul	Rat
22445554	2013 Jan	Rat
22444025	2012 May	Rat
22440931	2012 Jun 15	Rat
22427270	2012 May	Rat
22426440	2012 Jun	Rat
22425884	2012 Jun	Rat
22414620	2012 Jul	Rat
22407503	2012 Sep	Rat
22396742	2012	Rat
22387095	2012 Apr	Rat
22384228	2012	Rat
22373734	2012 Apr	Rat
22370362	2012 Feb	Rat
22351096	2012	Rat
22344586	2012 May	Rat
22304985	2012 Feb 3	Rat
22294024	2012 Apr	Rat
22289897	2012 Apr	Rat
22285737	2012 Apr	Rat
22272053	2011 Jun	Rat
22271086	2012 Aug	Rat
22252645	2012	Rat
22244821	2012 Feb	Rat
22240637	2012 May	Rat
22240502	2012 May	Rat
22236584	2012 Jun	Rat
22231023	2012 Jun	Rat
22225591	2012 Jan 7	Rat
22189147	2012 Mar	Rat
22185204	2011	Rat
22175799	2012 Jan 26	Rat
22153941	2012 Jan 1	Rat
22141435	2012	Rat
22139679	2011 Nov	Rat
22127873	2012 Apr	Rat
22120701	2012 Jan	Rat
22102374	2012 Feb	Rat
22093915	2011 Nov 17	Rat
22053992	2012 Jan-Feb	Rat
22044919	2012 Jan 15	Rat
22037051	2012 Jan	Rat
22019508	2011 Dec 8	Rat
22018973	2012 Jan	Rat
22006252	2011 Nov	Rat
21991344	2011	Rat
21982494	2011 Nov 15	Rat
21953085	2011 Oct	Rat
21931681	2011	Rat
21930225	2011 Dec	Rat
21911068	2011 Nov	Rat
21884808	2011 Nov	Rat
21875676	2011 Nov	Rat
21874354	2011 Dec	Rat
21864409	2011 Aug 24	Rat
21863259	2011 Sep	Rat
21855139	2011 Dec	Rat
21853458	2012 Mar	Rat
21847664	2011 Dec	Rat
21820522	2011 Oct	Rat
21808097	2011 Jul	Rat
21802499	2011 Oct 13	Rat
21799685	2011	Rat
21796704	2012 Mar	Rat
21795829	2011 Oct 31	Rat
21782922	2011 Sep 2	Rat
21765617	2011	Rat
21762512	2011 Jul 15	Rat
21756207	2012 Feb	Rat
21745460	2011 Oct 1	Rat
21736716	2011 Jul 7	Rat
21720719	2011 Sep-Oct	Rat
21708001	2011 Jun 27	Rat
21691326	2011 Jun 21	Rat
21681568	2012 Aug	Rat
21679434	2011 Jun 16	Rat
21630246	2011 Jun	Rat
21620806	2011 Oct 15	Rat
21599960	2011 May 20	Rat
21575197	2011 May 16	Rat
21571082	2011 Aug	Rat
21559479	2011 Apr 29	Rat
21557731	2011 Sep	Rat
21538326	2011 Sep	Rat
21533617	2011 Dec	Rat
21520262	2011 Nov	Rat
21497277	2011 Mar	Rat
21484226	2011 Oct	Rat
21479939	2011 Aug	Rat
21466783	2011 Jun 1	Rat
21446028	2011 Sep	Rat
21437875	2011 Jul	Rat
21428299	2011 May 11	Rat
21406075	2011 Mar 15	Rat
21404022	2011 Dec	Rat
21398559	2011 Apr	Rat
21397669	2011 Jul 1	Rat
21387139	2011 Aug	Rat
21378032	2011 Mar	Rat
21352090	2011 May	Rat
21346391	2011	Rat
21327824	2011 Nov	Rat
21325780	2011	Rat
21273100	2011 Jul	Rat
21267711	2011 Mar	Rat
21251986	2011 Apr	Rat
21241772	2011 Apr 15	Rat
21216612	2011 Dec	Rat
21185649	2011 May	Rat
21175039	2010	Rat
21167838	2011 Feb 14	Rat
21163358	2011 Mar	Rat
21162957	2010 Nov	Rat
21147151	2011 Mar	Rat
21111752	2011 Jan	Rat
21108488	2011 Jun	Rat
21088145	2011 Mar	Rat
21073445	2011 May	Rat
21071480	2011 Mar	Rat
21069255	2011 Jan	Rat
21047496	2011 Jan 19	Rat
21041994	2010 Nov	Rat
20967483	2011 Oct	Rat
20953646	2011 Nov	Rat
20950722	2011 Mar 1	Rat
20946124	2011 Feb	Rat
20945906	2010 Nov 11	Rat
20945354	2011 May	Rat
20930333	2010	Rat
20879383	2010	Rat
20864020	2010 Oct	Rat
20863899	2010 Nov	Rat
20855557	2011 Jan	Rat
20851422	2011 Dec	Rat
20850574	2011 Feb	Rat
20815650	2010 Sep	Rat
20809138	2010 Nov	Rat
20738224	2010 Dec	Rat
20728870	2010 Nov	Rat
20727126	2010 Aug 20	Rat
20722027	2010 Dec	Rat
20722015	2010 Dec	Rat
20691059	2010 Aug 6	Rat
20675358	2010 Nov	Rat
20664951	2010 Sep	Rat
20664832	2010 Summer	Rat
20647497	2010 Oct	Rat
20646986	2010 Sep	Rat
20643199	2010 Sep 15	Rat
20633676	2010 Sep	Rat
20633675	2010 Oct	Rat
20621685	2010 Aug	Rat
20603097	2010 Nov 15	Rat
20594346	2010 Jul 1	Rat
22131742	2010 Jul	Rat
20556813	2010 Oct	Rat
20538089	2010 Sep 1	Rat
20534789	2010 Sep 1	Rat
20533290	2010 Sep	Rat
20525390	2010 Jun 5	Rat
20522967	2010	Rat
20510383	2010 Sep	Rat
20509748	2010 Aug	Rat
20506144	2010 Aug	Rat
20490805	2011 Dec	Rat
20488927	2010 Sep	Rat
20457212	2010 Sep 10	Rat
20434574	2010 Jul	Rat
20417294	2010 Aug	Rat
20309955	2010 Oct	Rat
20213810	2010 May	Rat
20206237	2010 May 19	Rat
20205719	2010 Mar 5	Rat
20191491	2010 Jan 15	Rat
20188111	2010 Mar 27	Rat
20171183	2010 Mar 19	Rat
20171072	2010 Apr	Rat
20158049	2009 Sep-Oct	Rat
20135673	2010 Aug	Rat
20133791	2010 Feb 9	Rat
20133709	2010 Feb 23	Rat
20131282	2010 May	Rat
20122723	2010 Apr	Rat
20121624	2010 Oct	Rat
20093129	2010 Feb 27	Rat
20091349	2010 May	Rat
22778804	2010 Jan 20	Rat
20077126	2010 Jul	Rat
20067770	2010 May 15	Rat
20067755	2010 Apr	Rat
20067413	2010	Rat
20060953	2010 Apr	Rat
20060728	2010 Feb	Rat
20060234	2010 Feb	Rat
26069535	2010 Jan	Rat
20034712	2011 Jan	Rat
20013164	2010 May	Rat
20005097	2010 Jan 15	Rat
19958520	2009 Dec 3	Rat
19934807	2009 Oct 1	Rat
19876764	2010 Oct	Rat
19833177	2010 Jan 29	Rat
19823173	2010 Jan	Rat
19822234	2010 Feb	Rat
19810106	2010 Mar	Rat
19802679	2009 Sep	Rat
19790062	2009 Oct	Rat
19790055	2009 Oct	Rat
19785765	2009 Sep 28	Rat
19767517	2009 Oct	Rat
19761884	2010 Jan	Rat
19745108	2009 Dec	Rat
19744590	2010 Jan	Rat
19725096	2010 Feb	Rat
19718808	2009 Mar-Apr	Rat
19716399	2009 Nov 13	Rat
19711077	2010 Jul	Rat
19684582	2009 Sep	Rat
19664204	2009 Aug 7	Rat
19655297	2010 Apr	Rat
19580807	2009 Sep 1	Rat
19565489	2009 Jul	Rat
19542681	2009 Jun	Rat
19513610	2009 Jun	Rat
19490965	2009 Nov	Rat
19490963	2009 Nov	Rat
19462990	2009 Jun 15	Rat
19457673	2009 Jul 1	Rat
19422229	2009 Jun 11	Rat
19409466	2009 Jul 6	Rat
19404941	2009 May	Rat
19379487	2009 Apr 20	Rat
19376109	2009 Jun 24	Rat
19350690	2009 Apr	Rat
19342682	2009 Apr 15	Rat
19332177	2009 Sep	Rat
19327154	2009	Rat
19298533	2009 Sep	Rat
19293161	2010 Feb	Rat
19248108	2009 Mar	Rat
19236380	2009 Apr	Rat
19233337	2009 Aug	Rat
19230856	2009 Jul	Rat
20377366	2009 Feb	Rat
19170094	2009 Aug	Rat
19147955	2008 Oct-Dec	Rat
19146971	2009 May	Rat
19146892	2009 Apr 2	Rat
19144181	2009	Rat
19135797	2009 Mar	Rat
23105805	2009 Jan	Rat
20527083	2009	Rat
20192600	2009	Rat
19116973	2009 Jan 15	Rat
19116905	2009 Jan	Rat
19114312	2009 Jun	Rat
19065031	2008	Rat
19063590	2009 Jan	Rat
19055838	2008 Dec 4	Rat
19052875	2009 Jan	Rat
19050895	2009 Jun	Rat
19035511	2008 Dec	Rat
19026578	2009 May	Rat
19010672	2009 Jan 1	Rat
19010066	2009 Jun	Rat
19001053	2009 Mar	Rat
18990590	2009 Apr	Rat
18978578	2008 Nov 1	Rat
18974001	2008 Dec 15	Rat
18955000	2009 Sep	Rat
18950940	2008 Dec	Rat
18836243	2008	Rat
18836236	2008	Rat
18820312	2008 Nov	Rat
18799089	2008 Jul-Aug	Rat
18791656	2009 Feb	Rat
18789727	2009 Mar	Rat
18789726	2009 Mar	Rat
18780763	2009 Jan	Rat
18759291	2008 Sep	Rat
18729392	2008 Sep	Rat
18699993	2008	Rat
18698490	2008 Sep	Rat
18680771	2008 Oct 21	Rat
18679006	2008 Aug	Rat
18655132	2009 Jan	Rat
18650131	2008 Oct	Rat
18637715	2009	Rat
18613981	2008 Jul 9	Rat
18595745	2009 Jan	Rat
18573668	2009 Jan	Rat
18556223	2008 Dec	Rat
18550523	2008 Aug 22	Rat
18548845	2008 Spring	Rat
18524010	2008 Dec	Rat
18523861	2008 Sep	Rat
18464888	2008 Apr	Rat
18457369	2008	Rat
18342549	2008 Sep	Rat
18314368	2008 Mar	Rat
18311796	2008 Mar	Rat
18287210	2008 May	Rat
18277430	2007 Oct	Rat
18268076	2008 May	Rat
18262804	2008 Aug	Rat
18251495	2008 Feb 28	Rat
18240240	2008 Feb	Rat
18237379	2008 Jan 31	Rat
18236017	2007 Dec	Rat
18234072	2008	Rat
18224353	2008 May	Rat
18203067	2007 Dec	Rat
18182309	2008 Jul	Rat
18172013	2008 Apr	Rat
18167200	2007 Dec 20	Rat
19478889	2008 Oct 24	Rat
18163511	2008 Jan	Rat
18160928	2007 Dec	Rat
18088507	2008 Jan	Rat
18077540	2008 Oct	Rat
18072397	2007 Jun	Rat
18060205	2007 Dec	Rat
18056042	2007 Nov	Rat
18031725	2008 Feb 2	Rat
17968906	2007 Nov	Rat
17947700	2007 Nov 1	Rat
17937475	2007 Nov	Rat
17920302	2008 Apr	Rat
17900933	2008 Apr	Rat
17875543	2007 Dec	Rat
17853445	2007 Dec	Rat
17852072	2008 Feb	Rat
17822719	2007 Aug 23	Rat
17723296	2007 Oct 1	Rat
17722484	2007 May-Jun	Rat
17698374	2008 Mar	Rat
17686636	2008 Feb	Rat
27518788	2007 Aug	Rat
17659886	2008 Jan	Rat
17646269	2007 Nov	Rat
17638573	2007 Nov	Rat
17631391	2008 Jan	Rat
17623656	2007 Sep 21	Rat
17590359	2007 Dec	Rat
17583780	2007 Aug-Sep	Rat
17562362	2007 Aug 15	Rat
17530714	2007 Jun	Rat
17500014	2007 Oct	Rat
17490897	2007 Oct	Rat
17466542	2007 Sep	Rat
17385335	2007 Feb	Rat
17382552	2007 Jan	Rat
17375206	2007 Feb 27	Rat
17359944	2007 May 7	Rat
17320132	2007 Apr 15	Rat
17312183	2007 Mar 1	Rat
17305324	2007 Mar 22	Rat
17284318	2007	Rat
17284317	2007	Rat
17276007	2007 Apr	Rat
17216398	2007 Aug	Rat
17198754	2007 Jun	Rat
17187753	2007 Feb 1	Rat
17185835	2006 Oct-Dec	Rat
17165036	2007 Jul	Rat
17157038	2007 May	Rat
17145758	2007 Feb 9	Rat
17140817	2007 May	Rat
17133593	2006 Dec	Rat
17126060	2006 Dec	Rat
17109745	2006	Rat
17094130	2007 Mar	Rat
17072445	2006 Oct	Rat
16995764	2006 Oct	Rat
16973887	2006 Dec	Rat
16959360	2006 Oct 10	Rat
16947773	2006 Sep	Rat
16927387	2007 Jan 1	Rat
16912431	2006	Rat
16912413	2006	Rat
16829766	2006 Aug	Rat
16819271	2006 Jul	Rat
21783692	2006 Jul	Rat
16797470	2006 Sep 15	Rat
16769229	2006 Oct	Rat
16768703	2006 May	Rat
16740398	2006 Nov	Rat
16731008	2006 Oct	Rat
16720253	2006 May	Rat
16690336	2007 Apr	Rat
16632350	2006 Jul 1	Rat
16616754	2006 Apr	Rat
16616417	2006 Jul	Rat
16612565	2006 Feb	Rat
16583446	2006 May	Rat
16581860	2006 Aug 1	Rat
16580849	2006 Aug	Rat
16580848	2006 Aug	Rat
16572453	2006 Apr	Rat
16564620	2006 Jul	Rat
16549372	2006 Aug	Rat
16514626	2006 Apr	Rat
16508959	2006 Mar	Rat
16500121	2006 Jul	Rat
16498013	2006 Mar	Rat
16463084	2006 May	Rat
16437200	2006 Sep	Rat
16433646	2006 Jan-Feb	Rat
16418777	2006 Feb	Rat
16394269	2006 Jan	Rat
16376111	2006 Apr	Rat
16365691	2006 Sep	Rat
16359876	2006 Apr	Rat
16355039	2006 Jan	Rat
25048871	2005 Dec	Rat
16297642	2006 Mar	Rat
16290189	2006 Mar	Rat
16275085	2006 Jan 15	Rat
16259722	2005	Rat
16255041	2005 Nov	Rat
16243547	2006 Feb	Rat
16234240	2005 Dec 16	Rat
16216515	2005 Dec 15	Rat
16185945	2006 Feb	Rat
16151643	2005 Oct	Rat
16122880	2005	Rat
16114085	2005 Jun	Rat
16093206	2005 May	Rat
16039054	2005 Nov 11	Rat
16036866	2005	Rat
15979014	2005 Jul	Rat
15967610	2005 Oct 3	Rat
15935401	2005 Jul 29	Rat
15922106	2005	Rat
15905105	2005 Dec	Rat
15896984	2005 Jul	Rat
15885477	2005 May	Rat
15883746	2005 Mar	Rat
15856277	2005 Mar	Rat
15837818	2005 Jul	Rat
15837310	2005 May 2	Rat
15820145	2005 May	Rat
15801027	2005 Apr	Rat
15784009	2005 Jul 15	Rat
15780646	2005 Apr	Rat
15777859	2005 Apr	Rat
15764839	2005 Mar	Rat
15758487	2001 Jun	Rat
15758375	2002 Dec	Rat
15740638	2005 Feb	Rat
15707241	2005 Feb	Rat
15704860	2005 Jan	Rat
15649670	2005 Jan	Rat
15638411	2004	Rat
15619570	2005 Jan 15	Rat
15601778	2004 Dec 28	Rat
15579310	2004 Nov	Rat
15569620	2005 Jan 1	Rat
15494188	2004 Nov	Rat
15488329	2004 Nov 11	Rat
15450531	2004 Oct	Rat
15450527	2004 Oct	Rat
15385784	2004 Oct	Rat
15375755	2004 Oct	Rat
15356403	2004 Sep-Oct	Rat
15325638	2004 Sep	Rat
15299219	2004	Rat
15299211	2004	Rat
15288135	2004 Sep	Rat
15261284	2004 Aug 16	Rat
15240824	2004 Nov	Rat
15232785	2004 May	Rat
15231019	2004 Aug	Rat
15212191	2004	Rat
15124255	2004 May	Rat
15107580	2004 Apr	Rat
15077302	2004 Apr	Rat
15059281	2004	Rat
15035799	2003	Rat
15023380	2004 Apr	Rat
15013079	2004 Mar	Rat
14984289	2004 Jan	Rat
14972338	2004 Mar	Rat
14972336	2004 Mar	Rat
14872496	2004 Feb	Rat
14730630	2004 Jan	Rat
14677373	2003	Rat
14665748	2003 Nov	Rat
14660436	2004 Jan	Rat
14652478	2003 Dec 1	Rat
14614855	2003 Nov	Rat
14613274	2003 Nov	Rat
14609535	2003 Nov	Rat
14585729	2003 Nov-Dec	Rat
14566965	2003 Dec	Rat
14564447	2003 Nov	Rat
14528519	2003 Oct	Rat
12954235	2003 Sep	Rat
12932294	2003	Rat
12921731	2003 Aug-Oct	Rat
12773042	2003 Jun 5	Rat
12773041	2003 Jun 5	Rat
12768483	2003	Rat
12738249	2003 Apr	Rat
12709548	2003 May	Rat
12659680	2003 Mar 1	Rat
12658748	2002	Rat
12604692	2003 Mar	Rat
12555930	2003 Jan	Rat
12554128	2003 Feb	Rat
12505483	2003 Jan	Rat
12479386	2002 Aug	Rat
12472238	2002 Nov	Rat
12435393	2002 Nov 22	Rat
12415421	2003 Feb	Rat
12384917	2002 Oct	Rat
12364566	2002 Oct	Rat
12359164	2002 Oct	Rat
12271357	2002 Sep	Rat
24387059	2002 Sep	Rat
12202119	2002 Sep	Rat
12127833	2002 Jul	Rat
12126975	2002 Jul 12	Rat
12076275	2002 Mar	Rat
12073103	2002	Rat
12029492	2002 May	Rat
12028657	2002 Jan-Feb	Rat
11924812	2001 Dec	Rat
11869073	2002 Feb	Rat
11795995	2001 Nov	Rat
11810482	2000	Rat
11801247	2002 Jan 16	Rat
11734496	2001 Nov-Dec	Rat
11717181	2001 Dec	Rat
11716368	2001 Sep	Rat
11677139	2001 Nov 19	Rat
11603728	2001 Oct	Rat
11597174	2001 Oct	Rat
11586092	2001 Oct	Rat
11482525	2001	Rat
11465708	2001 Jul	Rat
11426673	2001 Mar	Rat
11404353	2001 Sep 7	Rat
11399094	2001 May	Rat
11337721	2001 May	Rat
11352397	2001 Jan	Rat
11352238	2001 May	Rat
11334975	2001 Jun 1	Rat
11332442	2001 Mar-Apr	Rat
11326333	2001 Jun	Rat
11296547	2001	Rat
11256237	2000 Oct	Rat
11237665	2001 Feb	Rat
11229466	2001 Feb	Rat
11186168	2000	Rat
11172466	2001 Jan	Rat
11150165	2000 Dec 28	Rat
11069730	2000 Nov	Rat
11014364	2000 Sep	Rat
11005733	2000 Jul	Rat
10966845	2000 Sep	Rat
10947127	2000 Aug	Rat
10914859	2000 Jul	Rat
10912189	2000	Rat
10903877	2000 Jul	Rat
10903334	2000 Jul	Rat
10806052	2000 May	Rat
10777108	2000 Mar	Rat
10761541	1999	Rat
10724258	2000 Mar	Rat
10560695	1999 Nov 6	Rat
10507084	1999	Rat
10506917	1999 Oct	Rat
10499542	1999 Oct	Rat
10442204	1999 Jul	Rat
10432320	1999 Aug 15	Rat
10419787	1999 Jul	Rat
10419774	1999 Jul	Rat
10411562	1999 Aug	Rat
10395320	1999 Jul	Rat
10385960	1998 Nov	Rat
10367688	1999 Jan-Feb	Rat
10367020	1999 Jan	Rat
10358204	1999 Jun 15	Rat
10211877	1999 Apr	Rat
10197164	1998 Sep	Rat
10100939	1998 Dec	Rat
10090708	1999 Apr	Rat
10080088	1999 Feb	Rat
10068027	1999 Jan	Rat
9877401	1998 Nov	Rat
9876396	1998 Jul	Rat
9817766	1998 Nov 16	Rat
9779827	1998 Nov 1	Rat
9743814	1998 May	Rat
9639100	1998 May	Rat
9616440	1998 Jan	Rat
9616435	1998 Jan	Rat
9542746	1998	Rat
9588741	1998 May	Rat
9587990	1998 Mar	Rat
9512498	1998 Apr 1	Rat
9502411	1998 Mar	Rat
9496714	1998	Rat
9425864	1997 Nov	Rat
9324022	1997 Sep	Rat
9333186	1997 Nov	Rat
9330942	1997 Oct	Rat
9286753	1997 Sep	Rat
9486003	1997 Jul	Rat
9192516	1997 Jul	Rat
9179398	1997 Jun	Rat
9135032	1997 Apr 25	Rat
9090810	1997 Jan-Feb	Rat
9002024	1997 Jan	Rat
8979155	1996 Dec	Rat
8854249	1996 Aug	Rat
8702386	1996 Jul 16	Rat
8866331	1996 Jul	Rat
8971960	1996 Jun	Rat
8822753	1996 Jun	Rat
8852575	1996 Mar	Rat
8731391	1996 Mar	Rat
8868297	1996 Feb	Rat
8835244	1995 Nov-Dec	Rat
7564266	1995 Sep	Rat
7575762	1995 Aug	Rat
7741786	1995 Mar	Rat
18475625	1995	Rat
8834624	1995	Rat
11550711	1994 Dec	Rat
7890989	1994 Dec	Rat
7889887	1994 Nov	Rat
7863819	1994 Nov	Rat
7703601	1994 Nov-Dec	Rat
7799655	1994 Sep	Rat
7955604	1994 Jul-Aug	Rat
8185693	1994 May	Rat
7942329	1994 May	Rat
7504102	1993 Nov	Rat
29539753	1993 Aug	Rat
8366806	1993 Aug	Rat
8335947	1993 Aug 1	Rat
8210489	1993 Jul 2	Rat
8334078	1993 Jun	Rat
8436117	1993 Feb 1	Rat
7679410	1993 Feb	Rat
1418050	1992 Jun	Rat
1406451	1992 Jun	Rat
1351318	1992 Apr	Rat
1542136	1992 Feb	Rat
1729286	1992 Jan	Rat
1574936	1992 Jan-Feb	Rat
2065530	1991 Mar	Rat
2061382	1991 Jan 18	Rat
1800463	1991	Rat
1700613	1990 Nov	Rat
2222532	1990 Oct	Rat
2388113	1990 Sep	Rat
1697163	1990 Aug 1	Rat
2355296	1990 Jul	Rat
1691192	1990 Apr	Rat
2338011	1990 Mar-Apr	Rat
2349820	1990	Rat
2596570	1989 Dec	Rat
2610713	1989 Oct	Rat
2663990	1989 Aug 15	Rat
2503282	1989 May-Jun	Rat
2805684	1989	Rat
2479078	1989	Rat
3246890	1988 Dec	Rat
3230567	1988 Dec	Rat
3263891	1988 Apr	Rat
3238371	1988	Rat
3120585	1987 Nov 20	Rat
3625668	1987 May	Rat
3625661	1987 May	Rat
3602982	1987 Jan	Rat
3443045	1987	Rat
3489227	1986 Jun	Rat
2424461	1986 Jun	Rat
3643734	1986	Rat
3634905	1986 Jan	Rat
3089703	1986 Jan	Rat
3927297	1985 Aug	Rat
3976132	1985 Jan	Rat
3915304	1985	Rat
3161266	1985	Rat
6418269	1983 Dec 24-31	Rat
6309452	1983 Sep	Rat
6859071	1983 Jun 14	Rat
6421098	1983	Rat
7086778	1982 Jan-Feb	Rat
7449226	1980 Nov-Dec	Rat
7435863	1980 Jul-Oct	Rat
389957	1979 Aug	Rat
157389	1979 Jun	Rat
472897	1979 May-Jun	Rat
594372	1977 Oct	Rat
893514	1977 Aug	Rat
225927	1977 Jan-Jun	Rat
60309	1976 Jul	Rat
55584	1976 Feb 7	Rat
1163	1975 Dec 15	Rat
1173774	1975 Feb	Rat
4445161	1974 Dec	Rat
4612458	1974 Sep	Rat
4838410	1974 May	Rat
4458065	1974 Winter	Rat
4716984	1973 Jul 17	Rat
4701753	1973 Apr	Rat
4571334	1973 Apr	Rat
4637158	1972 Nov 18	Rat
4562192	1972 Sep	Rat
4555919	1972 Apr 15	Rat
4251203	1970 Oct	Rat
4317014	1970 Jul	Rat
5464072	1970	Rat
5360889	1969 Jun	Rat
5793012	1969 May-Jun	Rat
5788905	1969 Apr	Rat
5775679	1969 Mar	Rat
5723015	1968 Nov	Rat
5680988	1968 Oct	Rat
5726902	1968 Aug	Rat
6023697	1967 Mar	Rat
5634151	1967	Rat
5953958	1966 Dec	Rat
5825185	1965 Jul	Rat
5889070	1964 May-Jun	Rat
14121998	1963 Dec	Rat
13354102	1956 Aug	Rat
41096604	2025 Sep 24	Pig
41090753	2025 Sep 29	Pig
41053921	2025 Oct 6	Pig
40887495	2025 Sep	Pig
40873115	2025 Oct	Pig
40682489	2025 Aug	Pig
40620809	2025 Jun 20	Pig
40576853	2025 Sep	Pig
40451465	2025 Jun	Pig
40417960	2025 Jul	Pig
40380984	2025 May	Pig
40362332	2025 Apr 25	Pig
40330124	2025	Pig
40279225	2025 Aug	Pig
40215904	2025 Aug	Pig
40192639	2025 Jun 1	Pig
40097127	2025 May 1	Pig
39877352	2024	Pig
39859238	2025 Jan 9	Pig
39859204	2025 Jan 9	Pig
39786670	2025 Jun	Pig
39656450	2024 Dec	Pig
39547683	2025 May	Pig
39522937	2025 Feb	Pig
39402141	2024 Sep	Pig
39337510	2024 Sep 18	Pig
39214071	2024 Sep	Pig
39168422	2024 Oct 1	Pig
39145819	2024 Dec	Pig
39049016	2024 Jul 24	Pig
38959010	2024 Jul 15	Pig
38948372	2024 Jul	Pig
38935473	2024 Nov	Pig
38911554	2024 Jun 10	Pig
38891860	2024 May 23	Pig
38856671	2024 Jul 9	Pig
38782253	2024 Aug	Pig
38685793	2024 Sep	Pig
38600329	2024 Apr 10	Pig
38477444	2024 May	Pig
38460961	2024 Aug	Pig
38422741	2024 Mar	Pig
38414083	2024 Feb 27	Pig
38396667	2024 Feb 6	Pig
38309412	2024 Apr	Pig
38262159	2024 Feb 15	Pig
38049518	2023 Dec 4	Pig
38044413	2024 Mar	Pig
38032446	2023 Nov 30	Pig
37939310	2024 Mar	Pig
37759816	2023 Sep 20	Pig
37742942	2023 Dec	Pig
37689763	2023 Sep 9	Pig
37683603	2023 Sep 7	Pig
37634465	2023 Oct	Pig
37550401	2024 Jun	Pig
37509451	2023 Jun 24	Pig
37493273	2023 Sep	Pig
37406483	2023 Aug	Pig
37255448	2023 Aug 1	Pig
37242647	2023 May 4	Pig
37182454	2023 Jul	Pig
37134114	2023	Pig
36943891	2023 Jul	Pig
36915787	2023	Pig
36866819	2023 Sep	Pig
36696941	2023 Jun	Pig
36662701	2023	Pig
36578046	2022 Dec 28	Pig
36562983	2023 Feb	Pig
36555507	2022 Dec 14	Pig
36542910	2023 Jan	Pig
36503422	2022 Dec 12	Pig
36484319	2023 Mar	Pig
36481450	2023 Apr	Pig
36453529	2023 Jul	Pig
36449506	2022	Pig
36446911	2023 May	Pig
36342311	2022 Nov	Pig
36300544	2022 Dec	Pig
36299602	2022	Pig
36259633	2022 Nov	Pig
36229661	2022 Oct	Pig
36182100	2022 Dec	Pig
36169308	2022 Oct	Pig
36168980	2022 Nov	Pig
36133821	2022	Pig
36122497	2022 Nov	Pig
36113725	2022 Nov	Pig
36053429	2022 Oct	Pig
36037705	2022 Oct	Pig
36030381	2023 Apr	Pig
36030059	2022 Nov	Pig
35938491	2022 Nov	Pig
35840018	2022 Oct	Pig
35803488	2022 Sep	Pig
35779773	2022 Sep 1	Pig
35730119	2022 Aug	Pig
35724853	2022 Aug 1	Pig
35722806	2022 Jul	Pig
35675298	2022	Pig
35644462	2022 Sep	Pig
35421700	2022 Jun	Pig
35297694	2022 Aug	Pig
35289232	2022 Mar	Pig
35184911	2022 May	Pig
35171527	2022 Nov	Pig
35112595	2022 Mar	Pig
35107353	2022 Feb	Pig
35070686	2022 Feb	Pig
35058478	2022 Jan 20	Pig
34792214	2022 Aug	Pig
34728427	2022 Jan 15	Pig
34724347	2021 Nov	Pig
34706537	2021 Nov 24	Pig
34672227	2022 Feb	Pig
34658021	2021 Nov	Pig
34650827	2021 Jul-Sep	Pig
34649596	2021 Oct 14	Pig
34641845	2021 Oct 12	Pig
34620223	2021 Oct 7	Pig
34605665	2022 May	Pig
34581513	2021 Dec	Pig
34537673	2021 Nov 9	Pig
34493119	2021 Dec	Pig
34437631	2021	Pig
34242997	2021 Oct	Pig
34242236	2021	Pig
34238028	2021 Dec	Pig
34207917	2021 Jun 9	Pig
34103584	2021 Jun 8	Pig
34085927	2021 Jun 4	Pig
34082132	2021 Sep	Pig
34022466	2021 Jul 15	Pig
33968164	2021 Jun	Pig
33910538	2021 Apr 28	Pig
33891624	2021	Pig
33799537	2021 Mar 11	Pig
33758095	2021 Mar 30	Pig
33757298	2021 May 15	Pig
33734514	2021 Apr	Pig
33668140	2021 Feb 24	Pig
33629239	2022 Mar	Pig
33534613	2021 Mar	Pig
33494617	2022 Jan	Pig
33411938	2021 Jan 7	Pig
33325039	2021 Oct	Pig
33192568	2020	Pig
33103838	2021 Jun	Pig
33079604	2021 Feb	Pig
33053220	2021 Feb	Pig
32992283	2020 Dec	Pig
32982218	2020	Pig
32959133	2021 Feb	Pig
32955387	2020 Oct 1	Pig
32924528	2020 Oct	Pig
32924290	2021 Jan	Pig
32919575	2020 Nov 15	Pig
32824575	2020 Aug 17	Pig
32749853	2020 Sep	Pig
32629162	2020 Sep	Pig
32600700	2020 Oct	Pig
32591239	2020 Oct	Pig
32542333	2020 Oct 1	Pig
32497388	2020 Jul	Pig
32353689	2020 May	Pig
32334715	2020	Pig
32331555	2020 Jun 1	Pig
32321631	2020 Jun	Pig
32285971	2020 Dec	Pig
32249508	2020 Aug	Pig
32181981	2020 Jul	Pig
32146150	2020 Jun	Pig
32132930	2020	Pig
32123154	2020 Mar 3	Pig
32107493	2020	Pig
32034262	2020 Feb 7	Pig
32030828	2020 Mar	Pig
32005844	2020 Jan 31	Pig
31985604	2020 Jun	Pig
31916546	2020 Jan 9	Pig
31861690	2019 Dec 19	Pig
31827742	2019	Pig
31806974	2019	Pig
31785390	2020 Jun	Pig
31730120	2019 Nov 15	Pig
31661326	2020 May-Jul	Pig
31513919	2019 Dec	Pig
31480031	2019 Oct 21	Pig
31472053	2019 Jul 31	Pig
31362738	2019 Jul 30	Pig
31353084	2019 Sep 10	Pig
31280053	2019 Oct	Pig
31268737	2019 Aug	Pig
31233890	2019 Sep 1	Pig
31213610	2019 Jun 18	Pig
31196172	2019 Jun 13	Pig
31125133	2019 Oct	Pig
31115925	2019 Nov	Pig
31088681	2019 Jun 30	Pig
31002692	2019	Pig
30993486	2019 Oct	Pig
30982336	2021 Dec	Pig
30977553	2019 Aug	Pig
30954915	2019 Jul	Pig
30825594	2019 May 25	Pig
30822327	2019	Pig
30797145	2019 Apr	Pig
30744620	2019 Feb 11	Pig
30717402	2019 Feb 2	Pig
30692826	2019 Jan-Mar	Pig
30628591	2019 Feb 26	Pig
30624015	2019 Apr	Pig
30600473	2019 Oct	Pig
30583576	2018 Dec 23	Pig
30579353	2018 Dec 22	Pig
30561041	2019 Jun	Pig
30511903	2019 Aug	Pig
30498731	2018 Oct	Pig
30474872	2019 Feb	Pig
30474763	2019 Apr	Pig
30462647	2018	Pig
30416646	2018	Pig
30396488	2018 Dec	Pig
30317108	2018 Dec	Pig
30288634	2019 Jan	Pig
30251031	2019 Jan	Pig
30088034	2018 Oct	Pig
30075007	2018	Pig
30061065	2018 Oct	Pig
30022370	2018 Nov	Pig
29986604	2018 Jul	Pig
29925634	2018 Jun 20	Pig
29905361	2018 Dec	Pig
29894913	2018 Sep	Pig
29891965	2018 Jun 11	Pig
29852167	2018 Jul 20	Pig
29783732	2018 May 19	Pig
29757957	2018 May 14	Pig
29663644	2019 Apr	Pig
29605083	2018 Apr 27	Pig
29565642	2018 May	Pig
29534535	2018 Mar 12	Pig
29534084	2018	Pig
29437147	2018 Feb 7	Pig
29387635	2017 Jul-Sep	Pig
29352619	2018 Apr	Pig
29284451	2017 Dec 29	Pig
29227045	2018 Apr	Pig
29226725	2018 Nov	Pig
29198047	2018 Mar	Pig
29131268	2017 Oct	Pig
29105354	2018 Mar	Pig
29100801	2017 Dec 1	Pig
29044705	2018 Feb	Pig
29020659	2018 Jan	Pig
28956662	2018 Jul	Pig
28914956	2018 Apr	Pig
28886084	2017	Pig
28877431	2017 Oct 24	Pig
28831668	2018 Jun	Pig
28829233	2017	Pig
28823647	2017 Nov	Pig
28810995	2017 Jul	Pig
28798097	2017 Oct	Pig
28671352	2018 Jan	Pig
28670109	2017	Pig
28564689	2017 Sep 1	Pig
28544002	2018 Jan	Pig
28542897	2017 Jul	Pig
28532603	2017 Sep	Pig
28492349	2017 May	Pig
28421969	2017 Apr	Pig
28388908	2017 Apr 7	Pig
28237185	2017 Apr 11	Pig
28153003	2017 Feb 2	Pig
28129516	2017 Jun	Pig
28117674	2017 Jan 20	Pig
28012003	2017 Feb	Pig
27820852	2016	Pig
27642127	2016 Dec	Pig
27465877	2016 Dec	Pig
27768832	2017 Mar	Pig
27624724	2016 Sep 13	Pig
27574898	2017 Feb	Pig
27400672	2016 Jul 11	Pig
27391810	2016	Pig
27340791	2017 Jan	Pig
27285121	2016 Jul 11	Pig
27240953	2016 Aug 5	Pig
26963090	2016	Pig
26905565	2016 Feb 22	Pig
26878059	2016 Feb 8	Pig
26868380	2017 Jan 1	Pig
26866935	2016 Jul	Pig
26828357	2016 Jul	Pig
26807491	2016 Apr	Pig
26792705	2016 Mar	Pig
26720513	2016 Mar	Pig
26713680	2016 Mar	Pig
26687823	2016 May	Pig
26647105	2016 Feb 3	Pig
26637428	2015 Dec 4	Pig
26636289	2016 Aug	Pig
26605536	2016 Apr	Pig
26521750	2015 Nov	Pig
26516689	2016 Apr	Pig
26505891	2016 May	Pig
26496668	2016 May	Pig
26409512	2015	Pig
26401159	2015	Pig
26379827	2015	Pig
26350038	2015 Nov	Pig
26296921	2015 Nov	Pig
26201748	2015 Oct	Pig
26134453	2015 Dec	Pig
26033166	2015 Oct	Pig
26033165	2015 Oct	Pig
26028138	2015 Oct	Pig
26000299	2015	Pig
25939612	2015 Jul	Pig
25903377	2015 Apr 17	Pig
25893393	2015 May	Pig
25890366	2015 Mar 18	Pig
25885368	2016 Mar	Pig
25869133	2015 May 22	Pig
25683149	2015 Jun	Pig
25680651	2015 Jun	Pig
25656460	2015 Oct	Pig
25629889	2015 Mar 18	Pig
25588586	2015 Jan	Pig
25541309	2016 Nov	Pig
25534363	2015 Mar	Pig
25515248	2015 Apr	Pig
25503611	2015 Feb	Pig
25410523	2015 Mar	Pig
25346893	2014 Sep 24	Pig
25267432	2015 Mar	Pig
25247198	2014	Pig
25219641	2015 Jan	Pig
25100170	2014 Aug 5	Pig
25099484	2014 Nov	Pig
25068220	2014 Summer	Pig
24976081	2014 Sep	Pig
24963402	2014	Pig
24860700	2014	Pig
24837189	2014 Aug 10	Pig
24795274	2014 Jul	Pig
24721459	2014 Jun	Pig
24671386	2015 Jan	Pig
24669849	2014 Mar 26	Pig
24635637	2014 Jul 7	Pig
24474754	2014 Jan 28	Pig
24474687	2014 Mar 7	Pig
24472412	2013 Dec 1	Pig
24375991	2014 Nov	Pig
24302463	2014 Apr	Pig
24286344	2013 Oct 17	Pig
24280245	2014 Feb	Pig
24237933	2013 Nov 17	Pig
24225059	2015 Jan	Pig
24122676	2014 Mar	Pig
24119051	2013 Oct 11	Pig
24109645	2013	Pig
24096032	2014 Apr	Pig
24041966	2013 Dec	Pig
24036379	2013 Dec	Pig
23994836	2013 Aug 29	Pig
23943628	2014 May	Pig
23915264	2013 Aug 1	Pig
23857883	2013 Aug	Pig
23798647	2013	Pig
23680879	2013 Aug	Pig
23547214	2013 Jun	Pig
23543200	2013 May	Pig
23527881	2013	Pig
23483596	2013 Jul	Pig
23353670	2013 Apr	Pig
23324784	2012	Pig
23069855	2013 Jan	Pig
23064555	2013 Feb	Pig
23027577	2013 Mar	Pig
22908007	2012	Pig
22890186	2012 Nov	Pig
22849584	2012 Jul 31	Pig
22846714	2012 Nov	Pig
22704650	2012 Aug	Pig
22678997	2013 Feb	Pig
22579917	2012 Sep	Pig
22571929	2012 Nov	Pig
22469851	2012 Jul	Pig
22250717	2011 Dec	Pig
22197886	2012 Feb	Pig
22179678	2012 Jan	Pig
22173309	2011 Nov	Pig
22160883	2012 Mar	Pig
22128105	2012 Apr	Pig
22066827	2012 Feb	Pig
21945742	2011 Dec	Pig
21874326	2012 Sep	Pig
21858617	2011 Dec	Pig
21841214	2011 Sep 7	Pig
21787135	2011	Pig
21769848	2011 Nov	Pig
21724248	2011 Oct	Pig
21723952	2011 Sep	Pig
21679094	2011	Pig
21627528	2011 Jun	Pig
21543006	2011 Apr	Pig
21536437	2011 Jun 1	Pig
21516362	2011 Oct	Pig
21482542	2011 Aug	Pig
21397032	2011 Jul	Pig
21366913	2011 Mar 2	Pig
21282215	2011 May	Pig
21251992	2011 Apr	Pig
21243971	2010	Pig
21185649	2011 May	Pig
20967391	2010 Dec	Pig
20950722	2011 Mar 1	Pig
20950698	2010 Dec	Pig
20944430	2010	Pig
20940008	2010 Dec	Pig
20889985	2010 Nov	Pig
20864020	2010 Oct	Pig
20825639	2010	Pig
20808236	2010 Oct	Pig
20797443	2010 Nov	Pig
20709180	2010 Nov	Pig
20692355	2010 Oct	Pig
20650328	2010 Oct	Pig
20633670	2010 Sep	Pig
20630114	2010 Jul 15	Pig
20604941	2010	Pig
20535432	2010 May	Pig
20511611	2010 Aug	Pig
20487004	2010 Apr	Pig
20472084	2010 Jul	Pig
20462435	2010	Pig
20349328	2010 Aug	Pig
20202487	2010 Jun	Pig
20190401	2010	Pig
20175971	2010 May	Pig
20110528	2010 Mar	Pig
20108346	2010 Jul	Pig
20058262	2010 Jul	Pig
19864150	2010 Apr-May	Pig
19825496	2010 Mar	Pig
19824607	2009 Oct	Pig
19781951	2009 Oct 15	Pig
19714645	2009 Sep	Pig
19658157	2010 Feb	Pig
19447213	2009 Nov	Pig
19409292	2009 Oct	Pig
19381811	2009 Jul	Pig
19371268	2009 May	Pig
19335556	2009 Apr	Pig
19328881	2009 Aug	Pig
19323466	2009 May	Pig
19296087	2009 Jun	Pig
19273027	2009 Jul	Pig
19205043	2009 Aug	Pig
19157913	2009 Aug	Pig
19132782	2009 Jan	Pig
19121588	2009 Jun	Pig
19118849	2009 Jan	Pig
21471660	2009	Pig
19110715	2008 Dec	Pig
19103502	2009 Jun	Pig
19054299	2009 Mar	Pig
18975039	2009 Jun	Pig
18849174	2009 Apr	Pig
18838280	2009 Apr	Pig
18821676	2008 Oct	Pig
18760638	2009 Mar	Pig
18759309	2008 Sep	Pig
18720406	2008 Dec	Pig
18632849	2008 Oct	Pig
18524637	2008 Dec	Pig
18472285	2008 Nov	Pig
18439846	2008 Oct	Pig
18406634	2008 Oct	Pig
18383360	2008 Apr	Pig
18328808	2008 May 9	Pig
18287210	2008 May	Pig
18282772	2008 Sep	Pig
18276170	2008 Aug	Pig
18240212	2008 Feb	Pig
18227807	2008 Mar	Pig
18227229	2008 May	Pig
18182205	2008 Jan	Pig
18175032	2008 Jan	Pig
18056039	2007 Nov	Pig
18038435	2007 Sep-Oct	Pig
17991220	2007 Dec	Pig
17968943	2007 Nov	Pig
17945515	2008 May	Pig
17907190	2007 Oct	Pig
17900796	2008 Jan	Pig
17896352	2007 Oct	Pig
17868097	2008 Feb	Pig
17804262	2008 Mar	Pig
17708519	2008 May	Pig
17659886	2008 Jan	Pig
17594076	2007 Nov	Pig
17583780	2007 Aug-Sep	Pig
17513137	2007 Oct	Pig
17477816	2007 Apr	Pig
17448702	2007 Sep	Pig
17427142	2007 Apr 11	Pig
17368052	2007 Jul	Pig
17357498	2006	Pig
17303445	2007 Jun	Pig
17295437	2007 Feb	Pig
17261541	2007 Apr	Pig
17216471	2007 Aug	Pig
17208467	2007 Mar	Pig
17207905	2007 Feb	Pig
17197090	2007 Jul	Pig
17187753	2007 Feb 1	Pig
17063260	2007	Pig
17010648	2007 Mar	Pig
17002576	2006 Dec	Pig
16912411	2006	Pig
16869019	2006 Aug	Pig
16843689	2006 Dec	Pig
16820306	2006 Dec	Pig
16802354	2006 Jul	Pig
16720098	2006 Oct	Pig
16696325	2005	Pig
16689221	2002 Mar	Pig
16679035	2006 Sep	Pig
16626979	2006 Sep	Pig
16478668	2006 Jun	Pig
16397735	2006 Feb	Pig
16288971	2006 Mar	Pig
16188466	2006 Jan	Pig
16168680	2005 Dec	Pig
16117605	2005 Summer	Pig
16023006	2005 Jul	Pig
15987525	2005 Jun 29	Pig
15975834	2005 Oct	Pig
15951202	2005 Sep	Pig
15922182	2005 Jun	Pig
15908235	2005 Aug	Pig
15882563	2005 May	Pig
15777671	2005 Mar	Pig
15692987	2005 Feb	Pig
15642141	2005	Pig
15641085	2005 Jan	Pig
15607881	2005 Jan	Pig
15564062	2004 Dec	Pig
15381164	2005 Jan	Pig
15353354	2004 Sep 1	Pig
15292256	2004 Oct 15	Pig
15188359	2004 Jun	Pig
15124255	2004 May	Pig
15094137	2004 May	Pig
15077304	2004 Apr	Pig
14977440	2003 Winter	Pig
14748051	2004 Feb	Pig
14746398	2004 Jan	Pig
14629962	2003 Dec	Pig
14629960	2003 Dec	Pig
14521296	2003 Aug	Pig
12972491	2003 Oct	Pig
12932714	2003 Sep 4	Pig
12833588	2003 Jun 30	Pig
12801486	2003 Jun	Pig
12801481	2003 Jun	Pig
12801480	2003 Jun	Pig
12753861	2003 May	Pig
12744937	2003 May	Pig
12635787	2003 Feb	Pig
12623290	2003 Mar	Pig
12479387	2002 Aug	Pig
12440939	2002 Nov	Pig
12440790	2002 Sep	Pig
12359165	2002 Oct	Pig
12359163	2002 Oct	Pig
12359161	2002 Oct	Pig
12199365	2002 Jul-Aug	Pig
12078873	2002	Pig
12027543	2002 May	Pig
11953974	2002 Apr	Pig
11950254	2002 Apr	Pig
11936193	2002 Mar	Pig
11852233	2002 Mar	Pig
11680690	2001	Pig
11520173	2001 Aug	Pig
11520172	2001 Aug	Pig
11518285	2001 Jul	Pig
11467897	2001 Jul	Pig
11467893	2001 Jul	Pig
11461663	2001 Jun	Pig
11407790	2001 Jun	Pig
11396791	2001 May	Pig
11334975	2001 Jun 1	Pig
11300741	2001 Apr	Pig
11247873	2001 Apr	Pig
11237664	2001 Feb	Pig
11178944	2001 Jan	Pig
11163323	2001 Feb	Pig
10966844	2000 Sep	Pig
10965563	2000	Pig
10831811	2000 Aug	Pig
10772242	2000 Mar	Pig
24383533	2000 Mar	Pig
10685793	2000 Feb	Pig
10610693	2000 Jan 1	Pig
10548534	1999 Nov 15	Pig
10509237	1999 Oct	Pig
10489319	1999 Sep	Pig
10419783	1999 Jul	Pig
10367688	1999 Jan-Feb	Pig
10100939	1998 Dec	Pig
10098694	1999 Mar	Pig
9972127	1998 Nov	Pig
9852107	1998 Dec 18	Pig
9838963	1998 Dec 1	Pig
9807788	1998 Oct 10	Pig
9803153	1998	Pig
9798441	1998 Aug	Pig
9778217	1998 Oct	Pig
9620168	1998 Jun 15	Pig
9616436	1998 Jan	Pig
9588741	1998 May	Pig
9556743	1998 Apr	Pig
9536826	1998 Jan	Pig
9536287	1997 Nov	Pig
9500621	1998 Feb 27	Pig
9365098	1997 Nov	Pig
9365097	1997 Nov	Pig
9364409	1997 Oct	Pig
9332376	1997 Sep 15	Pig
9263156	1997 Aug	Pig
9258736	1997 Aug	Pig
9361918	1997	Pig
9322215	1997	Pig
9066141	1997 Jan	Pig
8948258	1996 Oct	Pig
8892223	1996 Sep	Pig
8702441	1996 Aug	Pig
8702386	1996 Jul 16	Pig
8670336	1996 Jul	Pig
8703444	1996 May	Pig
7670936	1995 Apr	Pig
7860751	1995 Feb	Pig
7752118	1995 Feb	Pig
11550681	1994 Sep	Pig
11550674	1994 Sep	Pig
7531388	1994 Aug	Pig
8340829	1993 Jul	Pig
8456639	1993	Pig
2048269	1991 Mar 9	Pig
2027128	1991 Feb	Pig
2189416	1990 May	Pig
2546498	1989 Aug 1	Pig
2777750	1989 Jul	Pig
3190784	1988 Nov	Pig
3607376	1987 Aug	Pig
3625666	1987 May	Pig
3625661	1987 May	Pig
3730734	1986 Aug	Pig
3717875	1986	Pig
6589804	1984	Pig
6625706	1983 Oct	Pig
6572879	1983 Mar	Pig
7051751	1982 Jul	Pig
7014063	1981 May	Pig
7394058	1980 Mar	Pig
1132180	1975	Pig
4422697	1974 Sep	Pig
4853501	1974	Pig
4830072	1974	Pig
4830071	1974	Pig
4830070	1974	Pig
4830069	1974	Pig
4830068	1974	Pig
4528664	1974	Pig
4121831	1973 Apr	Pig
5568280	1971 Jul	Pig
5258759	1969 Aug	Pig
5326438	1966 Mar	Pig
41216370	2026 Feb	Rabbit
41199119	2025 Nov 6	Rabbit
41096574	2025 Sep 23	Rabbit
41078344	2025 Oct 13	Rabbit
41074161	2025 Oct 10	Rabbit
41068761	2025 Oct 9	Rabbit
41063183	2025 Oct 8	Rabbit
41053656	2025 Oct 6	Rabbit
41024732	2025 Sep 30	Rabbit
41019426	2025	Rabbit
41016815	2025 Sep 22	Rabbit
40997714	2026 Mar	Rabbit
40993677	2025 Sep 24	Rabbit
40967102	2025 Nov	Rabbit
40859325	2025 Aug 26	Rabbit
40844195	2025 Nov	Rabbit
40828515	2025 Sep 10	Rabbit
40820067	2025 Sep	Rabbit
40812964	2025 Sep	Rabbit
40810224	2025 Aug	Rabbit
40797305	2025 Aug 12	Rabbit
40708540	2025 Dec	Rabbit
40694321	2025 Aug 19	Rabbit
40683082	2025 Oct	Rabbit
40639017	2025 Dec	Rabbit
40623448	2025 Oct	Rabbit
40614381	2025 Aug	Rabbit
40604758	2025 Jul 2	Rabbit
40561002	2025 Jun 25	Rabbit
40541890	2025 Aug	Rabbit
40462979	2025 May 18	Rabbit
40428053	2025 Apr 22	Rabbit
40427396	2025 Apr 25	Rabbit
40417961	2025 Jul	Rabbit
40410671	2025 May 23	Rabbit
40388010	2025 May 19	Rabbit
40348022	2025 Aug	Rabbit
40331378	2025 Apr 30	Rabbit
40275189	2025 Apr 24	Rabbit
40261969	2025 Jun 4	Rabbit
40241815	2025	Rabbit
40222626	2025 Jun	Rabbit
40206399	2025	Rabbit
40184476	2025 Apr 15	Rabbit
40123115	2025 May	Rabbit
40122361	2025 May 1	Rabbit
40112602	2025 Apr 24	Rabbit
40107515	2025 May 10	Rabbit
40097127	2025 May 1	Rabbit
40083665	2025	Rabbit
40060830	2025 Mar 4	Rabbit
40058106	2025 Apr 16	Rabbit
39990979	2025	Rabbit
39982121	2025 Mar	Rabbit
39978572	2025 Jul	Rabbit
39960354	2025 Feb 26	Rabbit
39916866	2024	Rabbit
39911730	2025 Mar 25	Rabbit
39894200	2025 Apr	Rabbit
39864690	2025 Apr	Rabbit
39854306	2025	Rabbit
39850603	2024 Nov	Rabbit
39833570	2025 May	Rabbit
39810328	2025 Jan 14	Rabbit
39802514	2025	Rabbit
39790487	2025 Feb	Rabbit
39763468	2025 Feb	Rabbit
39738976	2024 Dec 30	Rabbit
39717366	2025 Mar	Rabbit
39702245	2024 Dec 19	Rabbit
39667046	2025 Jan 3	Rabbit
39662776	2025 Jan 15	Rabbit
39659121	2025 Feb	Rabbit
39653135	2025 Mar-Apr	Rabbit
39615373	2025 Mar	Rabbit
39595645	2024 Nov 18	Rabbit
39586228	2025 Jan 10	Rabbit
39576807	2024	Rabbit
39567501	2024 Nov 20	Rabbit
39539395	2024	Rabbit
39430502	2024 Oct 15	Rabbit
39416169	2024 Oct 7	Rabbit
39396202	2025 Feb	Rabbit
39379866	2024 Oct 8	Rabbit
39330704	2024 Oct 9	Rabbit
39314862	2024 Dec	Rabbit
39294780	2024 Sep 18	Rabbit
39291892	2024 Oct 17	Rabbit
39255529	2025 Mar	Rabbit
39232650	2024 Sep 4	Rabbit
39195841	2024 Aug 22	Rabbit
39178925	2024 Oct 1	Rabbit
39168422	2024 Oct 1	Rabbit
39135391	2024 Aug	Rabbit
39109508	2024	Rabbit
39092654	2024 Nov	Rabbit
39076208	2024	Rabbit
39075502	2024 Jul 29	Rabbit
39037882	2024 Dec	Rabbit
39035691	2024 Jul	Rabbit
39004250	2024 Sep	Rabbit
38997077	2024 Sep 1	Rabbit
38996961	2024 Aug	Rabbit
38988173	2024 Jul 10	Rabbit
38978802	2024 Oct	Rabbit
38928219	2024 Jun 13	Rabbit
38924533	2024 Nov	Rabbit
38900226	2024 Sep	Rabbit
38877353	2024 Aug	Rabbit
38849876	2024 Jun 8	Rabbit
38822418	2024 May 31	Rabbit
38811966	2024 May 30	Rabbit
38767630	2024 Jun	Rabbit
38657788	2025 Mar-Apr	Rabbit
38639204	2024 Dec	Rabbit
38602270	2024 Apr	Rabbit
38583525	2024 Aug	Rabbit
38554890	2024 Apr 15	Rabbit
38548121	2024 Jun 28	Rabbit
38527988	2024 Jan-Mar	Rabbit
38525935	2025 Dec	Rabbit
38509852	2024 Jun	Rabbit
38504085	2024 Apr	Rabbit
38496031	2024 Jun	Rabbit
38490726	2024 May 1	Rabbit
38466626	2024 Mar 11	Rabbit
38430019	2024 Feb 29	Rabbit
38415672	2024 Mar	Rabbit
38384563	2024 Feb 29	Rabbit
38363057	2024 May	Rabbit
38283982	2024 Feb	Rabbit
38206679	2024 Apr 1	Rabbit
38192148	2024	Rabbit
38164676	2024 Jan	Rabbit
38156057	2023 Dec	Rabbit
38078617	2023 Nov 21	Rabbit
38058072	2023 Dec	Rabbit
38031520	2023 Nov	Rabbit
37984909	2023 Nov 25	Rabbit
37937094	2023 Nov	Rabbit
37930003	2023 Oct 20	Rabbit
37874329	2024 Apr	Rabbit
37867636	2023 Oct 17	Rabbit
37859690	2024 Feb	Rabbit
37841358	2023 Oct	Rabbit
37822586	2023 Nov	Rabbit
37802985	2023 Oct 6	Rabbit
37797606	2023 Oct 18	Rabbit
37762430	2023 Sep 15	Rabbit
37708238	2023	Rabbit
37701494	2023	Rabbit
37694883	2024 Feb	Rabbit
37685986	2023 Aug 24	Rabbit
37683603	2023 Sep 7	Rabbit
37677036	2023 Aug 25	Rabbit
37660361	2024 May	Rabbit
37638205	2023	Rabbit
37589243	2023 Sep	Rabbit
37533971	2023	Rabbit
37528751	2023 Sep	Rabbit
37482815	2023 Nov 28	Rabbit
37477775	2023 Oct	Rabbit
37454258	2023 Aug	Rabbit
37435308	2023	Rabbit
37425368	2023	Rabbit
37403648	2023 Aug	Rabbit
37326631	2024 Jun	Rabbit
37256203	2023	Rabbit
37237645	2023 May 10	Rabbit
37229212	2023 Jun	Rabbit
37143133	2023 May 4	Rabbit
37082688	2023 Mar 31	Rabbit
37065652	2023	Rabbit
37065219	2023	Rabbit
37036937	2023 Aug 1	Rabbit
37005948	2023 Aug	Rabbit
36942663	2023 Oct	Rabbit
36939962	2023 Dec	Rabbit
36933246	2023 May	Rabbit
36919160	2023	Rabbit
36896417	2023 Apr	Rabbit
36895264	2023 Aug	Rabbit
36892223	2024 Apr	Rabbit
36891610	2023 Dec	Rabbit
36863142	2023 Apr	Rabbit
36830586	2023 Jan 22	Rabbit
36810435	2023 Apr 11	Rabbit
36806251	2023 Feb 20	Rabbit
36805735	2023 Feb 21	Rabbit
36769037	2023 Feb 1	Rabbit
36755334	2023 Apr	Rabbit
36647547	2023 Mar	Rabbit
36605767	2022	Rabbit
36573287	2023 Feb	Rabbit
36562983	2023 Feb	Rabbit
36475290	2022 Jun	Rabbit
36465935	2022	Rabbit
36444115	2023 Mar	Rabbit
36437834	2022	Rabbit
39282499	2022	Rabbit
36436354	2023 Jan-Mar	Rabbit
36435438	2023 Feb	Rabbit
36400827	2022 Nov 18	Rabbit
36396950	2022 Nov 17	Rabbit
36381245	2023 Jan	Rabbit
36342311	2022 Nov	Rabbit
36337189	2022	Rabbit
36318365	2022 Dec	Rabbit
36230897	2022 Sep 20	Rabbit
36188596	2022	Rabbit
36122351	2022 Oct	Rabbit
36100947	2022 Sep 14	Rabbit
36093403	2022	Rabbit
36089087	2022 Nov 30	Rabbit
36072990	2022 Jul-Sep	Rabbit
36054172	2023 Mar	Rabbit
36045373	2022 Aug 31	Rabbit
36036756	2022 Aug 24	Rabbit
36004407	2022 Jul-Sep	Rabbit
35981680	2022 Nov 1	Rabbit
35972962	2022 Aug 23	Rabbit
35962413	2022 Aug 12	Rabbit
35942132	2022	Rabbit
35932304	2023 Jan	Rabbit
35931836	2022 Dec	Rabbit
35910465	2022	Rabbit
35900609	2022 Jul 28	Rabbit
35810237	2022 Jul 9	Rabbit
35802206	2022 Sep	Rabbit
35711630	2022	Rabbit
35702092	2022	Rabbit
35681865	2022 May 30	Rabbit
35623463	2022 Jul 31	Rabbit
35611765	2022 May	Rabbit
35610008	2022 Jun	Rabbit
35578319	2022 May 16	Rabbit
35551975	2022 Aug 10	Rabbit
35529473	2022	Rabbit
35488351	2022 Apr 29	Rabbit
35469160	2022	Rabbit
35457148	2022 Apr 14	Rabbit
35427733	2022 Jul 1	Rabbit
35416068	2022 Jun	Rabbit
35344713	2022 Jun	Rabbit
35305656	2022 Mar 19	Rabbit
35289232	2022 Mar	Rabbit
35259590	2022 Apr 30	Rabbit
35228907	2022	Rabbit
35219139	2022 Apr	Rabbit
35218985	2022 May	Rabbit
35179308	2022 Apr	Rabbit
35095776	2021	Rabbit
35057081	2022 Jan 13	Rabbit
35032910	2022 Feb	Rabbit
35028785	2022 Feb	Rabbit
35023025	2022 Feb	Rabbit
35020409	2022 Jan 12	Rabbit
35017095	2022 Jun	Rabbit
35012034	2021 Dec 21	Rabbit
34981507	2022 Jun	Rabbit
34960976	2021 Dec 16	Rabbit
34939393	2021 Dec	Rabbit
34932655	2021	Rabbit
34905737	2021 Dec 31	Rabbit
34886755	2022 Jun	Rabbit
34876212	2021 Dec 8	Rabbit
34863246	2021 Dec 4	Rabbit
34861782	2021 Dec	Rabbit
34848799	2021 Nov 30	Rabbit
34848747	2021 Nov 30	Rabbit
34802259	2021 Dec	Rabbit
34786041	2021	Rabbit
34751734	2022 Apr 1	Rabbit
34749769	2021 Nov 8	Rabbit
34736242	2021 Nov 19	Rabbit
34721588	2021	Rabbit
34706537	2021 Nov 24	Rabbit
34670390	2022 Feb	Rabbit
34666502	2021 Oct	Rabbit
34666200	2022 May	Rabbit
34626310	2021 Nov	Rabbit
34610749	2022 May	Rabbit
34590154	2021 Dec	Rabbit
34582032	2021 Sep 28	Rabbit
34533814	2021 Sep	Rabbit
34528913	2021 Oct 28	Rabbit
34515572	2022 Mar	Rabbit
34509913	2021 Nov 9	Rabbit
34422071	2021	Rabbit
34421630	2021	Rabbit
34421623	2021	Rabbit
34355626	2022 Jul	Rabbit
34340598	2021 Dec	Rabbit
34336354	2021	Rabbit
34335838	2021	Rabbit
34335042	2021	Rabbit
34206900	2021 Jun 26	Rabbit
34201327	2021 Jun 8	Rabbit
34181201	2021 Aug	Rabbit
34145810	2021	Rabbit
34144542	2021 Jul 13	Rabbit
34078931	2021 Jun 2	Rabbit
34061360	2022 Apr	Rabbit
34049110	2021 Jul	Rabbit
33969044	2021	Rabbit
33933140	2021 May 1	Rabbit
33927645	2021	Rabbit
33914354	2021 Aug	Rabbit
33874948	2021 Apr 19	Rabbit
33857741	2021 Jun	Rabbit
33843153	2021 Jul	Rabbit
33829012	2021	Rabbit
33818795	2021 May	Rabbit
33812379	2021 Apr 3	Rabbit
33782948	2021 Aug	Rabbit
33774341	2021 May	Rabbit
33737085	2021 Jun 15	Rabbit
33708990	2021	Rabbit
33706812	2021 Mar 12	Rabbit
33691527	2021 Sep	Rabbit
33652170	2021 May	Rabbit
33628096	2021	Rabbit
33621866	2021 May	Rabbit
33594314	2021	Rabbit
33593365	2021 Feb 16	Rabbit
33580730	2021 Dec	Rabbit
33580529	2021 Dec	Rabbit
33533202	2021 Apr	Rabbit
33526743	2020 Dec	Rabbit
33469783	2021 Aug	Rabbit
33466246	2021 Jan 5	Rabbit
33464397	2022 Mar	Rabbit
33463160	2020 Jun 8	Rabbit
33455260	2020 Sep 14	Rabbit
33437629	2021 Jan	Rabbit
33432584	2021 Jun	Rabbit
33426205	2020 Dec	Rabbit
33424189	2021 Jan-Feb	Rabbit
33407870	2021 Jan 6	Rabbit
33398932	2021 Feb	Rabbit
33392807	2021 Jul	Rabbit
33382341	2021 Jan	Rabbit
33356729	2021 Mar	Rabbit
33270961	2021 Mar 22	Rabbit
33254972	2021 Jan	Rabbit
33240955	2020	Rabbit
33224251	2020	Rabbit
33224204	2020	Rabbit
33217001	2021 Jan	Rabbit
33102504	2020	Rabbit
33076883	2020 Oct 19	Rabbit
33014527	2020 Oct	Rabbit
32925989	2020 Sep 14	Rabbit
32843582	2020 Dec 1	Rabbit
32841203	2020 Jun	Rabbit
32824442	2020 Aug 17	Rabbit
32824204	2020 Aug 15	Rabbit
32802182	2020	Rabbit
32774019	2020 Jul	Rabbit
32765756	2020 Sep	Rabbit
32764579	2020 Aug 6	Rabbit
32763434	2020 Nov 10	Rabbit
32747064	2020 Aug	Rabbit
32713662	2020 Dec	Rabbit
32706497	2020 Oct	Rabbit
32590144	2020 Aug	Rabbit
32561472	2020 Sep 1	Rabbit
32556386	2021 Feb	Rabbit
32435676	2020 Jun	Rabbit
32435673	2020 Jun	Rabbit
32433520	2020 May 20	Rabbit
32426059	2020 Jun	Rabbit
32394696	2020 May 20	Rabbit
32351784	2020	Rabbit
32348838	2020 Jul 15	Rabbit
32308770	2020	Rabbit
32294140	2020	Rabbit
32281500	2020 Dec	Rabbit
32235804	2020 Mar 22	Rabbit
32216270	2020 Apr 21	Rabbit
32201950	2020 Jun	Rabbit
32186046	2019 Apr	Rabbit
32138842	2020 Feb	Rabbit
32129515	2020 Sep	Rabbit
32129514	2020 Dec	Rabbit
32112264	2020 Jun	Rabbit
32099804	2020 Mar	Rabbit
32070117	2021 Dec	Rabbit
32060941	2020 Nov	Rabbit
32003441	2020	Rabbit
31988026	2020 Jun	Rabbit
31918209	2020 Mar	Rabbit
31888697	2019 Dec 30	Rabbit
31875872	2019 Dec 26	Rabbit
31844612	2019 Oct	Rabbit
31840428	2020 Feb	Rabbit
31838140	2020 Feb	Rabbit
31819923	2019	Rabbit
31814923	2019 Dec	Rabbit
31799697	2020 May	Rabbit
31764352	2019 Dec	Rabbit
31740016	2020 Jan 2	Rabbit
31726172	2020 Mar 1	Rabbit
31711715	2020 Feb	Rabbit
31695255	2019 Oct	Rabbit
31681730	2019	Rabbit
31629102	2020 Feb	Rabbit
33464061	2019 Oct 14	Rabbit
31587011	2019 Oct 6	Rabbit
31578839	2021 Jun	Rabbit
31565788	2020	Rabbit
31554894	2019 Sep 25	Rabbit
31553428	2019 Sep 6	Rabbit
31542485	2019 Nov 15	Rabbit
31521691	2020 Jan 1	Rabbit
31520482	2020 Feb	Rabbit
31511072	2019 Sep 12	Rabbit
31500751	2019 Sep	Rabbit
31492126	2019 Sep 6	Rabbit
31475944	2019 Sep 1	Rabbit
31474179	2019 Aug	Rabbit
31466462	2021 Dec	Rabbit
31419488	2019 Dec	Rabbit
31389579	2019 Aug	Rabbit
31384819	2019 Dec	Rabbit
31374866	2019 Aug 1	Rabbit
31369700	2020 Apr	Rabbit
31355276	2019	Rabbit
31316574	2019	Rabbit
31312686	2019 May	Rabbit
31298359	2019 Jun	Rabbit
31287023	2019 Jul 8	Rabbit
31256666	2019 Jul	Rabbit
31207966	2019 Jun 14	Rabbit
31183123	2019 Apr	Rabbit
31168540	2019 Aug 1	Rabbit
31150275	2019 Jul	Rabbit
31146351	2019 May 29	Rabbit
31146014	2019 Sep	Rabbit
31134817	2020 Mar	Rabbit
31131046	2019	Rabbit
31128080	2019 Nov	Rabbit
31095777	2019 Sep	Rabbit
31062604	2019 Dec	Rabbit
31051241	2019 Aug	Rabbit
31044415	2019 May 2	Rabbit
31010247	2019 Apr 19	Rabbit
30977542	2019 Aug	Rabbit
30923232	2019 Jun	Rabbit
30885225	2019 Mar 18	Rabbit
30871292	2019 Mar 1	Rabbit
30858696	2019	Rabbit
30841560	2019 Mar 5	Rabbit
30820353	2019	Rabbit
30795769	2019 Feb 22	Rabbit
30783864	2019 Mar	Rabbit
30705526	2019 Jan-Feb	Rabbit
30671145	2019 Jan-Dec	Rabbit
30656598	2019 Sep	Rabbit
30651759	2019 Jan	Rabbit
30644773	2019 Sep	Rabbit
30626725	2019 Jan 31	Rabbit
30609097	2019 May	Rabbit
30606638	2019 Feb	Rabbit
30603587	2018 Oct	Rabbit
30603567	2018 Aug	Rabbit
30596714	2018	Rabbit
30592265	2019 Mar	Rabbit
30542421	2018 Dec	Rabbit
30519936	2019 Jun	Rabbit
30519575	2018	Rabbit
30507075	2018 Dec.	Rabbit
30486657	2021 Apr	Rabbit
30480335	2019 Feb	Rabbit
30464073	2018 Nov 1	Rabbit
30430453	2019 Feb	Rabbit
30429885	2018	Rabbit
30415972	2019 Jan	Rabbit
30378173	2019 Jun	Rabbit
30280200	2018 Dec	Rabbit
30275684	2018	Rabbit
30261492	2018	Rabbit
30258570	2018 Aug	Rabbit
30220711	2018	Rabbit
30210670	2018	Rabbit
30110088	2018 Aug 13	Rabbit
30104576	2018 Aug 13	Rabbit
30093946	2018	Rabbit
30093011	2018 Oct 15	Rabbit
30069445	2018 Jun	Rabbit
30055642	2018 Jul 28	Rabbit
30046312	2018	Rabbit
30033246	2018 Oct 1	Rabbit
29944927	2018 Oct	Rabbit
29923522	2018 Mar	Rabbit
29901017	2018 Mar	Rabbit
29892579	2018 May-Jun	Rabbit
29878993	2018 Sep	Rabbit
29861524	2018 Jan-Feb	Rabbit
29845461	2018 Sep	Rabbit
29794403	2018 Aug 1	Rabbit
29789008	2018 May 22	Rabbit
29781506	2018 Nov	Rabbit
29725360	2018 May	Rabbit
29694389	2018	Rabbit
29684624	2018 Jun	Rabbit
29682561	2018	Rabbit
29656239	2018 Jul	Rabbit
29637484	2018 Aug	Rabbit
29604245	2018 Jun 5	Rabbit
29581742	2018 Apr	Rabbit
29557244	2018 Nov	Rabbit
29556366	2018	Rabbit
29549951	2018 Jun 1	Rabbit
29543781	2018 Mar 15	Rabbit
29534754	2018 Mar 13	Rabbit
29534084	2018	Rabbit
29524675	2018 Apr 15	Rabbit
29523155	2018 Mar 9	Rabbit
29522657	2018 Jun	Rabbit
29493355	2018 Mar	Rabbit
29477035	2018 Apr	Rabbit
35539110	2018 Feb 14	Rabbit
29438883	2018 Apr	Rabbit
29393693	2018	Rabbit
29359666	2018	Rabbit
29357891	2018 Jan 22	Rabbit
29291543	2018 Feb	Rabbit
29285104	2017 Dec	Rabbit
29263013	2018 Jan	Rabbit
29257344	2018 Mar	Rabbit
29233641	2018 Mar	Rabbit
29205898	2018 Mar	Rabbit
29205258	2017 Dec 5	Rabbit
29201194	2017 Nov	Rabbit
29191221	2017 Dec 1	Rabbit
29171968	2017	Rabbit
29150268	2017 Nov	Rabbit
29108480	2018 Feb	Rabbit
29104661	2017 Nov	Rabbit
29093428	2018 May 10	Rabbit
29056291	2017 Nov 7	Rabbit
29017608	2017 Oct 10	Rabbit
28951745	2017	Rabbit
28923043	2017 Sep 18	Rabbit
28892260	2017 Dec	Rabbit
28890259	2017 Nov	Rabbit
28815179	2017	Rabbit
28810851	2017 Aug 15	Rabbit
28757192	2017 Oct 15	Rabbit
28730231	2017	Rabbit
28715494	2017	Rabbit
28688215	2018 Jan	Rabbit
28662337	2017 Dec	Rabbit
28647468	2017 Oct	Rabbit
28619022	2017 Jun 15	Rabbit
28599103	2018 Mar	Rabbit
28587374	2017 Jun	Rabbit
31682385	2017 Jun	Rabbit
28554494	2017 Jun 14	Rabbit
28542897	2017 Jul	Rabbit
30970861	2017 May 20	Rabbit
28520463	2017 Aug	Rabbit
28508006	2017 Apr	Rabbit
28504144	2017 Aug 1	Rabbit
28420082	2017 Apr 14	Rabbit
28362543	2017 Jun	Rabbit
28339018	2017 May	Rabbit
28325340	2017 May 15	Rabbit
28318324	2017	Rabbit
28303595	2017 Nov	Rabbit
28297568	2017 Mar	Rabbit
28284999	2017 Aug	Rabbit
28280413	2017 Mar	Rabbit
28278383	2017 Jun	Rabbit
28133485	2017	Rabbit
28102161	2016 Oct 28	Rabbit
28097685	2017 Sep	Rabbit
28066137	2017 Jan	Rabbit
28025555	2016 Dec 23	Rabbit
27994917	2016 Nov	Rabbit
27925221	2017 Oct	Rabbit
27909553	2016 Dec	Rabbit
27908544	2017 Jan	Rabbit
27908189	2016 Dec	Rabbit
27904047	2016	Rabbit
27876074	2016 Nov 22	Rabbit
27845067	2017 Jan 5	Rabbit
27825604	2016 Dec 8	Rabbit
27686453	2016 Dec	Rabbit
27793538	2016 Dec	Rabbit
27789339	2017 Apr	Rabbit
27756698	2017 Apr	Rabbit
27756901	2016 Oct 19	Rabbit
27650754	2016 Nov	Rabbit
27485850	2016 Nov	Rabbit
27737345	2016 Sep	Rabbit
27709418	2017 Feb	Rabbit
27706690	2016 Sep 2	Rabbit
27698707	2016 Oct	Rabbit
27662821	2017 Feb	Rabbit
27640363	2016 Sep 19	Rabbit
27543842	2017 Jan	Rabbit
27475840	2016 Aug 15	Rabbit
27454655	2016 Oct 4	Rabbit
27430254	2016 Sep	Rabbit
27321049	2016 Sep	Rabbit
27301478	2016 Jun	Rabbit
27279147	2017 Mar	Rabbit
27266646	2016 Oct	Rabbit
27178054	2016 Dec	Rabbit
27173350	2016 May 9	Rabbit
27142133	2016 Jun	Rabbit
27129040	2017 Mar	Rabbit
27114801	2016 Mar	Rabbit
27109206	2016 Jun	Rabbit
27086145	2016 Apr 17	Rabbit
27069407	2015 Mar-Apr	Rabbit
27063559	2016 Jul 25	Rabbit
27060082	2016 Sep	Rabbit
27052304	2016 Apr 6	Rabbit
27039182	2016 Apr 1	Rabbit
27017891	2016 Jun 17	Rabbit
27003736	2016 Oct	Rabbit
26945831	2016 May	Rabbit
26937219	2016 Mar	Rabbit
26936196	2017 Apr	Rabbit
26915044	2016	Rabbit
26902085	2016 Mar 1	Rabbit
26898767	2016 Jun	Rabbit
26898122	2016 Mar 15	Rabbit
26884921	2015	Rabbit
26873249	2016 Apr	Rabbit
26872897	2016 Jun	Rabbit
26871903	2016	Rabbit
26864066	2016 Feb 11	Rabbit
26851252	2016 Apr	Rabbit
26850822	2016 Jun	Rabbit
26844597	2016 Feb 4	Rabbit
26838881	2016 Apr 1	Rabbit
26808542	2016	Rabbit
26806976	2015 Nov-Dec	Rabbit
26771387	2016	Rabbit
26706677	2015 Dec	Rabbit
26704447	2016 Jan	Rabbit
26703073	2015 Dec 24	Rabbit
26622502	2015 Oct	Rabbit
26617688	2015	Rabbit
26600478	2015 Nov 13	Rabbit
26589614	2015 Aug 25	Rabbit
26585246	2015 Nov 19	Rabbit
26576262	2015	Rabbit
26573557	2016 Jan	Rabbit
26560133	2015 Nov 12	Rabbit
26550441	2015	Rabbit
26538834	2015	Rabbit
26535700	2015 Oct 30	Rabbit
26485068	2016 Mar	Rabbit
26403700	2016 Jan	Rabbit
26396170	2015 Nov	Rabbit
26395917	2015 Dec	Rabbit
26369477	2015 Oct	Rabbit
26336958	2015 Sep 3	Rabbit
26336584	2015 Sep	Rabbit
26321377	2016 Feb	Rabbit
30035060	2015 Oct	Rabbit
26275694	2015 Summer	Rabbit
26256195	2015 Oct 20	Rabbit
26247612	2016 Jan	Rabbit
26239837	2015 Aug 4	Rabbit
26228537	2015 Jul 31	Rabbit
26194917	2016 Feb	Rabbit
26159056	2015 Sep 18	Rabbit
26147652	2015 Dec	Rabbit
26135886	2015 Jul 2	Rabbit
26135713	2015 Dec	Rabbit
26117694	2015 Oct	Rabbit
26108147	2015 Dec	Rabbit
26079860	2015	Rabbit
26045743	2015	Rabbit
26033998	2015 May	Rabbit
26028140	2015 Oct	Rabbit
26023716	2015 May 27	Rabbit
25986068	2015 May 20	Rabbit
25967971	2015	Rabbit
25957254	2015 Jul	Rabbit
25934426	2015 Jul 25	Rabbit
25932159	2015	Rabbit
25889371	2015 Sep	Rabbit
25889158	2015 Feb 26	Rabbit
25884951	2015	Rabbit
25846264	2015 Jul	Rabbit
25835759	2015 Aug	Rabbit
25824985	2015 Jul	Rabbit
25820864	2015 Sep	Rabbit
25818452	2015 Jun	Rabbit
25815520	2015 Jul	Rabbit
25776872	2015 Jun 1	Rabbit
25754287	2015 Jun	Rabbit
25736607	2015 Jun	Rabbit
25725391	2015 Jul	Rabbit
25712888	2015 Jun	Rabbit
25666331	2015 Apr 10	Rabbit
25608048	2015 Sep	Rabbit
25592743	2015 Jan 16	Rabbit
25573797	2015 Apr	Rabbit
25569085	2015 Jan 5	Rabbit
25541697	2014	Rabbit
25523754	2015 Jan 21	Rabbit
25496568	2014 Dec 11	Rabbit
25479166	2015 Mar	Rabbit
25471680	2014	Rabbit
25463442	2015 Mar	Rabbit
25450842	2015 Feb	Rabbit
25445302	2015 Feb	Rabbit
25438155	2014	Rabbit
25435376	2015 Feb	Rabbit
25398806	2014 Nov-Dec	Rabbit
25398247	2014 Nov 15	Rabbit
25385442	2015 Feb	Rabbit
25381135	2014	Rabbit
25377946	2014 Nov 6	Rabbit
25356168	2014	Rabbit
25350566	2015 Aug	Rabbit
25287683	2014 Nov	Rabbit
25283343	2015 Feb	Rabbit
25278055	2014 Oct	Rabbit
25230745	2014 Sep 18	Rabbit
25219668	2015 Jan	Rabbit
25192881	2014 Sep 6	Rabbit
25187381	2014 Nov	Rabbit
25153804	2014 Nov	Rabbit
25151083	2014 Nov	Rabbit
25125266	2014 Dec	Rabbit
25123228	2014 Aug 14	Rabbit
25120312	2014 Aug	Rabbit
25106675	2014 Nov	Rabbit
25087069	2014 Oct	Rabbit
25081415	2014 Nov	Rabbit
25065588	2014 Nov	Rabbit
25009705	2014 May	Rabbit
25009597	2014 Aug	Rabbit
25008204	2014 Sep	Rabbit
25001340	2014 Sep	Rabbit
24974007	2014 Sep	Rabbit
24965503	2017 Feb	Rabbit
24916718	2014 Aug	Rabbit
24909758	2014 Sep	Rabbit
24890034	2014 Nov	Rabbit
24853775	2015 Jan	Rabbit
24837189	2014 Aug 10	Rabbit
24819118	2014	Rabbit
24810823	2014 May	Rabbit
24797570	2014 Aug	Rabbit
24792209	2014 Jun	Rabbit
24769230	2014 Jun	Rabbit
24766775	2014 Apr 26	Rabbit
24749144	2014 Jul	Rabbit
24748433	2014	Rabbit
24742749	2014 Jul	Rabbit
24729965	2014	Rabbit
24720858	2014 Apr	Rabbit
24703827	2014 May	Rabbit
24697299	2014 Jul	Rabbit
24662735	2014 Jun	Rabbit
24655056	2014 Sep	Rabbit
24632762	2014	Rabbit
24613214	2014 Jun	Rabbit
24586815	2014	Rabbit
24526748	2014	Rabbit
24481743	2014 May	Rabbit
24465137	2013 Feb 12	Rabbit
24392152	2014	Rabbit
24384406	2014 Feb 5	Rabbit
26229774	2014 Jan-Feb	Rabbit
24375646	2014 Apr	Rabbit
24361795	2014 Feb	Rabbit
31304164	2013 Nov-Dec	Rabbit
24239096	2014 Feb	Rabbit
24237934	2014 Jan	Rabbit
24195351	2013 Apr	Rabbit
24185110	2014 Jan	Rabbit
24111862	2013 Oct	Rabbit
24108064	2014 May	Rabbit
24084720	2013 Sep 30	Rabbit
24071980	2013 Sep 25	Rabbit
24016823	2013 Nov 1	Rabbit
24007463	2013 Sep 5	Rabbit
23983790	2013	Rabbit
23973917	2013 Nov	Rabbit
23927932	2013 Oct	Rabbit
23846837	2013 Oct	Rabbit
23843355	2013 Oct	Rabbit
23843150	2013 Oct	Rabbit
23792272	2013 Oct	Rabbit
23728192	2013 May 21	Rabbit
23701865	2013 Jun	Rabbit
23680875	2013 Aug	Rabbit
23646806	2013 Jan	Rabbit
23634175	2013	Rabbit
23611900	2013 Jul	Rabbit
23603083	2013 Jul	Rabbit
23574696	2013 Apr 10	Rabbit
23564690	2013 Oct	Rabbit
23550192	2013 Jan	Rabbit
23533523	2013	Rabbit
23523903	2013 Jul	Rabbit
23523901	2013 Jun	Rabbit
23521980	2013 Mar 20	Rabbit
23519019	2013 Jun	Rabbit
23461527	2013 Jul 15	Rabbit
23433227	2013 Feb 22	Rabbit
23423824	2013 Jun	Rabbit
23389746	2013 Apr	Rabbit
23360790	2013 Jan 29	Rabbit
23353669	2013 Apr	Rabbit
23353668	2013 Apr	Rabbit
23339021	2013 Sep	Rabbit
23335181	2013 Jun	Rabbit
23312211	2013 Feb	Rabbit
23267848	2013 Mar	Rabbit
23257243	2013 Mar	Rabbit
23247212	2013 Mar	Rabbit
23194887	2013 Jan 30	Rabbit
23183190	2013	Rabbit
23160848	2014 Jan	Rabbit
23154419	2013 May 2	Rabbit
23085002	2013 Mar	Rabbit
23074702	2012	Rabbit
23025929	2013 Jan	Rabbit
26069642	2012 Oct	Rabbit
22977770	2012 Aug	Rabbit
22976595	2012 Nov	Rabbit
22971527	2013 May 2	Rabbit
22967750	2012 Sep 28	Rabbit
22947279	2012 Dec	Rabbit
22935787	2012 Dec	Rabbit
22917745	2012 Dec	Rabbit
22903188	2013 Jan	Rabbit
22882937	2012 Jul	Rabbit
22877818	2012 Dec	Rabbit
22865437	2011 Nov 14	Rabbit
22846713	2012 Nov	Rabbit
22827787	2012 Aug	Rabbit
22825641	2012 Nov	Rabbit
22821055	2013 Mar	Rabbit
22818981	2012 Oct	Rabbit
22818426	2013 Apr	Rabbit
22809835	2012 Nov	Rabbit
22781206	2012 Oct	Rabbit
22771776	2012 Oct	Rabbit
22765310	2012 Oct	Rabbit
22763343	2013 Apr	Rabbit
22763137	2013 Feb	Rabbit
22759953	2012	Rabbit
22750746	2012 Oct	Rabbit
24750874	2012 Jul 1	Rabbit
22739214	2012	Rabbit
22737537	2011 Sep	Rabbit
22709525	2012 Jun 18	Rabbit
22668504	2012 Aug 1	Rabbit
22645088	2012 May	Rabbit
22636321	2012 Aug	Rabbit
22611500	2012	Rabbit
22581309	2012 Aug	Rabbit
22528855	2012 Nov	Rabbit
22528754	2013 Jun	Rabbit
22507555	2012 Oct	Rabbit
22490585	2012 Mar	Rabbit
22484689	2012 Jun	Rabbit
22474519	2012	Rabbit
22466300	2011 Aug	Rabbit
22462241	2011 Dec	Rabbit
22438217	2013 Sep	Rabbit
22435714	2012 Aug	Rabbit
22429866	2012 Sep	Rabbit
22405078	2012 Mar 10	Rabbit
22392368	2012 May	Rabbit
22353745	2012 Jun	Rabbit
22344562	2012 Sep	Rabbit
22337466	2012 Jan	Rabbit
22333731	2012 May	Rabbit
22330350	2011 Oct	Rabbit
22314877	2012 Jan 31	Rabbit
22298781	2012 Apr 6	Rabbit
22288847	2012	Rabbit
22215151	2012 Jun	Rabbit
26069620	2012 Jan	Rabbit
24977073	2012	Rabbit
22184086	2011 Dec 19	Rabbit
22179032	2012 Feb	Rabbit
22167163	2012 Dec	Rabbit
22142024	2012 May	Rabbit
22119214	2012 Mar 1	Rabbit
22102374	2012 Feb	Rabbit
22081995	2012 May	Rabbit
22081300	2012 Jul	Rabbit
22071698	2011 Nov 9	Rabbit
22071411	2012 Feb	Rabbit
22018423	2012 Mar	Rabbit
21963244	2012 Aug	Rabbit
26069596	2011 Oct	Rabbit
21914215	2011	Rabbit
21911044	2011 Nov 28	Rabbit
21895501	2011 Oct	Rabbit
21889876	2011 Dec	Rabbit
21885247	2011 Nov	Rabbit
21881990	2012 Sep	Rabbit
21853458	2012 Mar	Rabbit
21843651	2011 Dec	Rabbit
21820069	2011 Oct	Rabbit
21808721	2011	Rabbit
21792361	2011	Rabbit
21750784	2011	Rabbit
21750530	2011 Jul 12	Rabbit
21697093	2011 Aug 12	Rabbit
21674547	2011 Jul	Rabbit
21674258	2011 Aug	Rabbit
21658899	2011 Jun	Rabbit
21633723	2011	Rabbit
21624651	2011 Sep	Rabbit
21571083	2011 Jul	Rabbit
21567132	2011 Nov	Rabbit
21471417	2011 Apr 6	Rabbit
21462250	2011 Oct	Rabbit
21445980	2011 Sep	Rabbit
21437949	2011 May	Rabbit
21415641	2011 Mar	Rabbit
21397547	2011 Dec	Rabbit
21350959	2011 Dec	Rabbit
21343686	2010	Rabbit
21334177	2011 Jun	Rabbit
21327438	2012 Jun	Rabbit
21325780	2011	Rabbit
21305336	2011 Dec	Rabbit
21287781	2010 Dec	Rabbit
21284047	2011 Aug	Rabbit
21258522	2010 Sep 20	Rabbit
21188382	2012 Mar	Rabbit
21152323	2010 Oct 21	Rabbit
21144162	2011	Rabbit
21141677	2010 Sep	Rabbit
21127340	2010 Dec	Rabbit
21104136	2011 Jun	Rabbit
21089182	2011 Jun	Rabbit
21075020	2011 Feb	Rabbit
21067936	2011 Jul	Rabbit
21063883	2011 Jun	Rabbit
21056352	2010 Nov	Rabbit
21055904	2011 Feb	Rabbit
21044693	2011 Jan	Rabbit
21035559	2011 Jan	Rabbit
20951230	2011 Jan	Rabbit
20886656	2011 Mar	Rabbit
20886647	2011 Mar	Rabbit
20864020	2010 Oct	Rabbit
20872588	2010 Nov	Rabbit
20863825	2010 Dec 15	Rabbit
20863650	2010 Sep 21	Rabbit
20861497	2011 Nov	Rabbit
20851201	2010 Dec	Rabbit
20733349	2010 Oct 31	Rabbit
20686209	2010 Aug	Rabbit
20683842	2011 Mar	Rabbit
20678201	2010	Rabbit
20633683	2010 Sep	Rabbit
20633668	2010 Oct	Rabbit
20591677	2011 Mar	Rabbit
20522967	2010	Rabbit
20495569	2010 Jun	Rabbit
20488444	2010 Aug 26	Rabbit
20436717	2010 May	Rabbit
20434575	2010 Jul	Rabbit
27022552	2010 May-Jun	Rabbit
20420676	2010 Apr 26	Rabbit
20407800	2010 Oct	Rabbit
20399901	2010 Jun	Rabbit
20399435	2010 Jun 18	Rabbit
20390279	2011 Oct	Rabbit
20354742	2010 Nov	Rabbit
20237852	2010 Dec	Rabbit
20225288	2010 Oct	Rabbit
20148096	2010 Jan 19	Rabbit
20089151	2010 Jan 20	Rabbit
20046426	2009 Dec 31	Rabbit
20010383	2009 Dec 15	Rabbit
20001938	2009	Rabbit
19997826	2009 Nov	Rabbit
19995451	2009 Dec 8	Rabbit
19941998	2010 Mar	Rabbit
19937913	2010 Feb	Rabbit
19933220	2010 Jun 6	Rabbit
19877289	2010 Apr	Rabbit
19796724	2009 Oct	Rabbit
19725096	2010 Feb	Rabbit
19716503	2009 Sep	Rabbit
19656083	2009 Oct 12	Rabbit
19655297	2010 Apr	Rabbit
22495600	2009 Aug	Rabbit
19644873	2009 Aug	Rabbit
19622607	2009 Sep 1	Rabbit
19621423	2010 Jan	Rabbit
19619632	2009 Sep 7	Rabbit
19615962	2009 Dec	Rabbit
19589338	2009 Oct	Rabbit
19577765	2010 Dec	Rabbit
19499299	2009 May	Rabbit
19473558	2009 Mar-Apr	Rabbit
19447215	2009 Nov	Rabbit
19427403	2009 Sep	Rabbit
19379726	2009 Jun 24	Rabbit
19357845	2010 Sep	Rabbit
19293161	2010 Feb	Rabbit
19249964	2009 Dec	Rabbit
19242978	2009 Sep	Rabbit
19226011	2008 Oct	Rabbit
19152788	2009 Jul	Rabbit
19139060	2009 Mar	Rabbit
19136500	2010 Sep	Rabbit
19128988	2009 Jun	Rabbit
19100343	2009 Feb	Rabbit
19089540	2008 Nov	Rabbit
19064326	2009 Jun	Rabbit
19056196	2009 Jun	Rabbit
18941854	2009 Dec	Rabbit
18924142	2009 Mar	Rabbit
18922704	2009 Apr	Rabbit
18836236	2008	Rabbit
18836225	2008	Rabbit
18826579	2008	Rabbit
18822193	2008 Oct	Rabbit
18817862	2009 Jun 25	Rabbit
18786840	2009 Mar	Rabbit
18760939	2009 Feb	Rabbit
18757215	2009 Feb	Rabbit
18699993	2008	Rabbit
18672387	2009 Feb	Rabbit
18664254	2008	Rabbit
18655133	2009 Jan	Rabbit
18635922	2008 Jul	Rabbit
18601460	2008 Aug	Rabbit
18597092	2008 Nov	Rabbit
18573668	2009 Jan	Rabbit
18571101	2008 Jul	Rabbit
18546028	2008 Aug	Rabbit
18536737	2008 Jun	Rabbit
18524638	2008 Dec	Rabbit
18440246	2008 Nov	Rabbit
18378169	2008 Sep	Rabbit
18358246	2008 Jun	Rabbit
18324355	2008 Jul	Rabbit
18308591	2008 Sep	Rabbit
18289887	2008 Jul	Rabbit
18253075	2008 Jan-Feb	Rabbit
18251495	2008 Feb 28	Rabbit
18246688	2007 Dec	Rabbit
18227807	2008 Mar	Rabbit
18226558	2008 Jul	Rabbit
18202097	2008 Mar 15	Rabbit
18201914	2008 Jul	Rabbit
18196436	2008 Feb	Rabbit
18182205	2008 Jan	Rabbit
18164790	2008 Apr	Rabbit
18162190	2008 Feb	Rabbit
18078697	2008 Mar	Rabbit
18065760	2008 Feb 22	Rabbit
18032072	2008 Jul	Rabbit
17986983	2001 Apr 30	Rabbit
17983423	2008 Jan	Rabbit
17977753	2008 May	Rabbit
17924112	2008 Mar	Rabbit
17907184	2007 Oct	Rabbit
17889569	2008 Apr	Rabbit
17826961	2007 Oct	Rabbit
17806152	2007 Aug	Rabbit
17763450	2008 Jan	Rabbit
17763056	2007 Nov	Rabbit
17686167	2007	Rabbit
17629939	2007 Oct	Rabbit
17623656	2007 Sep 21	Rabbit
17612627	2007 Jun	Rabbit
17599731	2007 Jul	Rabbit
17576081	2007 Dec	Rabbit
17564307	2004	Rabbit
17537650	2007 Nov	Rabbit
17469133	2007 May	Rabbit
17469132	2007 May	Rabbit
17434520	2007	Rabbit
17416724	2007 Apr 7	Rabbit
17413965	2007 Apr	Rabbit
17409739	2006	Rabbit
17408983	2007 Sep	Rabbit
17401567	2007 Aug	Rabbit
17379543	2007 Aug	Rabbit
17376710	2007 Aug	Rabbit
17267227	2007 Mar 15	Rabbit
17257416	2007	Rabbit
17207396	2006 Nov-Dec	Rabbit
17187753	2007 Feb 1	Rabbit
17185834	2006 Oct-Dec	Rabbit
17174958	2007	Rabbit
17174116	2007 May	Rabbit
17158799	2006 Dec 19	Rabbit
17157537	2007 Apr	Rabbit
17143596	2007 Mar	Rabbit
17121649	2006 Dec	Rabbit
17098451	2007 Apr	Rabbit
17082378	2007 Mar	Rabbit
17072658	2007 May	Rabbit
17033834	2006 Nov	Rabbit
17008111	2007 Mar	Rabbit
16995764	2006 Oct	Rabbit
16979130	2006 Nov	Rabbit
16965923	2007 Feb	Rabbit
16949051	2006 Oct 20	Rabbit
16934183	2006 Aug 20	Rabbit
16919424	2006 Aug	Rabbit
16895758	2007 Jan	Rabbit
16869019	2006 Aug	Rabbit
16861013	2007 Jan	Rabbit
16829037	2006 Nov	Rabbit
16819182	2006 Jul	Rabbit
16765606	2006 Nov	Rabbit
16740257	2006 Jul 10	Rabbit
16736522	2006 Jun	Rabbit
16721529	2006 May	Rabbit
16716606	2006 Oct	Rabbit
16644246	2006 Sep	Rabbit
16639625	2006 Aug	Rabbit
16607552	2006 Oct	Rabbit
16581860	2006 Aug 1	Rabbit
16567454	2006 Aug	Rabbit
16563812	2006 Aug	Rabbit
16526282	2006 Feb	Rabbit
16516501	2006 Jul	Rabbit
16514637	2006 Apr	Rabbit
16504737	2006 Jan-Feb	Rabbit
16500096	2006 Sep	Rabbit
16485275	2006 Mar	Rabbit
16483806	2006 Jun	Rabbit
16480901	2006 Jun	Rabbit
16470459	2005 Dec	Rabbit
16463423	2006 Feb 15	Rabbit
16427327	2006 May	Rabbit
16413501	2006 Mar 3	Rabbit
16385543	2006 Jan	Rabbit
16344493	2006 Jan	Rabbit
16307185	2005 Nov	Rabbit
16286033	2005 Nov	Rabbit
16286032	2005 Nov	Rabbit
16258912	2005 Nov	Rabbit
16169257	2005 Nov	Rabbit
16165377	2005 Dec	Rabbit
16154778	2005 Dec	Rabbit
16153550	2005 Sep	Rabbit
16122644	2005 Sep	Rabbit
16105911	2005 Nov	Rabbit
16099121	2005 Nov	Rabbit
16099082	2005 Nov	Rabbit
16056079	2005 Aug	Rabbit
16036131	2005 Aug 26	Rabbit
16034188	2005 Jul	Rabbit
16023007	2005 Jul	Rabbit
16022984	2005 Jul	Rabbit
15993557	2005 Nov	Rabbit
15973508	2005 Jun	Rabbit
15967685	2005 Sep	Rabbit
15935608	2005 Nov	Rabbit
15913943	2005 Nov	Rabbit
15883738	2005 Apr	Rabbit
15883039	2005 Jun 17	Rabbit
15882564	2005 May	Rabbit
15882563	2005 May	Rabbit
15818693	2005 Apr	Rabbit
15788315	2005 Feb	Rabbit
15780645	2005 Apr	Rabbit
15780643	2005 Apr	Rabbit
15765218	2005 Nov	Rabbit
15764839	2005 Mar	Rabbit
15758487	2001 Jun	Rabbit
15758375	2002 Dec	Rabbit
15751088	2005 Mar	Rabbit
15727894	2005 Mar	Rabbit
15727893	2005 Mar	Rabbit
15703011	2005 Feb	Rabbit
15694579	2005 Feb	Rabbit
15694577	2005 Feb	Rabbit
15694575	2005 Feb	Rabbit
15676082	2005 Feb	Rabbit
15642141	2005	Rabbit
15641085	2005 Jan	Rabbit
15636551	2004 Nov	Rabbit
15608304	2005 Jan	Rabbit
15603819	2005 Jun	Rabbit
15564068	2004 Dec	Rabbit
15564066	2004 Dec	Rabbit
15544889	2004 Dec	Rabbit
15541672	2004 Nov-Dec	Rabbit
15523898	2004 Sep-Oct	Rabbit
15501408	2004 Nov	Rabbit
15501403	2004 Nov	Rabbit
15501401	2004 Nov	Rabbit
15472397	2004	Rabbit
15466401	2004 Oct	Rabbit
15450534	2004 Oct	Rabbit
15380039	2004	Rabbit
15334467	2004 Aug	Rabbit
15325637	2004 Sep	Rabbit
15304263	2004 Sep	Rabbit
15299285	2004	Rabbit
15280602	2004	Rabbit
15270275	2004 Jun	Rabbit
15262243	2004 Aug	Rabbit
15262241	2004 Aug	Rabbit
15249318	2004 Aug	Rabbit
15229942	2004 Jul	Rabbit
15219574	2004 Jul	Rabbit
15183429	2004 Jul	Rabbit
15064812	2004 Apr	Rabbit
15045525	2005 Aug	Rabbit
15020329	2004 Apr	Rabbit
14972340	2004 Mar	Rabbit
14758471	2004 Nov	Rabbit
14722210	2004 Feb	Rabbit
14698991	2004 May	Rabbit
14652478	2003 Dec 1	Rabbit
14646055	2003	Rabbit
14629965	2003 Dec	Rabbit
14609534	2003 Nov	Rabbit
14521295	2003 Aug	Rabbit
13129695	2003 Oct	Rabbit
12972479	2003 Oct	Rabbit
12954234	2003 Sep	Rabbit
12939762	2003 Sep	Rabbit
12939359	2003 Sep	Rabbit
12932295	2003	Rabbit
12932294	2003	Rabbit
12919881	2003 Sep	Rabbit
12847686	2003 Jul	Rabbit
12796883	2003 Jun	Rabbit
12794826	2003 Jun	Rabbit
12773042	2003 Jun 5	Rabbit
12752202	2003 May	Rabbit
12738249	2003 Apr	Rabbit
12724680	2003 May-Jun	Rabbit
12704696	2003 May	Rabbit
12703656	2003 Mar	Rabbit
12658748	2002	Rabbit
12649027	2003 Mar	Rabbit
12640890	2003 Feb	Rabbit
12623289	2003 Mar	Rabbit
12623287	2003 Mar	Rabbit
12604692	2003 Mar	Rabbit
12581388	2003 Mar	Rabbit
12554127	2003 Feb	Rabbit
12505488	2003 Jan	Rabbit
12505486	2003 Jan	Rabbit
12486471	2002	Rabbit
12483727	2002 Dec	Rabbit
12426659	2002 Nov	Rabbit
12426543	2002 Nov-Dec	Rabbit
12400399	2001 Fall	Rabbit
12369789	2002 Oct	Rabbit
12322970	2002 Dec	Rabbit
12175098	2002 Jul-Aug	Rabbit
12172719	2002 Jul	Rabbit
12164342	2002 Jun	Rabbit
12112417	2002 Jul 1	Rabbit
12082287	2002	Rabbit
12056850	2002 Jun	Rabbit
12038628	2002 May	Rabbit
12012032	2002 May	Rabbit
12006318	2002 Jun	Rabbit
12002826	2002 Apr	Rabbit
11900196	2002 Feb 21	Rabbit
11876277	2002 Mar	Rabbit
11869084	2002 Mar	Rabbit
11869082	2002 Mar	Rabbit
11869078	2002 Mar	Rabbit
11869073	2002 Feb	Rabbit
11869070	2002 Feb	Rabbit
11795986	2001 Nov	Rabbit
11824951	2002 Jan	Rabbit
11823537	2002 Feb 15	Rabbit
11791641	2001 Nov-Dec	Rabbit
11780722	2001 Sep	Rabbit
11732032	2001 Dec	Rabbit
11680691	2001	Rabbit
11680688	2001	Rabbit
11680676	2001	Rabbit
11680673	2001	Rabbit
11678296	2001 Sep	Rabbit
11603728	2001 Oct	Rabbit
11562124	2001 Sep	Rabbit
11557363	2001 Sep	Rabbit
11531396	2001 Sep	Rabbit
11520169	2001 Aug	Rabbit
11508433	2001 Aug	Rabbit
11495195	2001 May	Rabbit
11467895	2001 Jul	Rabbit
11465142	2000 Dec	Rabbit
11461663	2001 Jun	Rabbit
11453476	2001 Jul	Rabbit
11406617	2001 Oct 5	Rabbit
11399103	2001 May	Rabbit
11399099	2001 May	Rabbit
11398866	2001 May	Rabbit
11398850	2001 May	Rabbit
11355886	2001 May 25	Rabbit
11341433	2001 Apr	Rabbit
11334975	2001 Jun 1	Rabbit
11325536	2001 May 3	Rabbit
11317676	2001	Rabbit
11314520	2000 Aug	Rabbit
11300749	2001 Apr	Rabbit
11300748	2001 Apr	Rabbit
11300744	2001 Apr	Rabbit
11300742	2001 Apr	Rabbit
11292039	2001 Mar-Apr	Rabbit
11288094	2001 Jun 15	Rabbit
11243562	2001 Jan	Rabbit
11237666	2001 Feb	Rabbit
11211982	2000	Rabbit
11192249	2000 Nov	Rabbit
11178949	2001 Jan	Rabbit
11178948	2001 Jan	Rabbit
11160347	2001 Feb 15	Rabbit
11127660	2000 Dec	Rabbit
11086095	2000 Dec 1	Rabbit
11083281	2000 Nov	Rabbit
11069731	2000 Nov	Rabbit
11003576	2000 Oct	Rabbit
10984135	2000	Rabbit
10966842	2000 Sep	Rabbit
10966841	2000 Sep	Rabbit
10936503	2000 Aug 11	Rabbit
10914857	2000 Jul	Rabbit
10899715	2000	Rabbit
10871041	2000 Jun 1	Rabbit
10867027	2000 Jun 30	Rabbit
10861084	2000 Jul 1	Rabbit
10806047	2000 May	Rabbit
10792965	2000 May	Rabbit
10738690	2000 Mar-Apr	Rabbit
10724258	2000 Mar	Rabbit
10689873	1999 Nov	Rabbit
10661385	2000 Jan	Rabbit
10648013	2000 Jan	Rabbit
10632453	1999 Nov	Rabbit
10623638	2000 Jan 7	Rabbit
10607499	2000 Jan	Rabbit
10558852	1999 Nov	Rabbit
10557197	1998 Sep	Rabbit
10544954	1999 Sep	Rabbit
10544844	1999 Sep-Oct	Rabbit
10524683	1999 Oct	Rabbit
10521613	1999 Jun	Rabbit
10503932	1999	Rabbit
10489323	1999 Sep	Rabbit
10452831	1998	Rabbit
10443472	1999 Jul	Rabbit
10419781	1999 Jul	Rabbit
10415782	1999 Jun 30	Rabbit
10412452	1998 Dec	Rabbit
10374025	1999 Jan	Rabbit
10367688	1999 Jan-Feb	Rabbit
10367020	1999 Jan	Rabbit
10343773	1998 Nov	Rabbit
10342332	1999 May	Rabbit
10334506	1999 Apr 16	Rabbit
10329329	1999 May	Rabbit
10233854	1999 Apr	Rabbit
10222217	1999 Mar	Rabbit
10197169	1998 Sep	Rabbit
10090178	1999 Mar	Rabbit
10025914	1999 Feb	Rabbit
9972974	1999 Feb	Rabbit
9876398	1998 Jul	Rabbit
9858423	1998 Dec	Rabbit
9852107	1998 Dec 18	Rabbit
9802549	1998 Sep	Rabbit
9786430	1998 Sep	Rabbit
9779827	1998 Nov 1	Rabbit
9743813	1998 May	Rabbit
9733465	1998 Sep	Rabbit
9692069	1998 Mar	Rabbit
9682784	1998 May	Rabbit
9678053	1998 Jul	Rabbit
9663485	1998 Jul	Rabbit
9632335	1998 Jun	Rabbit
9616439	1998 Jan	Rabbit
9616434	1998 Jan	Rabbit
9616433	1998 Jan	Rabbit
9512498	1998 Apr 1	Rabbit
9581258	1998	Rabbit
9570218	1998 May-Jun	Rabbit
9556743	1998 Apr	Rabbit
9551411	1998 Apr	Rabbit
9480869	1998 Mar 1	Rabbit
9519795	1998	Rabbit
9514210	1998 Mar	Rabbit
9510855	1998 Mar	Rabbit
9500621	1998 Feb 27	Rabbit
9497942	1997 Sep	Rabbit
9497941	1997 Sep	Rabbit
9496714	1998	Rabbit
9420595	1997 Sep	Rabbit
9397262	1997 Nov-Dec	Rabbit
9297550	1997 Aug	Rabbit
9404472	1997 Jul	Rabbit
9404470	1997 Jul	Rabbit
9404468	1997 Jul	Rabbit
9255109	1997 Jul	Rabbit
11415729	1997 Jun	Rabbit
9271160	1997 Jun	Rabbit
9228535	1997 Jun	Rabbit
9195525	1997 Jun	Rabbit
9189739	1997 May	Rabbit
9181480	1997 May	Rabbit
9167621	1997 Mar	Rabbit
9135825	1997 Mar	Rabbit
9068283	1997 Feb	Rabbit
9408281	1997	Rabbit
9117169	1997 Jan	Rabbit
8921246	1996 Oct	Rabbit
8895216	1996 Sep	Rabbit
8893759	1996 Sep	Rabbit
8765389	1996 Aug	Rabbit
8866331	1996 Jul	Rabbit
8670336	1996 Jul	Rabbit
8806112	1996 Jun	Rabbit
8806111	1996 Jun	Rabbit
8648258	1996 Jun	Rabbit
11415608	1996 Apr	Rabbit
8630101	1996 Apr	Rabbit
11859385	1996 Feb	Rabbit
8748533	1995 Nov	Rabbit
8748521	1995 Nov	Rabbit
8596153	1995 Nov	Rabbit
8583053	1995 Nov	Rabbit
8544020	1995 Nov	Rabbit
8991991	1995 Oct	Rabbit
8581744	1995 Sep	Rabbit
7575726	1995 Sep	Rabbit
8548356	1995 Aug	Rabbit
7791127	1995 Jun	Rabbit
7677594	1995 Jun	Rabbit
7748223	1995 May	Rabbit
7722724	1995 May	Rabbit
7634643	1995 May	Rabbit
7772639	1995 Apr	Rabbit
7604535	1995 Mar	Rabbit
7848310	1995 Feb	Rabbit
7818555	1995 Jan 5	Rabbit
19877898	1995 Winter	Rabbit
7853094	1995 Jan	Rabbit
7586003	1995 Jan	Rabbit
7488982	1995 Spring	Rabbit
11550715	1994 Dec	Rabbit
11550710	1994 Dec	Rabbit
7850677	1994 Dec	Rabbit
7699637	1994 Dec	Rabbit
7863819	1994 Nov	Rabbit
7531256	1994 Oct	Rabbit
7529315	1994 Sep	Rabbit
8053958	1994 Aug	Rabbit
8207585	1994 May	Rabbit
8048323	1994 Apr	Rabbit
11548222	1994 Mar	Rabbit
8129797	1994 Mar	Rabbit
8166906	1994 Feb	Rabbit
8119031	1994 Feb	Rabbit
23916076	1994 Jan	Rabbit
8118990	1994 Jan	Rabbit
8240430	1993 Nov	Rabbit
15449512	1993 Oct	Rabbit
15449511	1993 Oct	Rabbit
8410449	1993 Oct	Rabbit
8403540	1993 Oct	Rabbit
8118900	1993 Oct	Rabbit
8410881	1993 Aug	Rabbit
8230023	1993 Aug	Rabbit
15449426	1993 Jul	Rabbit
15449425	1993 Jul	Rabbit
8504610	1993 Jun	Rabbit
8336311	1993 May	Rabbit
8472427	1993 Apr	Rabbit
8472426	1993 Apr	Rabbit
8436117	1993 Feb 1	Rabbit
8503095	1993	Rabbit
8273555	1993	Rabbit
8229383	1993	Rabbit
1447320	1992 Dec	Rabbit
1426052	1992 Nov	Rabbit
1455459	1992 Oct	Rabbit
1441931	1992 Oct	Rabbit
1401080	1992 Oct	Rabbit
27743046	1992 Jun	Rabbit
1406451	1992 Jun	Rabbit
1592211	1992 May	Rabbit
1586241	1992 Apr	Rabbit
1727936	1992 Jan	Rabbit
1593922	1992	Rabbit
1588803	1992	Rabbit
1576427	1992 Jan	Rabbit
1540032	1992 Jan	Rabbit
1532481	1992 Jan-Feb	Rabbit
1428305	1992	Rabbit
1747946	1991 Dec	Rabbit
1918955	1991 Oct 1	Rabbit
1659645	1991 Oct	Rabbit
1665295	1991 Sep	Rabbit
1665294	1991 Sep	Rabbit
1932367	1991 Aug	Rabbit
1949917	1991 Jun	Rabbit
1949913	1991 Jun	Rabbit
2025305	1991 May	Rabbit
2010837	1991 May	Rabbit
2003855	1991 Mar	Rabbit
2027138	1991 Feb	Rabbit
2027137	1991 Feb	Rabbit
2023213	1991 Feb	Rabbit
1851228	1991 Feb	Rabbit
2069926	1991	Rabbit
2000502	1991	Rabbit
1947669	1991	Rabbit
1771397	1991	Rabbit
1723575	1991	Rabbit
1670072	1991	Rabbit
2176623	1990 Dec 17	Rabbit
2246557	1990 Dec	Rabbit
2100375	1990 Dec	Rabbit
2225634	1990 Nov	Rabbit
2150740	1990 Nov	Rabbit
2208864	1990 Oct	Rabbit
2355297	1990 Jul	Rabbit
2338498	1990 May 8	Rabbit
2104218	1990 Mar	Rabbit
2317121	1990 Feb	Rabbit
2305220	1990	Rabbit
2529859	1989 Oct	Rabbit
2778766	1989 Jun	Rabbit
2735969	1989 Jun	Rabbit
2751098	1989 May 1	Rabbit
2596380	1989	Rabbit
2508305	1989	Rabbit
2507757	1989	Rabbit
3147827	1988 Oct-Dec	Rabbit
3148407	1988 Sep	Rabbit
2452552	1988 Apr	Rabbit
3348826	1988 Feb	Rabbit
3338218	1988 Feb	Rabbit
3372097	1988	Rabbit
3368750	1988	Rabbit
3238356	1988	Rabbit
3233039	1988	Rabbit
3688008	1987 Nov 20	Rabbit
3665251	1987 Nov	Rabbit
2829908	1987 Nov	Rabbit
2828615	1987 Oct	Rabbit
3608308	1987 Aug	Rabbit
3581578	1987 Jun	Rabbit
3040324	1987 Jun	Rabbit
3625671	1987 May	Rabbit
3625665	1987 May	Rabbit
3625662	1987 May	Rabbit
3625661	1987 May	Rabbit
3305935	1987 May	Rabbit
3114487	1987 May	Rabbit
3598999	1987 Apr	Rabbit
3566827	1987 Mar	Rabbit
3492984	1987 Feb	Rabbit
3625362	1987	Rabbit
3497901	1987	Rabbit
3317796	1987	Rabbit
3038223	1987 Spring	Rabbit
3780104	1986 Dec	Rabbit
3536251	1986 Dec	Rabbit
2430748	1986 Dec	Rabbit
3102376	1986 Nov	Rabbit
3788502	1986 Aug	Rabbit
3769240	1986 Jul-Sep	Rabbit
2427091	1986 Jul	Rabbit
3735271	1986 Jun	Rabbit
3708985	1986 May	Rabbit
2422209	1986 May	Rabbit
3709915	1986 Apr	Rabbit
3522898	1986 Apr	Rabbit
3007526	1986 Apr	Rabbit
3701731	1986 Feb	Rabbit
3083854	1986 Feb	Rabbit
3941138	1986 Jan	Rabbit
3553761	1986-1987 Jan	Rabbit
3484623	1986 Jan	Rabbit
3097286	1986	Rabbit
3894795	1985 Aug	Rabbit
4004971	1985 Jun	Rabbit
4066725	1985 May-Jun	Rabbit
2579224	1985 Mar	Rabbit
4096321	1985	Rabbit
4096320	1985	Rabbit
4096319	1985	Rabbit
4001876	1985	Rabbit
3161266	1985	Rabbit
2987465	1985	Rabbit
6524981	1984 Dec	Rabbit
6439003	1984 Oct	Rabbit
6701529	1984 Mar 30	Rabbit
6592754	1984	Rabbit
6547540	1984	Rabbit
6436458	1984	Rabbit
6242460	1984	Rabbit
6242443	1984	Rabbit
6238825	1984	Rabbit
6083987	1984	Rabbit
6663591	1983 Dec	Rabbit
6639696	1983 Nov	Rabbit
6688529	1983 Sep	Rabbit
6603852	1983 Aug	Rabbit
6688183	1983 Jul	Rabbit
6859071	1983 Jun 14	Rabbit
6632992	1983 Jun	Rabbit
6191591	1983 May	Rabbit
6846012	1983 Apr	Rabbit
6658397	1983	Rabbit
6638904	1983	Rabbit
6623010	1983	Rabbit
7140079	1982 Nov-Dec	Rabbit
7105551	1982 Aug	Rabbit
7090758	1982 Jun	Rabbit
7108320	1982 May	Rabbit
7136561	1982 Apr	Rabbit
7082741	1982 Apr	Rabbit
7072836	1982 Apr	Rabbit
7097689	1982 Mar-Apr	Rabbit
7066180	1982 Feb	Rabbit
7064668	1982 Feb	Rabbit
7058292	1982 Feb	Rabbit
7116952	1982	Rabbit
7086778	1982 Jan-Feb	Rabbit
7084274	1982	Rabbit
7332379	1981 Dec	Rabbit
6271450	1981 Dec	Rabbit
7340843	1981 Nov 15	Rabbit
7295332	1981 Aug 1	Rabbit
7014063	1981 May	Rabbit
7226619	1981 Mar-Apr	Rabbit
7217169	1981 Mar	Rabbit
7211310	1981 Feb	Rabbit
7295003	1981	Rabbit
7458431	1980 Dec	Rabbit
7449226	1980 Nov-Dec	Rabbit
7449224	1980 Nov-Dec	Rabbit
7468218	1980 Sep	Rabbit
6931885	1980 Sep	Rabbit
7371310	1980 Mar-Apr	Rabbit
6154558	1980 Mar-Apr	Rabbit
6245866	1980 Feb	Rabbit
7455620	1980	Rabbit
7354466	1980 Jan-Feb	Rabbit
582870	1979 Aug	Rabbit
477081	1979 May	Rabbit
380514	1979 Apr 30	Rabbit
425826	1979 Feb	Rabbit
425824	1979 Feb	Rabbit
420707	1979 Feb	Rabbit
758919	1979 Jan	Rabbit
216227	1978 Dec	Rabbit
696272	1978 Aug	Rabbit
564192	1978 Jan-Feb	Rabbit
401258	1978	Rabbit
608292	1977 Nov-Dec	Rabbit
880770	1977 Jun	Rabbit
324481	1977 Apr	Rabbit
868495	1977	Rabbit
596139	1977	Rabbit
981706	1976 Nov	Rabbit
998193	1976 Oct	Rabbit
985639	1976 Oct	Rabbit
976816	1976 Oct	Rabbit
938890	1976 Jul 3	Rabbit
988953	1976 Jun	Rabbit
181024	1976 May-Jun	Rabbit
941794	1976 Feb	Rabbit
173816	1976 Feb	Rabbit
172532	1975 Dec	Rabbit
1163951	1975 Aug	Rabbit
1080067	1975 Jul 26	Rabbit
239424	1975 Jul 17	Rabbit
166095	1975 Jun	Rabbit
1123393	1975 Apr	Rabbit
1124956	1975 Feb	Rabbit
1132180	1975	Rabbit
4133718	1974 May 25	Rabbit
4133061	1974 May-Jun	Rabbit
4480417	1974 Mar	Rabbit
4413380	1974	Rabbit
4130143	1974 Jan	Rabbit
4804991	1973 Dec	Rabbit
4710840	1973 May	Rabbit
4708019	1973 May-Jun	Rabbit
4349712	1973 Apr	Rabbit
4121831	1973 Apr	Rabbit
4736768	1973 Mar-Apr	Rabbit
4806072	1973	Rabbit
4693868	1973 Jan	Rabbit
4589104	1973	Rabbit
4562192	1972 Sep	Rabbit
5047793	1972 Jul-Aug	Rabbit
5047791	1972 Jul-Aug	Rabbit
4260317	1972 May 26	Rabbit
5121721	1971 Oct	Rabbit
5002457	1971 Oct	Rabbit
5562380	1971 Aug	Rabbit
4104147	1971 Jul	Rabbit
4997575	1971 Jun	Rabbit
5575973	1971 May 15	Rabbit
5578227	1971 May	Rabbit
4329632	1971	Rabbit
4991677	1970 Dec	Rabbit
4101094	1970 Nov	Rabbit
5433599	1970 Aug	Rabbit
5452318	1970 Jun	Rabbit
5425638	1970 Apr	Rabbit
4188339	1970 Jan 3	Rabbit
5507896	1970	Rabbit
5464072	1970	Rabbit
5427954	1970	Rabbit
5820782	1969 Aug	Rabbit
5360889	1969 Jun	Rabbit
5770582	1969 May	Rabbit
4302621	1968 Dec	Rabbit
5723015	1968 Nov	Rabbit
5721108	1968	Rabbit
4168366	1967 Dec 1	Rabbit
4864284	1967 Oct	Rabbit
4224976	1966 Jun	Rabbit
5326438	1966 Mar	Rabbit
5319436	1965 Oct 15	Rabbit
13918543	1962 Apr	Rabbit
13773897	1960 Nov 1	Rabbit
