60309
169722
428731
469642
541239
643896
844647
947093
973542
1173774
1225296
1228593
1281763
1285067
1320394
1351318
1571272
1586483
1606732
1618924
1689582
1689600
1800463
1827636
1865107
1896633
1947669
1994914
1997647
2025312
2065549
2155638
2191409
2288196
2293624
2339666
2339667
2355296
2427091
2472849
2479287
2545171
2556924
2559818
2723460
2782224
2808699
2816503
2897740
2965280
2988574
3219287
3258503
3395383
3397624
3423022
3494848
3602982
3625661
3687593
3792428
3947420
4038356
4083941
4114290
4119783
4254360
4413380
4460502
4611741
4864284
5258759
5360889
5372697
5433599
5482369
5804775
5865221
5884813
6023697
6186128
6248390
6491809
6528180
6607791
6701529
6931886
6980556
6983710
7028135
7044007
7085349
7116952
7247474
7344126
7472758
7488982
7543921
7582718
7584322
7650397
7655998
7668400
7699637
7724995
7748223
7752121
7752133
7785492
7791551
7853102
7859284
7863819
7942330
7955604
7976168
7983639
8023746
8055108
8064227
8067948
8078307
8148130
8149645
8164088
8185693
8197187
8244386
8291220
8292560
8340822
8349798
8383194
8411268
8434868
8435081
8436117
8441138
8464901
8548361
8581744
8702176
8714431
8717101
8765007
8770701
8814070
8823697
8832322
8838505
8853228
8889652
8892223
8893376
8895222
8907255
8909250
8943052
8971960
9061443
9143347
9152964
9173871
9184845
9185153
9192516
9252382
9299161
9334355
9404467
9415647
9433876
9458196
9497937
9497939
9510855
9512498
9514210
9536289
9566669
9588741
9606425
9616435
9627010
9663487
9678053
9704633
9716260
9730060
9737793
9751097
9786430
9817766
9857053
9870875
9880185
9920026
10025914
10048708
10092766
10100939
10189377
10197165
10211877
10225978
10234545
10329312
10329320
10329460
10343775
10367688
10419604
10419767
10419784
10429944
10477618
10499542
10501417
10555034
10558851
10559678
10562301
10607496
10693866
10728754
10772237
10772538
10777108
10806052
10810296
10821855
10902766
10903878
10917836
10943864
10971036
11003576
11050746
11056662
11090910
11134178
11150534
11158633
11237656
11237660
11237662
11243352
11285272
11315918
11315923
11315934
11326333
11352232
11407708
11410897
11440826
11482532
11488976
11548226
11548227
11550678
11550680
11557363
11583972
11668593
11677139
11680673
11680679
11680681
11680686
11680691
11680692
11680693
11680695
11748261
11790802
11795980
11795983
11823537
11869071
11869077
11869085
11920421
11928917
11950254
11953970
11966774
11978731
12024046
12056852
12060849
12077282
12079898
12082181
12089156
12115245
12123694
12126975
12160522
12176806
12202122
12202125
12209516
12297987
12322970
12355481
12359160
12359167
12369789
12374621
12379497
12415421
12419287
12429542
12432964
12448767
12464557
12464558
12472238
12479386
12480959
12503634
12505485
12508768
12517948
12522038
12527136
12604692
12606540
12632417
12632418
12681949
12707039
12716440
12729128
12738249
12773041
12773042
12801484
12827373
12847280
12858344
12858435
12902858
12939660
12943531
13129693
13130470
13262068
13301102
13354099
13354100
13354101
13398598
13450307
13520056
13520057
13912809
13914853
13977955
13992824
13992825
14120688
14168184
14178183
14259448
14289383
14446644
14446646
14558093
14609530
14644850
14644868
14660436
14673992
14673995
14673996
14677185
14677373
14697680
14697685
14723872
14729583
14730606
14749384
14898055
14954894
14972341
14979939
14991070
15023383
15023384
15057262
15124255
15135139
15140771
15142270
15146416
15180237
15219569
15231019
15262242
15283850
15290728
15299207
15299218
15325637
15334469
15449423
15449424
15468368
15468369
15476249
15476587
15492776
15496908
15501402
15509586
15563592
15563881
15566969
15639639
15641683
15651731
15681827
15693998
15727891
15738684
15742432
15757961
15758375
15758487
15761990
15777299
15780642
15780645
15784009
15800624
15818704
15872395
15879144
15882565
15882566
15896985
15930455
15934078
15963682
15968593
15982479
15986342
15993649
15993670
16006154
16046111
16079379
16087873
16093206
16203115
16255039
16264272
16277687
16286662
16301256
16301624
16355269
16356196
16368547
16379642
16391840
16393771
16393772
16405885
16406703
16418777
16431140
16439443
16443378
16449316
16459052
16489565
16492735
16493080
16497730
16508941
16526282
16529878
16563811
16572444
16572453
16580849
16584530
16612079
16613631
16616754
16646035
16646978
16647279
16652342
16671586
16680148
16738926
16751383
16767550
16802343
16813664
16819271
16849500
16868966
16872525
16877353
16883582
16888030
16891129
16893455
16912410
16912411
16927387
16947423
16947773
16949314
16973887
16995764
16997584
17009259
17052922
17056813
17059665
17094130
17125729
17145758
17195212
17195217
17200322
17207643
17211519
17213231
17237793
17265492
17266145
17307136
17316439
17317039
17328045
17328048
17328064
17331019
17334701
17383158
17416344
17445771
17470400
17510707
17517694
17522060
17530644
17545192
17549029
17564307
17588960
17596264
17599750
17612407
17621549
17621910
17638573
17638576
17656374
17665456
17707214
17707661
17763422
17804408
17822719
17827158
17888690
17900935
17907187
17907189
17907190
17922907
17927818
17931911
17937464
17942111
17942634
17968946
17968948
17983156
18036590
18050192
18050203
18050218
18052755
18056042
18066133
18163498
18163499
18172013
18203067
18226559
18227807
18240210
18240253
18261936
18268076
18287210
18297226
18344557
18358504
18374640
18383364
18438860
18455447
18465812
18467703
18501644
18507859
18523305
18538588
18541144
18544639
18550523
18576322
18576323
18576389
18578867
18584285
18632849
18662930
18668550
18684647
18759291
18760941
18767925
18785169
18786831
18789153
18789726
18799089
18819822
18821665
18821694
18821706
18835879
18836232
18836236
18836239
18836240
18849588
18947434
18958885
18974013
18975318
18975335
18979157
18991285
19001550
19010067
19010693
19016582
19017993
19027328
19035511
19070514
19095472
19116905
19116917
19116932
19135244
19135797
19136283
19139395
19146892
19147955
19165732
19173746
19180479
19180491
19195025
19213744
19229324
19230720
19248115
19254740
19265839
19265849
19296087
19301580
19307458
19328881
19332175
19342682
19343112
19364543
19379487
19404941
19405002
19410028
19427928
19448342
19478656
19481076
19481620
19485522
19486942
19491304
19494318
19504467
19526482
19562571
19565481
19565484
19587162
19604444
19615963
19632680
19637060
19644889
19684582
19704783
19714629
19714635
19747998
19765281
19770515
19771181
19786147
19790050
19790065
19790074
19790076
19805379
19808781
19833177
19877043
19877062
19896116
19915594
19918048
19921088
19932218
19944200
19950019
19950295
20021689
20033473
20035055
20036347
20043873
20052601
20054692
20077500
20093129
20101617
20104937
20105291
20110505
20110518
20111593
20112357
20112360
20112372
20131235
20131274
20133709
20155835
20181277
20187128
20187155
20187655
20196782
20201078
20238298
20309955
20346402
20350782
20360435
20376510
20432462
20460191
20466812
20472086
20474087
20479257
20495569
20495570
20498218
20506137
20506210
20506224
20506309
20506524
20516192
20518074
20525838
20556559
20583100
20583111
20584806
20592283
20604941
20625379
20643199
20669139
20701740
20708680
20738224
20805298
20820927
20840794
20843796
20847738
20861497
20864020
20882669
20921145
20923566
20943778
20945354
20954191
21036236
21057832
21094262
21094690
21098883
21110395
21118138
21119180
21145552
21159208
21197320
21216815
21239716
21251990
21262368
21266028
21285164
21290130
21291351
21305500
21308980
21310253
21312269
21325780
21337391
21351054
21353395
21360519
21368873
21372000
21374709
21376128
21383200
21405978
21410959
21417219
21418601
21420501
21437875
21452283
21472777
21474483
21506092
21537831
21539915
21566131
21586441
21590680
21613312
21619935
21619936
21624478
21633911
21643724
21652695
21678482
21690378
21702024
21739421
21739426
21745460
21749827
21775152
21795282
21796704
21798287
21802499
21804193
21834068
21847614
21855558
21855682
21856950
21869830
21871094
21872590
21880736
21887706
21890638
21898359
21899735
21905006
21905007
21905020
21911068
21917603
21937758
21953304
21953366
21965529
21968827
21972019
21982587
22001658
22007227
22019508
22028304
22034049
22051322
22057346
22065367
22072539
22076918
22081995
22083516
22084394
22095691
22102413
22117761
22122987
22127696
22127701
22131019
22131742
22143896
22143922
22146554
22148954
22152451
22155431
22158614
22163547
22170561
22173325
22179028
22179029
22197997
22225630
22258484
22267189
22271086
22275233
22293673
22294469
22298781
22307759
22308173
22328140
22330250
22337563
22342065
22342421
22343171
22361237
22391889
22394585
22399297
22414620
22415882
22430489
22432033
22440827
22442340
22444025
22447075
22448243
22455987
22459696
22484689
22488261
22491093
22510396
22525135
22531458
22531459
22539837
22542924
22554793
22566624
22572461
22575362
22576842
22576962
22595226
22595227
22609479
22623332
22629448
22636321
22664108
22668504
22674011
22674176
22674505
22692007
22692895
22721434
22738103
22767605
22768242
22777888
22778804
22781206
22818426
22818981
22819243
22825254
22828992
22832873
22833219
22833266
22833278
22833446
22846713
22850184
22854286
22859926
22869368
22885814
22889498
22890185
22902540
22933232
22936752
22939867
22952769
22961401
22967398
22977492
22985876
22995428
23011466
23041841
23050690
23069856
23070644
23115336
23116713
23124630
23124828
23124962
23133648
23148681
23151456
23151457
23169679
23173750
23174992
23178209
23185004
23192248
23194156
23219730
23231346
23233270
23233327
23233348
23248728
23257244
23261541
23268369
23280308
23285079
23291184
23295731
23297404
23298463
23310948
23313477
23319657
23339021
23339896
23356643
23371349
23374428
23375622
23382930
23389752
23391443
23414097
23417988
23436205
23436303
23467034
23468973
23486780
23497529
23505234
23511227
23518238
23530037
23530215
23534442
23552998
23567033
23575963
23585475
23587642
23590340
23593289
23595953
23606170
23623324
23624390
23625977
23658491
23666827
23685840
23688035
23705804
23715552
23723318
23740825
23744273
23744481
23750475
23755017
23756208
23762114
23773816
23777533
23778340
23782924
23791756
23817999
23839930
23843355
23852692
23861563
23883619
23895679
23896777
23903061
23912900
23918694
23928557
23939426
23951098
23951406
23954517
23954701
23958822
23963448
23973150
23973525
23982761
23983046
23984453
24002865
24007463
24016310
24018042
24019199
24022823
24041966
24044578
24056368
24086840
24091160
24095939
24096178
24098149
24108368
24108661
24111862
24120491
24135912
24161698
24161707
24166243
24167068
24180431
24184155
24185105
24185109
24194321
24199619
24241034
24248346
24257023
24269635
24280247
24286458
24289792
24296676
24297380
24309371
24312420
24316289
24321436
24323070
24333297
24339176
24344131
24347567
24353248
24365198
24373735
24386478
24392129
24401101
24418674
24418675
24428864
24438745
24448347
24449269
24449579
24453178
24457103
24463008
24466161
24470226
24470303
24470419
24473905
24479426
24479481
24482165
24486342
24490617
24497499
24502636
24529376
24550287
24556692
24558358
24566851
24572376
24574224
24574225
24574226
24577103
24578214
24579704
24582795
24588081
24620998
24623505
24623711
24626785
24630964
24636482
24638128
24641725
24641944
24651621
24658359
24670222
24678741
24687997
24692243
24703622
24704496
24712867
24713355
24714625
24727161
24737908
24741569
24747173
24747174
24757033
24757139
24760110
24767864
24769231
24786088
24792211
24795271
24811827
24813051
24819400
24822272
24830649
24834922
24838610
24848439
24852699
24859058
24867294
24875054
24881106
24892719
24895296
24905701
24907345
24912814
24926875
24928317
24928913
24928920
24933511
24935926
24936585
24937860
24943990
24957638
24964749
24966136
24966254
24981112
24984954
24987156
24998927
24999110
25003010
25008209
25015373
25046534
25047145
25047750
25064117
25078095
25078097
25080367
25086402
25091889
25096601
25100783
25115332
25118941
25125695
25128628
25135252
25135253
25158232
25169730
25176059
25176127
25179389
25180294
25188282
25191747
25196420
25196583
25198230
25200274
25219368
25236536
25238962
25242079
25247198
25257317
25278053
25278057
25287160
25299541
25311550
25321476
25328086
25330343
25330932
25331049
25331050
25331953
25331977
25332857
25340802
25341039
25366485
25368604
25371442
25374446
25378349
25385580
25385707
25403236
25410057
25410618
25412149
25415394
25415768
25435386
25450854
25453723
25469820
25475114
25491303
25498590
25516005
25517798
25518303
25519508
25521919
25529198
25541297
25545425
25549200
25550340
25559623
25565665
25573665
25585625
25589512
25592835
25593283
25596416
25600705
25600960
25604429
25617057
25628784
25629889
25631385
25655021
25655679
25656376
25659654
25659934
25680539
25680653
25693634
25697137
25707934
25708245
25708836
25712012
25728278
25732515
25733872
25736064
25737402
25748082
25749104
25749876
25764208
25780732
25797646
25799352
25800415
25817332
25817731
25824140
25828538
25837919
25845347
25865393
25876463
25887369
25888819
25889639
25891852
25903444
25909759
25917196
25937027
25937028
25939531
25940877
25940958
25945040
25953896
25964075
25969431
25971876
25976248
25977571
25985971
25989359
26000299
26010756
26015264
26016689
26018435
26025096
26045176
26067584
26069585
26069594
26069685
26092928
26097038
26103880
26108578
26109786
26120493
26120841
26133911
26138248
26141762
26151638
26152200
26155113
26170306
26171147
26182366
26198356
26198357
26208633
26209889
26213210
26216049
26224539
26241779
26245312
26245691
26253096
26256766
26256767
26257191
26271607
26272361
26279273
26285672
26290588
26315393
26340084
26350038
26355014
26360647
26361381
26362183
26362410
26377571
26400621
26403062
26405834
26406452
26408027
26410555
26424216
26424839
26438374
26438631
26458773
26470720
26473405
26492575
26493329
26496825
26499313
26507256
26521733
26521744
26521748
26522700
26525853
26530111
26531672
26546411
26550169
26560184
26562438
26563344
26573409
26578310
26584570
26585241
26596790
26604215
26605536
26605758
26608362
26617711
26625129
26634249
26636652
26639398
26642431
26655743
26657859
26663140
26673737
26674424
26683663
26686833
26687115
26687824
26687825
26687826
26697956
26698846
26703223
26707987
26712566
26713606
26713680
26714479
26721735
26722492
26728350
26741062
26746148
26746150
26746673
26774733
26783110
26784366
26794603
26794830
26794862
26797130
26806292
26815411
26815610
26826014
26830207
26837060
26838881
26851274
26852666
26853108
26853752
26860366
26866626
26890138
26896841
26896926
26901193
26901593
26903200
26903297
26903440
26910618
26932821
26944403
26945456
26963384
26975998
26980243
26980374
26983696
26991527
26994554
27006923
27009967
27018594
27030100
27031305
27031945
27036883
27040636
27041063
27041213
27066786
27070563
27075702
27077804
27086115
27087498
27088242
27099487
27104565
27118120
27118398
27122313
27123995
27129293
27147295
27147707
27147711
27153222
27159076
27159257
27163789
27165180
27183538
27183574
27194025
27211863
27211864
27214709
27234527
27236261
27236646
27238423
27245323
27256712
27260322
27270603
27271273
27275015
27280771
27315306
27322244
27346544
27356303
27365987
27367673
27368432
27377816
27388238
27388701
27390029
27391970
27412524
27415616
27416075
27427985
27447821
27457421
27459679
27463229
27473558
27477830
27480933
27483347
27499126
27500994
27505251
27509914
27514996
27515513
27515912
27516624
27539752
27541035
27543413
27548066
27549172
27550416
27563877
27564840
27567476
27567942
27568574
27574462
27579819
27584727
27587077
27591401
27601010
27601064
27611831
27621213
27624384
27627706
27635406
27640147
27640363
27646532
27654963
27663233
27664939
27664978
27666725
27682878
27688095
27688842
27688845
27689003
27693501
27696748
27716333
27716396
27720885
27727159
27729913
27732085
27737897
27746376
27752896
27758860
27766031
27766035
27768832
27769098
27778194
27780308
27784871
27789465
27792866
27805288
27808352
27816790
27829535
27830706
27836674
27840128
27845876
27851983
27853940
27855162
27856294
27863298
27878995
27882938
27902701
27903449
27911782
27916560
27918314
27926509
27932245
27935109
27941314
27941690
27965260
27965322
28005443
28030474
28043938
28063212
28063227
28064223
28070626
28070636
28071693
28086000
28097228
28104539
28106517
28108560
28109308
28120109
28122611
28128866
28139355
28141918
28164729
28165497
28168658
28181577
28185846
28189827
28194447
28202914
28213268
28214840
28220902
28225087
28239846
28242648
28250578
28252005
28252046
28254683
28259960
28279188
28301858
28303909
28314754
28317846
28323137
28332497
28334010
28334504
28345597
28348422
28349987
28358372
28366649
28374574
28380690
28383548
28384173
28389425
28405000
28406954
28407495
28409828
28409895
28410428
28419987
28420447
28426699
28427172
28435151
28436958
28437129
28437887
28457885
28464560
28471533
28482921
28492224
28495577
28500074
28513981
28514714
28520086
28532603
28535500
28539595
28542404
28544542
28544596
28545594
28545881
28548102
28579418
28583899
28593930
28611369
28614801
28620193
28622746
28627522
28638676
28643466
28643904
28646530
28647370
28648299
28659793
28666239
28666466
28668542
28669597
28670109
28671685
28674255
28676845
28677145
28677757
28678406
28684076
28684192
28684418
28688538
28694081
28695367
28705238
28715494
28716756
28729639
28732855
28735021
28735299
28735352
28736799
28751919
28757192
28759313
28760350
28764769
28765519
28765635
28765925
28767178
28769981
28778596
28782172
28801209
28802150
28803211
28807034
28811491
28813497
28829242
28835277
28844566
28844955
28849222
28877431
28882752
28884332
28886316
28893232
28898438
28919376
28919430
28928664
28933476
28941045
28942223
28943207
28944864
28949389
28955486
28963813
28969686
28977876
28981117
28992367
29024567
29026147
29028430
29030641
29033951
29035380
29039445
29039501
29040066
29049670
29055957
29057471
29058776
29061494
29068480
29070587
29072283
29073363
29074298
29074299
29088666
29094382
29097208
29100502
29103324
29111592
29126427
29133260
29145453
29145712
29155252
29157984
29161460
29168867
29176667
29183039
29191088
29192123
29196459
29196708
29208566
29215722
29219023
29228600
29230102
29233086
29245931
29247144
29247173
29247798
29250145
29250157
29255152
29258611
29286152
29299344
29301300
29305974
29308811
29309831
29310791
29311146
29313174
29314205
29317453
29317792
29319178
29323130
29323204
29323710
29327460
29329496
29343182
29366446
29373032
29373806
29377313
29379010
29391276
29402405
29412694
29413962
29415892
29417902
29422077
29423330
29432995
29434267
29434299
29434766
29436471
29440889
29444976
29448248
29453795
29473075
29474860
29476740
29484338
29485196
29488175
29510478
29511435
29513553
29514675
29524442
29534535
29535518
29540697
29540857
29547721
29549054
29550827
29554973
29555825
29559252
29563338
29575548
29575932
29587623
29589441
29604191
29604337
29608013
29618652
29618773
29622035
29624738
29636082
29636687
29652075
29661110
29665134
29667227
29669931
29678417
29678719
29679904
29681797
29686224
29691281
29691435
29693122
29694646
29702220
29710506
29710511
29712620
29718273
29720262
29739985
29744983
29746861
29747385
29747748
29748647
29750304
29752100
29755657
29766025
29768985
29774080
29775231
29779621
29781506
29784003
29797602
29802156
29808705
29843156
29843768
29849491
29857156
29858052
29867478
29867945
29868252
29870552
29874688
29875586
29879379
29883943
29898378
29898872
29898959
29908959
29915560
29917178
29920476
29921656
29922443
29923670
29925506
29928576
29930022
29940143
29940267
29949791
29956271
29956284
29971011
29972184
29974310
29980577
29982662
29987897
29991473
29992982
29997113
30010080
30015238
30016600
30018076
30019597
30031925
30042178
30043596
30044827
30044894
30057417
30059491
30060740
30061164
30070147
30070297
30070692
30071308
30074264
30075312
30075737
30078186
30079380
30086379
30088034
30098273
30099277
30101191
30111653
30116335
30119244
30121673
30125096
30125727
30134310
30135182
30139714
30140293
30143643
30144066
30144298
30144364
30145794
30145831
30148052
30149233
30154423
30160278
30179205
30185781
30185988
30193893
30195046
30201491
30204915
30205482
30209244
30210898
30218055
30218608
30220231
30224931
30225954
30232322
30232451
30235245
30237492
30237578
30240153
30240938
30242147
30244259
30246031
30247799
30248505
30252968
30257711
30258877
30261507
30264402
30267404
30271853
30272322
30273917
30277570
30278915
30282957
30287418
30287858
30299441
30302948
30305302
30305454
30311846
30324848
30327434
30339839
30340603
30345823
30349873
30366509
30379418
30385786
30388100
30398288
30404032
30405206
30408629
30417459
30429089
30443190
30448827
30465058
30471358
30471381
30471420
30485126
30485272
30496623
30496783
30500068
30502449
30506914
30510442
30513362
30521117
30521964
30522383
30523147
30530994
30542285
30542413
30548602
30550637
30550885
30554495
30566959
30569118
30572121
30582743
30584213
30586667
30587175
30604480
30606217
30610061
30610922
30612118
30622281
30623241
30628591
30629441
30629676
30635030
30635602
30638309
30642012
30644168
30644575
30649473
30652828
30654118
30654932
30659184
30663676
30664999
30665716
30674985
30679644
30682804
30685487
30685700
30692016
30703868
30704288
30707846
30716535
30718470
30718510
30720093
30728500
30728776
30729471
30729479
30729487
30729704
30730609
30731321
30740905
30745310
30746895
30767746
30771739
30773420
30775942
30776646
30782019
30791741
30791745
30792936
30798606
30808624
30813547
30826358
30828764
30834523
30836057
30837642
30842121
30844228
30847744
30854241
30857415
30861394
30861471
30862504
30862648
30862915
30867044
30871515
30873124
30873504
30886197
30891766
30891782
30896583
30896805
30897138
30897501
30899609
30900717
30903825
30906129
30912140
30915215
30917318
30919211
30922122
30923347
30925135
30926645
30926814
30927715
30931327
30932160
30933975
30936160
30938722
30940879
30942447
30942801
30944034
30944169
30944259
30945580
30953645
30954385
30959278
30965235
30968404
30972174
30972197
30973882
30976283
30981080
30983153
31007149
31010247
31025923
31032948
31033977
31034758
31040782
31042406
31044181
31051168
31068441
31075235
31084709
31085006
31092864
31094031
31102286
31107137
31107916
31108241
31113964
31119776
31130863
31131874
31132316
31136803
31148341
31152077
31160553
31161622
31164994
31169312
31176016
31176017
31182152
31186141
31189030
31189572
31190561
31191517
31201586
31201921
31204523
31204557
31208715
31208723
31209459
31211955
31214026
31222033
31226261
31228817
31229684
31236745
31239244
31239673
31253842
31255600
31258481
31261789
31265883
31274342
31276817
31278964
31283041
31283983
31283994
31285188
31285423
31287025
31293216
31298072
31302422
31304988
31307784
31308631
31310911
31313630
31325727
31331074
31332781
31339809
31343261
31350386
31351471
31351964
31353019
31357086
31359010
31362078
31362725
31364719
31368870
31369767
31371812
31380381
31382618
31384309
31390373
31396630
31402800
31402982
31407595
31408372
31410125
31410487
31422941
31424112
31447845
31464310
31475206
31482846
31485657
31495394
31496660
31497826
31500508
31511053
31520482
31530037
31534047
31534049
31534552
31539804
31548177
31557835
31559470
31563117
31568919
31569601
31577939
31586040
31586161
31586865
31590845
31597574
31606726
31608494
31608495
31608709
31609601
31610189
31631977
31634584
31634652
31635173
31636264
31638855
31644429
31646013
31646754
31647983
31648137
31648929
31649847
31653858
31654748
31655387
31661144
31662319
31666999
31672600
31673109
31686786
31695756
31696655
31700695
31705125
31711940
31718284
31735552
31742919
31748609
31752825
31754732
31756130
31757676
31765607
31768001
31771658
31772142
31774188
31774632
31781343
31784401
31788947
31791585
31794570
31815524
31826327
31827706
31828128
31828429
31829201
31830592
31837247
31837326
31849213
31849953
31855117
31857163
31860662
31863959
31876072
31876323
31881177
31883860
31885823
31889132
31894302
31895692
31897918
31901095
31905764
31906765
31910305
31911151
31915516
31918221
31922219
31925860
31926346
31926929
31928851
31932325
31932746
31934282
31934329
31935848
31937149
31939630
31940860
31945013
31945456
31949286
31949599
31958497
31961065
31963938
31966426
31972221
31975545
31980519
31981416
31982563
31982564
31989845
31992827
31992922
31993924
32006659
32007503
32007797
32010148
32012117
32013856
32025239
32028021
32034262
32040598
32044353
32045824
32045921
32052890
32058211
32059749
32060941
32061965
32067417
32069441
32073014
32083237
32084364
32087740
32090454
32092739
32094158
32098291
32099720
32101625
32101827
32108917
32117912
32122385
32124251
32124494
32132930
32134140
32140066
32140758
32147536
32151961
32154622
32156482
32156705
32159191
32161544
32162789
32163857
32173627
32175635
32183900
32186772
32196852
32197418
32200413
32203488
32204600
32205337
32208385
32214220
32216270
32220312
32222415
32222871
32228637
32247641
32269734
32270890
32272195
32273685
32276503
32277513
32280355
32281401
32283184
32284824
32286705
32290085
32295649
32295898
32298781
32302289
32309598
32311485
32315715
32315726
32323440
32326143
32326610
32330138
32330796
32332252
32334102
32334386
32335541
32336048
32339698
32339712
32343998
32345916
32350292
32355794
32357909
32360537
32361653
32371389
32371954
32381549
32393335
32394143
32404427
32409323
32411129
32413742
32416098
32418287
32420987
32426485
32428685
32430054
32431699
32437968
32438772
32439403
32441256
32442041
32445705
32449702
32453422
32476443
32485353
32486519
32499111
32514515
32515588
32517436
32518385
32518750
32526967
32528301
32529755
32532182
32532183
32533926
32544091
32545631
32550912
32555459
32556726
32564401
32564468
32572077
32573417
32573694
32580167
32581428
32581777
32584470
32586093
32587244
32590318
32596691
32597443
32600700
32602242
32612184
32615822
32616521
32622876
32626917
32629163
32632306
32633950
32634440
32635763
32636527
32637608
32638534
32643707
32647171
32652826
32656644
32658313
32659345
32660984
32665267
32668663
32678020
32679132
32683043
32691066
32693649
32705174
32709223
32716577
32723351
32726122
32730652
32754258
32757664
32763417
32764573
32767602
32768686
32768958
32770199
32776418
32778764
32778777
32782506
32789555
32792951
32803252
32805694
32805696
32807933
32816052
32818603
32822332
32843678
32854712
32858189
32859940
32866644
32866681
32878982
32882584
32886146
32887644
32894532
32895234
32899361
32914937
32916025
32926854
32938794
32938906
32940061
32943744
32946669
32954793
32955487
32963046
32965793
32976505
32977456
32978775
32979204
32979207
32979209
32991618
32992936
33013396
33022131
33022338
33023972
33027770
33029956
33034147
33037617
33042421
33045318
33060739
33062167
33063168
33063931
33066270
33075482
33079387
33096361
33099538
33099657
33101657
33107629
33109253
33109602
33111549
33112509
33115953
33118211
33127654
33130473
33133598
33136410
33137380
33139312
33147653
33155655
33161099
33164235
33164842
33166449
33168412
33169745
33171176
33175932
33177241
33177650
33178671
33191853
33193840
33194044
33195691
33197010
33199631
33201766
33210027
33211383
33214607
33215637
33224982
33227438
33231490
33238047
33241027
33241814
33246158
33249722
33255398
33261216
33270017
33270961
33285491
33287871
33292128
33294294
33295881
33296408
33296783
33300913
33301945
33301961
33303055
33303743
33307770
33315194
33315199
33315205
33320893
33335572
33336820
33346009
33350983
33359852
33359913
33361529
33364748
33374841
33375366
33376672
33378213
33378983
33381766
33381767
33381768
33390926
33392201
33408335
33408787
33414452
33424281
33426805
33427619
33437372
33440880
33441426
33441836
33443201
33443518
33448319
33450259
33452305
33452687
33452968
33459503
33460793
33469535
33471008
33473114
33480322
33485930
33488803
33493345
33493980
33495836
33499145
33503223
33512030
33517187
33520980
33526653
33526719
33532587
33535605
33536347
33543180
33559324
33561540
33561541
33562356
33567474
33567897
33568523
33569722
33572124
33573682
33576000
33582913
33586252
33588909
33597301
33600943
33606899
33609695
33609696
33610821
33614593
33615102
33617044
33617050
33617226
33617553
33618587
33624774
33634117
33640582
33646122
33648469
33678633
33689077
33692439
33704322
33707504
33714889
33719441
33722697
33731712
33735716
33737173
33738280
33742215
33744432
33744850
33744859
33749677
33751809
33752736
33762205
33765556
33767361
33769459
33774341
33781898
33795795
33798706
33799167
33800441
33802005
33804203
33809253
33810460
33811860
33827672
33827816
33829022
33832532
33833854
33844985
33850295
33853646
33859822
33870507
33876419
33878544
33878859
33879790
33880054
33881378
33884024
33890588
33897442
33898435
33907208
33915295
33915911
33916928
33918436
33926568
33935044
33936363
33939302
33940137
33942503
33953172
33953184
33960555
33962484
33967763
33973110
33974280
33977074
33982891
33984464
33986262
33987361
33988222
33988757
33990219
33991950
34006821
34006826
34006989
34014552
34015366
34024188
34026950
34031369
34031844
34039624
34052462
34058434
34071594
34082858
34085175
34085927
34086763
34093756
34094638
34094856
34098983
34101970
34105258
34105311
34107348
34116024
34117708
34126199
34126239
34127028
34131243
34136574
34137218
34142176
34144150
34144159
34153254
34153786
34155675
34160515
34160894
34165367
34166809
34171515
34172007
34173271
34176242
34182246
34182799
34184072
34193158
34194439
34195707
34196525
34197081
34200880
34202137
34204404
34211396
34226187
34228237
34230481
34230488
34237707
34240807
34249945
34255742
34256841
34267289
34268381
34277596
34284715
34290363
34298196
34298323
34307684
34315248
34315467
34321073
34330063
34332049
34335275
34341460
34344989
34350255
34355225
34357595
34360007
34360594
34369548
34377252
34381182
34383111
34386509
34387761
34390681
34395219
34400519
34409794
34409835
34413494
34417329
34417537
34419603
34423918
34425229
34426118
34426743
34427363
34428745
34430561
34435650
34440221
34440538
34440768
34440937
34451873
34459110
34461226
34463129
34463587
34466014
34468013
34470616
34476923
34480835
34486378
34488936
34491054
34492535
34495429
34500105
34502478
34506942
34506973
34511883
34515572
34516821
34518512
34522160
34526577
34526904
34530171
34534663
34537377
34537380
34539991
34542770
34546791
34547383
34550907
34551684
34551709
34555528
34556628
34559207
34561389
34561933
34565285
34565303
34569725
34573065
34577072
34581667
34583778
34584074
34602973
34607107
34610749
34611513
34612715
34616850
34626798
34627999
34628269
34629037
34639026
34640324
34650433
34650772
34650969
34651666
34653605
34657320
34658862
34659230
34671266
34671981
34672113
34672227
34679766
34687898
34696628
34702854
34705985
34706873
34709978
34711707
34719360
34721040
34724347
34724799
34727094
34738460
34738623
34745003
34751824
34754093
34764792
34767957
34767958
34767959
34768920
34769441
34772811
34775640
34777682
34777685
34777686
34779488
34783292
34784954
34784965
34787331
34794451
34795843
34795891
34803488
34806937
34812543
34813965
34815758
34821196
34824542
34829531
34838028
34841538
34848799
34858187
34862093
34864169
34881186
34882836
34886755
34887675
34891040
34894103
34903082
34905737
34906679
34907535
34914744
34915568
34917303
34921962
34925020
34925057
34931844
34936115
34943080
34953038
34956209
34956224
34977596
34979545
34982732
34983342
34984422
34987154
34989027
34990878
34992497
34997944
34998164
35005113
35008608
35029035
35033199
35034101
35034537
35038565
35042267
35045740
35046940
35058228
35061535
35064306
35068055
35073770
35074547
35074577
35077015
35078447
35082670
35086123
35090521
35091077
35091584
35093078
35095488
35095883
35099493
35103239
35104478
35104760
35109699
35120538
35122957
35123541
35126808
35129051
35129065
35129860
35129942
35140209
35145063
35151027
35153665
35154568
35164658
35165253
35167509
35176588
35184139
35188875
35191092
35191223
35191523
35196878
35199120
35202579
35204144
35214015
35216203
35220594
35220598
35222699
35224782
35225151
35227892
35240498
35240891
35245865
35247635
35260140
35260562
35264092
35264207
35272487
35277480
35278225
35279877
35281370
35283765
35285551
35288194
35307533
35322732
35334131
35337221
35349226
35358477
35359876
35359946
35365162
35365233
35367826
35370642
35377354
35380880
35381294
35382556
35385713
35390446
35391646
35399495
35402663
35405969
35409238
35410627
35412939
35417079
35426372
35428355
35429248
35430901
35432716
35437349
35439480
35439733
35441352
35441488
35443857
35444462
35448521
35457064
35466632
35470068
35474501
35474736
35479080
35480871
35481399
35501334
35509631
35509635
35513246
35524421
35529439
35534137
35536857
35560108
35571243
35571440
35574050
35577279
35579255
35581224
35585042
35586367
35596790
35600665
35608871
35609127
35613259
35616672
35619306
35623293
35625649
35628290
35635149
35637489
35637500
35644218
35650306
35659346
35660787
35664072
35668932
35669511
35671349
35676242
35689264
35689396
35693701
35700066
35707845
35710820
35716032
35720186
35727364
35728631
35732460
35733354
35734099
35736286
35739102
35740320
35742968
35747513
35751529
35756079
35760458
35761235
35763224
35765024
35774865
35778837
35779570
35781799
35784690
35787089
35788130
35791923
35795554
35798413
35804467
35815528
35818275
35818290
35831464
35840017
35842714
35843413
35849954
35854298
35856812
35865095
35870887
35876542
35880352
35880357
35881544
35881692
35887281
35899096
35899925
35905566
35909337
35915804
35916374
35922815
35923173
35925448
35933783
35937573
35937813
35942891
35945200
35947956
35951358
35952515
35967299
35967352
35978511
35981208
35982488
35983393
35984286
35987145
35988424
35993268
35993439
35994012
35995402
35997219
36001977
36005089
36007353
36007472
36007682
36008706
36012474
36012760
36026443
36028175
36031625
36034777
36037785
36046031
36049372
36053817
36054964
36061148
36068607
36068644
36068777
36070048
36071864
36075143
36075514
36078169
36085399
36090228
36095933
36095950
36097797
36100125
36102152
36103412
36104304
36105611
36106352
36109004
36109140
36109442
36114544
36120492
36121967
36122169
36135193
36137413
36139857
36152537
36153352
36173680
36175067
36177510
36178273
36178576
36182100
36184504
36184957
36188601
36198439
36199358
36202216
36204118
36206595
36214465
36215870
36216240
36224344
36228542
36238555
36240656
36242608
36243708
36250247
36253145
36253807
36258202
36261443
36261653
36263050
36263144
36263384
36271561
36291190
36292950
36302323
36307389
36308906
36314274
36328754
36329497
36330908
36330910
36332479
36339585
36342311
36344492
36350089
36352408
36353501
36355303
36355304
36355305
36355306
36359292
36359375
36366779
36367882
36370134
36370364
36370958
36371322
36373952
36379122
36379392
36380018
36384557
36384642
36384720
36402366
36410638
36414376
36414669
36419093
36427299
36431073
36434787
36435562
36435786
36438802
36439628
36439631
36442605
36442828
36452329
36458900
36459925
36466352
36472726
36474470
36474558
36474685
36474686
36474787
36474816
36474982
36480365
36494860
36495056
36499638
36507558
36508923
36510269
36511367
36511897
36512085
36514714
36515677
36526849
36528308
36530063
36531454
36532524
36537124
36537662
36542696
36545287
36545678
36552552
36552848
36563736
36566445
36573135
36577158
36584575
36584898
36588124
36592706
36593507
36598130
36613978
36621703
36622202
36625319
36625730
36627169
36628892
36630751
36632459
36632467
36636109
36638270
36642020
36642417
36643587
36647696
36657732
36670908
36671508
36672165
36683245
36684078
36684425
36685663
36700776
36702375
36702547
36712136
36714558
36715607
36715686
36716981
36718635
36718653
36721767
36722289
36724964
36743414
36748885
36752205
36753544
36754251
36758340
36762426
36769037
36771453
36772893
36773024
36790146
36794668
36796355
36797333
36798782
36802989
36805475
36809763
36810185
36818585
36829930
36838594
36848378
36850434
36863214
36864206
36868238
36868518
36870529
36871937
36875721
36875869
36879303
36882427
36884388
36890785
36893673
36893980
36894989
36896317
36896597
36898656
36902356
36904043
36905112
36906288
36906634
36907253
36909504
36918542
36923091
36924130
36927643
36941991
36947594
36950748
36963293
36969105
36969366
36982442
36989841
36989902
36990010
36998238
36998601
37002200
37003368
37005694
37007557
37008038
37008048
37010409
37013829
37016437
37018403
37020126
37027967
37028460
37033917
37034712
37036562
37038152
37048137
37049677
37055483
37055817
37055831
37058473
37060808
37061147
37061736
37063929
37066225
37076903
37077156
37083155
37084895
37086004
37088785
37096632
37098717
37102924
37103335
37105394
37109407
37109424
37117596
37117739
37118134
37119581
37119767
37120427
37122828
37143367
37144506
37144624
37144868
37146960
37149963
37150265
37153898
37156032
37156857
37159698
37160933
37167638
37167724
37179423
37180812
37182454
37184045
37186383
37187885
37188001
37189729
37192157
37196756
37197096
37204627
37206234
37207971
37217512
37218542
37224053
37225052
37232576
37240086
37240121
37258510
37259103
37270777
37271009
37286758
37288358
37292436
37295574
37298473
37298730
37313169
37314430
37315775
37328786
37330028
37335102
37337779
37340797
37343369
37344157
37357387
37366428
37367299
37370114
37371471
37372008
37373251
37386638
37392568
37392862
37395388
37396516
37397527
37404993
37406898
37410754
37417814
37418985
37422640
37423156
37425490
37428931
37436700
37437059
37439722
37442513
37447284
37452551
37453588
37459592
37462361
37462629
37464762
37478172
37478628
37492222
37492739
37492935
37496731
37499456
37506502
37521864
37522058
37522619
37524226
37524872
37525533
37530884
37536183
37536412
37537733
37540756
37542771
37547183
37548411
37550003
37550685
37551685
37555294
37562858
37563688
37566478
37569290
37569721
37569797
37578083
37587519
37590222
37598898
37602866
37605203
37605762
37609135
37610277
37611970
37612419
37614305
37623223
37625369
37625900
37626033
37626753
37635809
37635810
37640697
37643315
37647773
37648149
37649532
37651283
37654229
37660594
37666177
37670256
37671131
37679844
37681413
37684025
37686806
37688589
37688747
37689723
37689763
37694150
37696386
37697972
37710278
37711057
37716404
37716405
37717108
37717314
37717904
37720103
37724835
37724954
37725203
37730805
37736726
37739115
37740460
37741049
37741321
37742380
37744058
37749650
37749958
37751010
37755294
37758057
37759478
37760884
37767107
37771529
37773720
37774483
37777063
37789884
37790467
37794006
37794470
37797712
37802174
37802464
37802465
37808393
37809453
37810027
37817544
37822916
37827130
37828576
37831180
37832549
37838829
37841504
37843296
37847690
37855351
37865314
37870591
37873464
37881954
37890601
37890685
37892235
37892999
37898909
37904981
37907525
37908734
37935202
37939265
37940665
37946009
37948862
37953787
37966852
37967808
37974562
37979958
37984927
37993861
37994560
37997349
38000494
38003583
38006711
38012096
38012390
38013468
38016613
38019905
38031141
38036301
38036734
38039715
38041181
38044289
38047118
38049482
38049841
38049890
38054626
38055109
38057865
38062473
38068720
38070625
38072172
38073004
38073444
38077417
38078876
38081212
38081396
38086272
38093659
38095503
38098028
38098174
38099276
38099292
38102666
38106002
38107076
38107146
38111237
38112591
38113621
38122922
38123662
38124066
38126609
38136188
38136204
38144567
38149721
38155203
38156385
38162262
38162513
38163445
38168298
38168877
38172258
38172596
38172636
38174997
38176476
38179126
38200400
38206529
38217021
38218011
38219870
38220141
38223812
38229660
38235367
38253247
38254101
38254681
38265817
38266107
38266448
38268484
38279454
38279613
38283982
38292917
38293189
38294258
38295913
38304614
38305280
38310093
38314968
38318490
38318502
38318506
38330742
38342566
38342630
38343826
38345195
38358041
38366885
38366909
38367900
38368102
38368390
38370466
38371274
38374072
38385071
38389105
38389178
38389322
38390145
38394066
38395992
38396204
38403153
38407978
38409832
38413029
38414246
38419097
38420347
38423170
38429848
38432607
38433252
38443372
38446901
38447596
38451090
38452214
38454524
38463824
38464287
38466626
38477740
38490726
38494837
38499500
38500177
38502232
38503493
38508350
38513577
38513770
38517601
38519981
38520209
38520666
38520869
38526843
38527663
38530647
38531464
38532994
38534340
38537745
38552182
38554999
38555153
38555717
38561335
38563817
38565085
38566328
38566346
38570329
38580748
38582102
38584583
38588612
38591180
38593309
38593506
38596341
38596988
38600628
38600920
38604493
38607953
38608493
38609896
38613068
38616762
38617544
38617547
38621621
38622181
38624135
38626543
38636283
38640238
38641979
38642047
38645030
38645498
38649190
38649260
38658095
38662932
38664616
38664941
38673854
38684182
38697509
38704731
38713087
38718660
38719085
38719811
38720613
38724958
38727027
38729544
38733337
38734566
38740234
38741587
38742846
38744373
38745274
38755672
38759289
38760576
38760908
38765604
38765877
38766109
38769545
38770735
38773312
38779782
38781213
38782252
38785157
38786602
38789434
38795835
38798488
38805545
38812033
38818117
38819423
38823432
38826308
38828660
38831184
38831316
38832304
38838155
38842129
38842136
38843517
38844123
38844159
38844896
38844905
38850170
38851726
38856671
38856915
38857679
38860745
38867741
38874373
38875922
38876275
38879753
38882274
38890638
38890746
38892202
38901508
38904008
38906009
38907928
38908089
38910496
38912570
38918254
38918843
38923623
38923865
38925462
38931240
38934781
38935462
38936470
38946534
38946719
38950333
38952687
38953843
38962862
38964626
38969191
38974041
38974597
38976127
38978353
38981227
38981876
38986303
38992995
38994024
38996934
39006498
39007035
39007896
39018481
39019845
39024114
39024748
39026271
39036830
39038323
39040492
39042029
39058329
39059951
39061952
39062860
39064807
39071897
39076825
39084098
39086231
39088322
39090667
39091806
39094365
39095867
39095992
39096166
39098445
39101301
39101668
39103049
39103079
39105347
39106443
39107784
39108841
39111145
39116410
39120281
39121926
39122063
39125316
39126921
39129277
39130448
39133964
39134394
39135294
39135543
39143134
39153567
39155382
39159149
39159565
39164798
39169784
39172956
39173720
39175261
39179013
39180608
39188023
39190086
39191723
39191890
39192268
39196784
39199188
39199189
39204339
39206714
39208260
39209246
39217193
39217430
39217884
39218203
39220257
39221886
39224514
39225365
39225479
39228264
39229102
39231936
39231947
39236007
39247402
39248388
39251054
39251145
39251394
39260332
39261080
39261846
39262222
39273553
39276449
39280634
39282962
39284778
39288630
39298571
39305580
39307297
39313038
39314058
39318150
39321708
39322043
39323636
39326131
39326362
39330704
39342326
39342461
39343238
39344168
39345152
39346538
39350476
39351091
39351165
39351827
39356214
39363112
39363784
39366498
39368343
39370072
39376016
39378655
39378706
39383631
39388890
39388895
39389988
39396563
39396655
39399840
39400124
39401064
39401356
39402771
39403980
39407273
39408977
39411061
39413302
39414788
39416169
39419437
39426230
39426787
39427765
39430133
39432678
39433168
39434351
39438569
39442872
39443554
39444399
39447781
39448001
39448593
39454503
39454680
39456041
39469313
39469810
39471714
39472618
39472658
39479450
39482250
39483974
39486995
39488239
39491137
39494399
39495906
39498143
39498503
39505144
39510640
39510846
39512844
39514126
39521431
39527654
39531048
39533324
39533432
39536879
39554166
39556697
39558161
39560314
39564812
39569601
39572599
39574483
39574959
39577362
39578049
39578202
39580858
39582573
39586750
39589827
39592076
39592517
39596012
39600372
39604981
39608050
39608176
39615215
39616734
39617085
39617202
39617790
39619871
39622432
39628956
39629050
39638118
39639339
39639386
39647219
39649263
39659898
39661058
39662267
39664429
39666251
39673685
39674342
39680708
39687146
39687299
39687801
39692282
39692948
39693952
39694343
39703140
39706062
39706287
39707367
39707543
39709528
39713453
39713898
39717596
39717946
39718827
39721037
39726016
39727570
39730094
39731281
39738099
39738432
39742533
39744759
39745919
39746903
39746943
39752388
39755166
39755936
39757463
39762209
39764993
39765309
39766213
39769163
39771485
39773289
39776592
39780612
39786170
39786573
39787690
39792653
39794700
39798244
39799877
39801258
39804978
39805173
39806427
39808971
39809361
39811464
39811690
39814287
39815302
39819042
39820028
39820104
39820791
39823538
39827311
39829021
39833570
39835169
39835597
39840130
39840483
39840543
39842659
39844298
39844325
39847187
39851510
39853717
39853943
39855042
39855425
39855426
39859264
39859298
39864914
39865089
39873724
39877352
39880042
39894170
39894691
39894827
39895575
39895864
39895981
39899451
39902346
39904978
39904988
39910066
39914283
39919897
39921035
39922237
39927459
39927476
39928137
39933417
39936984
39940649
39947509
39948108
39952199
39952346
39953605
39953712
39955730
39955869
39959649
39960544
39964979
39969512
39973340
39973552
39975211
39978573
39983344
39984079
39990659
39991659
39991826
39998739
40000838
40001168
40008494
40011919
40013619
40013941
40016267
40016770
40020461
40020627
40020990
40022220
40025171
40025588
40026169
40035483
40040621
40042438
40045368
40045641
40047894
40054376
40055825
40060529
40060537
40069162
40072052
40073810
40080941
40081708
40082721
40087276
40087281
40090277
40093804
40094857
40096748
40097410
40102704
40104642
40110405
40113744
40123999
40129610
40129871
40131994
40136230
40138455
40138492
40139394
40139644
40139646
40139647
40142050
40143596
40144306
40148904
40149899
40150862
40154729
40155964
40156068
40160694
40161844
40163719
40165083
40166233
40166328
40169157
40169556
40174634
40176311
40178220
40179178
40179650
40186216
40186254
40188009
40190344
40191465
40192588
40194607
40197110
40204189
40206403
40207030
40207563
40210178
40213660
40213675
40215820
40220130
40220712
40220945
40222260
40222272
40225130
40228703
40229258
40229323
40229791
40231159
40237708
40240774
40250032
40253033
40253766
40253827
40254785
40256789
40259333
40264591
40264709
40272163
40273050
40276767
40277849
40279436
40286845
40287984
40288509
40290123
40290887
40296351
40304130
40306348
40308880
40315404
40316216
40317692
40318007
40318827
40321804
40322041
40324641
40325465
40332404
40337550
40339496
40339773
40342810
40345271
40345585
40345612
40346614
40347883
40349405
40354861
40355406
40356240
40357333
40358029
40360087
40366222
40369255
40370470
40374649
40375346
40375383
40379111
40379185
40379798
40381504
40383351
40386290
40387631
40391077
40394653
40395084
40397763
40399261
40400312
40403559
40407177
40410671
40414473
40420355
40421143
40425566
40427396
40431555
40433051
40435578
40436126
40437041
40437758
40445329
40447254
40447860
40448062
40448420
40448769
40448783
40455747
40461512
40462979
40463059
40463116
40463228
40466654
40474870
40475787
40476065
40478933
40490703
40494201
40496065
40500748
40501713
40501760
40502622
40505483
40506565
40517915
40517943
40520017
40522441
40527441
40534503
40538163
40540898
40541454
40541821
40542398
40543563
40544000
40544314
40544666
40545361
40545529
40553578
40555911
40569959
40570942
40579479
40581888
40582373
40582653
40583237
40583463
40583471
40584820
40585250
40587399
40592131
40592720
40595596
40602581
40604282
40605150
40605494
40606845
40611375
40611524
40616103
40616212
40618094
40618631
40618705
40618799
40618872
40620356
40620422
40621694
40624668
40628108
40628511
40633452
40634791
40635000
40641371
40646376
40650059
40651795
40654154
40654155
40664639
40664892
40666997
40671121
40673894
40677439
40678261
40678610
40680126
40681017
40682232
40682253
40684207
40684994
40685060
40686193
40691970
40695281
40698077
40699912
40701030
40702221
40709559
40710320
40712009
40714033
40714468
40715937
40717961
40721606
40727996
40728163
40730513
40733772
40735514
40736261
40737429
40743507
40744145
40744211
40746264
40749610
40753437
40755158
40757971
40760019
40765832
40776599
40777809
40778537
40779002
40779147
40779842
40780140
40781689
40781794
40782567
40783334
40787173
40790756
40790990
40797087
40797305
40812964
40813306
40816940
40817461
40817785
40818185
40818538
40821826
40822351
40829693
40838061
40838523
40843172
40847348
40847478
40848578
40848981
40854507
40860023
40860660
40862354
40865711
40869195
40875519
40877980
40879013
40881276
40885352
40886326
40887495
40888101
40889796
40890747
40892916
40893665
40896798
40896869
40896957
40898256
40902750
40903824
40907650
40913785
40913865
40914549
40915381
40916823
40919665
40919882
40924013
40929885
40930294
40930457
40932696
40945544
40946934
40946991
40948117
40963906
40970517
40972737
40974845
40975506
40976363
40987460
40995561
40995851
40997129
40999516
40999539
41000702
41001102
41005083
41006212
41013182
41013655
41014769
41020295
41022004
41028499
41031019
41031135
41035432
41040155
41041044
41041437
41046448
41047035
41051362
41051363
41060973
41067202
41067282
41072700
41075115
41075429
41075743
41076526
41076582
41077081
41077348
41079991
41080734
41082511
41086902
41088346
41089260
41089701
41090154
41093854
41096895
41102140
41102146
41103413
41104872
41106457
41108129
41108151
41111484
41111515
41113931
41117256
41125571
41130306
41133454
41139459
41146463
41148155
41155170
41161589
41163191
41170910
41173032
41176002
41176908
41177139
41178714
41185633
41190216
41194652
41198759
41200799
41201079
41205853
1163
55584
60309
157389
225927
389957
472897
594372
893514
1173774
1351318
1406451
1418050
1542136
1574936
1691192
1697163
1700613
1729286
1800463
2061382
2065530
2222532
2338011
2349820
2355296
2388113
2424461
2479078
2503282
2596570
2610713
2663990
2805684
3089703
3120585
3161266
3230567
3238371
3246890
3263891
3443045
3489227
3602982
3625661
3625668
3634905
3643734
3915304
3927297
3976132
4251203
4317014
4445161
4458065
4555919
4562192
4571334
4612458
4637158
4701753
4716984
4838410
5360889
5464072
5634151
5680988
5723015
5726902
5775679
5788905
5793012
5825185
5889070
5953958
6023697
6309452
6418269
6421098
6859071
7086778
7435863
7449226
7504102
7564266
7575762
7679410
7703601
7741786
7799655
7863819
7889887
7890989
7942329
7955604
8185693
8210489
8334078
8335947
8366806
8436117
8702386
8731391
8822753
8834624
8835244
8852575
8854249
8866331
8868297
8971960
8979155
9002024
9090810
9135032
9179398
9192516
9286753
9324022
9330942
9333186
9425864
9486003
9496714
9502411
9512498
9542746
9587990
9588741
9616435
9616440
9639100
9743814
9779827
9817766
9876396
9877401
10068027
10080088
10090708
10100939
10197164
10211877
10358204
10367020
10367688
10385960
10395320
10411562
10419774
10419787
10432320
10442204
10499542
10506917
10507084
10560695
10724258
10761541
10777108
10806052
10903334
10903877
10912189
10914859
10947127
10966845
11005733
11014364
11069730
11150165
11172466
11186168
11229466
11237665
11256237
11296547
11326333
11332442
11334975
11337721
11352238
11352397
11399094
11404353
11426673
11465708
11482525
11550711
11586092
11597174
11603728
11677139
11716368
11717181
11734496
11795995
11801247
11810482
11869073
11924812
12028657
12029492
12073103
12076275
12126975
12127833
12202119
12271357
12359164
12364566
12384917
12415421
12435393
12472238
12479386
12505483
12554128
12555930
12604692
12658748
12659680
12709548
12738249
12768483
12773041
12773042
12921731
12932294
12954235
13354102
14121998
14528519
14564447
14566965
14585729
14609535
14613274
14614855
14652478
14660436
14665748
14677373
14730630
14872496
14972336
14972338
14984289
15013079
15023380
15035799
15059281
15077302
15107580
15124255
15212191
15231019
15232785
15240824
15261284
15288135
15299211
15299219
15325638
15356403
15375755
15385784
15450527
15450531
15488329
15494188
15569620
15579310
15601778
15619570
15638411
15649670
15704860
15707241
15740638
15758375
15758487
15764839
15777859
15780646
15784009
15801027
15820145
15837310
15837818
15856277
15883746
15885477
15896984
15905105
15922106
15935401
15967610
15979014
16036866
16039054
16093206
16114085
16122880
16151643
16185945
16216515
16234240
16243547
16255041
16259722
16275085
16290189
16297642
16355039
16359876
16365691
16376111
16394269
16418777
16433646
16437200
16463084
16498013
16500121
16508959
16514626
16549372
16564620
16572453
16580848
16580849
16581860
16583446
16612565
16616417
16616754
16632350
16690336
16720253
16731008
16740398
16768703
16769229
16797470
16819271
16829766
16912413
16912431
16927387
16947773
16959360
16973887
16995764
17072445
17094130
17109745
17126060
17133593
17140817
17145758
17157038
17165036
17185835
17187753
17198754
17216398
17276007
17284317
17284318
17305324
17312183
17320132
17359944
17375206
17382552
17385335
17466542
17490897
17500014
17530714
17562362
17583780
17590359
17623656
17631391
17638573
17646269
17659886
17686636
17698374
17722484
17723296
17822719
17852072
17853445
17875543
17900933
17920302
17937475
17947700
17968906
18031725
18056042
18060205
18072397
18077540
18088507
18160928
18163511
18167200
18172013
18182309
18203067
18224353
18234072
18236017
18237379
18240240
18251495
18262804
18268076
18277430
18287210
18311796
18314368
18342549
18457369
18464888
18475625
18523861
18524010
18548845
18550523
18556223
18573668
18595745
18613981
18637715
18650131
18655132
18679006
18680771
18698490
18699993
18729392
18759291
18780763
18789726
18789727
18791656
18799089
18820312
18836236
18836243
18950940
18955000
18974001
18978578
18990590
19001053
19010066
19010672
19026578
19035511
19050895
19052875
19055838
19063590
19065031
19114312
19116905
19116973
19135797
19144181
19146892
19146971
19147955
19170094
19230856
19233337
19236380
19248108
19293161
19298533
19327154
19332177
19342682
19350690
19376109
19379487
19404941
19409466
19422229
19457673
19462990
19478889
19490963
19490965
19513610
19542681
19565489
19580807
19655297
19664204
19684582
19711077
19716399
19718808
19725096
19744590
19745108
19761884
19767517
19785765
19790055
19790062
19802679
19810106
19822234
19823173
19833177
19876764
19934807
19958520
20005097
20013164
20034712
20060234
20060728
20060953
20067413
20067755
20067770
20077126
20091349
20093129
20121624
20122723
20131282
20133709
20133791
20135673
20158049
20171072
20171183
20188111
20191491
20192600
20205719
20206237
20213810
20309955
20377366
20417294
20434574
20457212
20488927
20490805
20506144
20509748
20510383
20522967
20525390
20527083
20533290
20534789
20538089
20556813
20594346
20603097
20621685
20633675
20633676
20643199
20646986
20647497
20664832
20664951
20675358
20691059
20722015
20722027
20727126
20728870
20738224
20809138
20815650
20850574
20851422
20855557
20863899
20864020
20879383
20930333
20945354
20945906
20946124
20950722
20953646
20967483
21041994
21047496
21069255
21071480
21073445
21088145
21108488
21111752
21147151
21162957
21163358
21167838
21175039
21185649
21216612
21241772
21251986
21267711
21273100
21325780
21327824
21346391
21352090
21378032
21387139
21397669
21398559
21404022
21406075
21428299
21437875
21446028
21466783
21479939
21484226
21497277
21520262
21533617
21538326
21557731
21559479
21571082
21575197
21599960
21620806
21630246
21679434
21681568
21691326
21708001
21720719
21736716
21745460
21756207
21762512
21765617
21782922
21783692
21795829
21796704
21799685
21802499
21808097
21820522
21847664
21853458
21855139
21863259
21864409
21874354
21875676
21884808
21911068
21930225
21931681
21953085
21982494
21991344
22006252
22018973
22019508
22037051
22044919
22053992
22093915
22102374
22120701
22127873
22131742
22139679
22141435
22153941
22175799
22185204
22189147
22225591
22231023
22236584
22240502
22240637
22244821
22252645
22271086
22272053
22285737
22289897
22294024
22304985
22344586
22351096
22370362
22373734
22384228
22387095
22396742
22407503
22414620
22425884
22426440
22427270
22440931
22444025
22445554
22469847
22470467
22472698
22474519
22496430
22498029
22501024
22504024
22506885
22507082
22507670
22508407
22510443
22517267
22526371
22531460
22534688
22571260
22579856
22579916
22606297
22608295
22608545
22609478
22609837
22611500
22613702
22642304
22648246
22659637
22670655
22704650
22713471
22726638
22734248
22736200
22742641
22750747
22752510
22758598
22769424
22775466
22778804
22785367
22790657
22798269
22818981
22820498
22820731
22821055
22825254
22828992
22888368
22890185
22890187
22891645
22908007
22909215
22920092
22925727
22949956
22956865
22961089
22965193
22966427
22967750
22982372
22982723
22984604
22985876
22995397
22996566
23011466
23015356
23020698
23041435
23070996
23105805
23107483
23116713
23118784
23123261
23123358
23124986
23134577
23156970
23164158
23174992
23186943
23218603
23227940
23233270
23263781
23273362
23274676
23287799
23291609
23296253
23297162
23323719
23326413
23334238
23335181
23338062
23339021
23340211
23340819
23356403
23383210
23385821
23399228
23411116
23436205
23454400
23458918
23472862
23473785
23473975
23483591
23483610
23496155
23499675
23503887
23503969
23511695
23519019
23534442
23546441
23563707
23589102
23589286
23597790
23601658
23602983
23603083
23603905
23614573
23664655
23664745
23666904
23671396
23685840
23697583
23701173
23701828
23714389
23717116
23717124
23723320
23731943
23744481
23747340
23750475
23769729
23795771
23799821
23802421
23821557
23826489
23826657
23827368
23830943
23833442
23836445
23852764
23858046
23861563
23861713
23884413
23891396
23891968
23894457
23904482
23915264
23916685
23918578
23928557
23934157
23973147
23973148
23973149
23973153
23979802
23982192
23982761
23990219
24009074
24023832
24028507
24084190
24088175
24093120
24109888
24120490
24129747
24130267
24137247
24142722
24151039
24152419
24161707
24173911
24179591
24184966
24204653
24204985
24206074
24206615
24215110
24228609
24269276
24282543
24286347
24286607
24295650
24315981
24338203
24343447
24357414
24369033
24373735
24387059
24392129
24396291
24423138
24424207
24443819
24448516
24454514
24470361
24470419
24472689
24486381
24497008
24499554
24508775
24512762
24516346
24524826
24534736
24561282
24561313
24567058
24574220
24577103
24578232
24595230
24600703
24602500
24605080
24607485
24632095
24633464
24648308
24658359
24664185
24667079
24667123
24671491
24675155
24687997
24697299
24704497
24714625
24719311
24720858
24732949
24753019
24764617
24786088
24786526
24792209
24797662
24816289
24817933
24818130
24819400
24823363
24837189
24839051
24839120
24852700
24857975
24872709
24872832
24885745
24889323
24928318
24933343
24938620
24939049
24951136
24952978
24955618
24962501
24964042
24966068
24970836
24973958
24976609
24980965
24981632
24987156
24994452
25009586
25009705
25009708
25013448
25039883
25043778
25046535
25048871
25062663
25065008
25087069
25087604
25087745
25087910
25100568
25111192
25118941
25128628
25129057
25146000
25153804
25157947
25169829
25175765
25176272
25185368
25187798
25189115
25189465
25191931
25193704
25201702
25201731
25202993
25219670
25241157
25247198
25248323
25256690
25264131
25264600
25266960
25273135
25278051
25278073
25279151
25294293
25299541
25303734
25308850
25330343
25330932
25339266
25339268
25354787
25374446
25376614
25392105
25415648
25417063
25424775
25435813
25464168
25465897
25466177
25466264
25466931
25488844
25496568
25497864
25512009
25533381
25538060
25575468
25576403
25576671
25592029
25596949
25597243
25613062
25623624
25628667
25659656
25666331
25667638
25675406
25677108
25677204
25687637
25687638
25701166
25702530
25714387
25715677
25719612
25724134
25729331
25733665
25736365
25749876
25754021
25755716
25771150
25777293
25777613
25782157
25785087
25785088
25792809
25802546
25807537
25815638
25818052
25818190
25821313
25853339
25857705
25858171
25874446
25888442
25892273
25892493
25899547
25900303
25903377
25908625
25916553
25917637
25921548
25933963
25935347
25939329
25966657
25973028
25975052
25993981
25997526
26002585
26010756
26028135
26045761
26046639
26062798
26069535
26074364
26083352
26089642
26090476
26092928
26097542
26099282
26109786
26111768
26112847
26117175
26134451
26134502
26136062
26136893
26138240
26138996
26141762
26165348
26166548
26174175
26184498
26197088
26214407
26219508
26220516
26224539
26235583
26240991
26241778
26244598
26244981
26245235
26247695
26254236
26279447
26279449
26285672
26285913
26286016
26303725
26309557
26309781
26312474
26325015
26329269
26336584
26343586
26344001
26350037
26357438
26365972
26376125
26386127
26388558
26433038
26434683
26442595
26445328
26450946
26454050
26455998
26462474
26466556
26470720
26493330
26497741
26497769
26499267
26499268
26505386
26506502
26520886
26521745
26521746
26521785
26524084
26524412
26531672
26542671
26542776
26550169
26560184
26572064
26578310
26586481
26620090
26629963
26631347
26631351
26631363
26636289
26637220
26639318
26653735
26668592
26671580
26675329
26689653
26694132
26703073
26717557
26722436
26722440
26732579
26740052
26742739
26746151
26751999
26752378
26752990
26769161
26773662
26778531
26782475
26794830
26794964
26805018
26807032
26807491
26810784
26817025
26826302
26832187
26838881
26851314
26851450
26866626
26872979
26880531
26881207
26883979
26884829
26888708
26893055
26895619
26895663
26901193
26902085
26915639
26924420
26934480
26936086
26937219
26939846
26944279
26947886
26956364
26969024
26970286
26973329
26978347
26983696
26992380
27015369
27019285
27023516
27026802
27032670
27039182
27042186
27044820
27055478
27066995
27068285
27069504
27077804
27082436
27085969
27086847
27092487
27098310
27108237
27114348
27115490
27118194
27127843
27129293
27132778
27142000
27155345
27155347
27158347
27164955
27178341
27183198
27194201
27208420
27211863
27214709
27220395
27227030
27233606
27235904
27240953
27247228
27247722
27261750
27305832
27312547
27312650
27314696
27321194
27338815
27345362
27347022
27347945
27349460
27349462
27363337
27365987
27380522
27381034
27382377
27385944
27390028
27411565
27431944
27445236
27449593
27452863
27454254
27482294
27483347
27484345
27499126
27501482
27509914
27517056
27518788
27521747
27539076
27542282
27543839
27548493
27554674
27558955
27575371
27580425
27583436
27589850
27590063
27592041
27594677
27597397
27603333
27606264
27638130
27644875
27646982
27647009
27651153
27663233
27676099
27680963
27682596
27690009
27693502
27696748
27696794
27699225
27703516
27707109
27709316
27709491
27726040
27726041
27729291
27734384
27737814
27737897
27747190
27748894
27752702
27752829
27756697
27779640
27797605
27821962
27825552
27829414
27832355
27832815
27836707
27851782
27851984
27853940
27856169
27860453
27879566
27882124
27882132
27904047
27904143
27904712
27916555
27922941
27937051
27941926
27942109
27955699
27965139
27980494
27982265
27986622
27989826
27992368
27993154
28005437
28011101
28026095
28035982
28036032
28042326
28049462
28059868
28063212
28066137
28091618
28097525
28101475
28111103
28112382
28114800
28122526
28129516
28131784
28137413
28137664
28139016
28145597
28147322
28167976
28193542
28214084
28223125
28225075
28225870
28230313
28242173
28242648
28243085
28251487
28259976
28265573
28280413
28282029
28284832
28284998
28287423
28320059
28320092
28320093
28326927
28326938
28338415
28343287
28347649
28351717
28355351
28355681
28358416
28362543
28367081
28370591
28374574
28391163
28396243
28397529
28407495
28410217
28413731
28418007
28419155
28426699
28430129
28442110
28450318
28456437
28457902
28463061
28474628
28476879
28480401
28487981
28492224
28496359
28504116
28506841
28507472
28513840
28521989
28529106
28533591
28533592
28535500
28545880
28548679
28565823
28565845
28579434
28582908
28583899
28584879
28585864
28587333
28588485
28594958
28606072
28609022
28613895
28616752
28616978
28627582
28627596
28633971
28638681
28640163
28647469
28647646
28647729
28649440
28663035
28675666
28677799
28690479
28691484
28700003
28724217
28725908
28743292
28744712
28752263
28757388
28758108
28759313
28765519
28765966
28768536
28785392
28785878
28793056
28798050
28804568
28806392
28808696
28810618
28817810
28823024
28823646
28840952
28849083
28849084
28849229
28852776
28858724
28859108
28859619
28860852
28865213
28878468
28885454
28888901
28888902
28898893
28904358
28904551
28905711
28910961
28912864
28915439
28915521
28915567
28917083
28921725
28926590
28939526
28943207
28945000
28949389
28957801
28957807
28960309
28960426
28968949
28971529
28974461
28980719
28987725
28988205
28994112
29017758
29022900
29030067
29031199
29035380
29039525
29042963
29053693
29061494
29067461
29067744
29069539
29072705
29075814
29091874
29092817
29095435
29096521
29100801
29101035
29101804
29101808
29104478
29107695
29110786
29111161
29134405
29136765
29138829
29142423
29143973
29149841
29154876
29156946
29157984
29164146
29166937
29174854
29195834
29196833
29207603
29208566
29210312
29214554
29224976
29228594
29233184
29243030
29250145
29251361
29251375
29255591
29257269
29258611
29259753
29270716
29285104
29286096
29286133
29298566
29299122
29300716
29311503
29315262
29315787
29317792
29317848
29318481
29319609
29327364
29331761
29332174
29343508
29346012
29348767
29357491
29364174
29366335
29376494
29380171
29393342
29393346
29393439
29407201
29408488
29415582
29430715
29434185
29434641
29434702
29435116
29436471
29438227
29438883
29440889
29450729
29460078
29463254
29478074
29484390
29485013
29485196
29485639
29488610
29489828
29510478
29513755
29514675
29520169
29520686
29528264
29530720
29532889
29534084
29539753
29540226
29543781
29548914
29554480
29554973
29557244
29564448
29572481
29575932
29576802
29599826
29601910
29603329
29610999
29617878
29621761
29636866
29641501
29650413
29653943
29656073
29656315
29667446
29667462
29670657
29673343
29684084
29687303
29687871
29698461
29708818
29709011
29712778
29717217
29722355
29723651
29740093
29748528
29752100
29761560
29766025
29768985
29770595
29782979
29785089
29789008
29794403
29797102
29803977
29806726
29808374
29842918
29843440
29843768
29857819
29864899
29864946
29867478
29869015
29878401
29883943
29885465
29888808
29890416
29890922
29891807
29892899
29896219
29905408
29913441
29917216
29922442
29922445
29923522
29926706
29928231
29938527
29944927
29948602
29949137
29950992
29953665
29956782
29961054
29966748
29976187
29978613
29983942
30003932
30015923
30023332
30031224
30031926
30033246
30035050
30035080
30035091
30035745
30048987
30050432
30060740
30067136
30071128
30071410
30074814
30075312
30076153
30076457
30082761
30087236
30090244
30092352
30099277
30101191
30103115
30105061
30106092
30106112
30106113
30110204
30110401
30115046
30115587
30116400
30117186
30119032
30121928
30122974
30135624
30140705
30146893
30160166
30174601
30179205
30193926
30196232
30206206
30208927
30210898
30218055
30234227
30237062
30243066
30259137
30262135
30264681
30272266
30272322
30273654
30276528
30283333
30283898
30287396
30287418
30292414
30304692
30311192
30315524
30315711
30321247
30322672
30326428
30327006
30335903
30338787
30341166
30342192
30365059
30365114
30372803
30375565
30387401
30412852
30412853
30414849
30415975
30419485
30425476
30430645
30443190
30448533
30456844
30461296
30461363
30468454
30474872
30483733
30484378
30486903
30487252
30496623
30510445
30521368
30524167
30525072
30526325
30529425
30534627
30534634
30537737
30538762
30542428
30542499
30543056
30544714
30551031
30551412
30551734
30557884
30562742
30564065
30568481
30581556
30584942
30585422
30585984
30600470
30600472
30611247
30611819
30611904
30615897
30617615
30618615
30618801
30619261
30621446
30623241
30623804
30629441
30644158
30648360
30651779
30655688
30662339
30662362
30662631
30663793
30664999
30665716
30666561
30691048
30691120
30693466
30698325
30703768
30706033
30707846
30729479
30732913
30734541
30755787
30759446
30761007
30767746
30770640
30771585
30776329
30776646
30779717
30784067
30784197
30797016
30808932
30811038
30815381
30816583
30820353
30826485
30826524
30843733
30846801
30854676
30858101
30858696
30861010
30863061
30864698
30867061
30868494
30872407
30881475
30886197
30887556
30890456
30894907
30895028
30895865
30899364
30903772
30906129
30909133
30915115
30915890
30922982
30927255
30927660
30930294
30937838
30938133
30945071
30957437
30965143
30965235
30978319
30979862
30981839
30982756
30986528
31002699
31007149
31015473
31019213
31020644
31026554
31026650
31031401
31032997
31033070
31034922
31037830
31046158
31046168
31046827
31046883
31052237
31054068
31055086
31055848
31061278
31063807
31065841
31089001
31089136
31092864
31097875
31103876
31104480
31105831
31108241
31110568
31111559
31115161
31115524
31117504
31121225
31124640
31132406
31134620
31137797
31142603
31155849
31158282
31162482
31173033
31176015
31177036
31177794
31177809
31177887
31182934
31198977
31205941
31209645
31210406
31211985
31212619
31217867
31223428
31228458
31228817
31231454
31238006
31239673
31249264
31251987
31255600
31256148
31258642
31262076
31265447
31269875
31272360
31273625
31291980
31297620
31298308
31298359
31298408
31299270
31302828
31306979
31310910
31311115
31313823
31323297
31324245
31325494
31326553
31326554
31327492
31342791
31345099
31353568
31354246
31357246
31362475
31378925
31381554
31394185
31396630
31401788
31402800
31404098
31412104
31412648
31430262
31430878
31431607
31432995
31435629
31435813
31437580
31438731
31438735
31451219
31452704
31454155
31454418
31468163
31472145
31479064
31481898
31484919
31486476
31495059
31502578
31505901
31511005
31512108
31520482
31535058
31536815
31538672
31539109
31545916
31547612
31549776
31549920
31550528
31554953
31557589
31557835
31560411
31564232
31565996
31568634
31568919
31569963
31569995
31575035
31582897
31586725
31587011
31590658
31601862
31606533
31608307
31620012
31625201
31629032
31631977
31632200
31633791
31635173
31638238
31638337
31639491
31640732
31642732
31652455
31653858
31659586
31659964
31666602
31678498
31679508
31684073
31684092
31690022
31696218
31701670
31711313
31742919
31746366
31749941
31752825
31760158
31760502
31765739
31770663
31771623
31778752
31779692
31780931
31783149
31784400
31789105
31790972
31804010
31814175
31814887
31822750
31823179
31827595
31827706
31827985
31828429
31836142
31837258
31837574
31841119
31841992
31842639
31853294
31860662
31868209
31870428
31874197
31876072
31888661
31903618
31903621
31907788
31916291
31918279
31926089
31926268
31927559
31937359
31940132
31945707
31949990
31950348
31956378
31958453
31962170
31964233
31971058
31976816
31977158
31978040
31978557
31983036
31992029
31992036
31992038
31992922
31998403
32000463
32003758
32004084
32004585
32006078
32016449
32020624
32020892
32037689
32038242
32047580
32054968
32057894
32059379
32062610
32064134
32064982
32069893
32083119
32085385
32089778
32092588
32099450
32099721
32103372
32104396
32112120
32113051
32117068
32124251
32124869
32124939
32134473
32141530
32146507
32147535
32147536
32159840
32163510
32164328
32165317
32167952
32171788
32173658
32182210
32192320
32192519
32199975
32201950
32210280
32210738
32211385
32214800
32214804
32217157
32233176
32235555
32235618
32242388
32247266
32248331
32249508
32249762
32256772
32258036
32263430
32265733
32271401
32271407
32276877
32278830
32279160
32284824
32287299
32290085
32295616
32298781
32306945
32308389
32313003
32313200
32315711
32315736
32319197
32319621
32321579
32323821
32324278
32332704
32336589
32339712
32341638
32341895
32359386
32360505
32373192
32375174
32377874
32381754
32388789
32392916
32394143
32395520
32396508
32398124
32404018
32416221
32416224
32420902
32432314
32433276
32435909
32438772
32439403
32440501
32441256
32442041
32445705
32455113
32466159
32470596
32470597
32474743
32474881
32476071
32478188
32486506
32486519
32488683
32490376
32492888
32495857
32497450
32510505
32515588
32519886
32521454
32532183
32534115
32542100
32546009
32548322
32556726
32558123
32560815
32565872
32566090
32570114
32576047
32582961
32592208
32602381
32603538
32605161
32606898
32608995
32611834
32614635
32619649
32620866
32622201
32622872
32626995
32627602
32628132
32634159
32634440
32635404
32637750
32640182
32641147
32647691
32650828
32654176
32665406
32693125
32695803
32696209
32697398
32702358
32703413
32705795
32706193
32713662
32714401
32716572
32724821
32728288
32732957
32737772
32738890
32745911
32747242
32747445
32750029
32759913
32761684
32762553
32764880
32765610
32765755
32768958
32776432
32778777
32790946
32794641
32795379
32801641
32812575
32814390
32832965
32839804
32840387
32848727
32855675
32855725
32856377
32858593
32859470
32860098
32866644
32870006
32871523
32877976
32878462
32878463
32884953
32888652
32901645
32912277
32914937
32917285
32925869
32931933
32934295
32940053
32940181
32949662
32950705
32952950
32963278
32964944
32981415
32985762
32991618
32993662
32997532
32997535
33026410
33028117
33031875
33036283
33039343
33042472
33043625
33049960
33050005
33053109
33054557
33057779
33060735
33062701
33066270
33080315
33093903
33099538
33103838
33111549
33112509
33127964
33137380
33140920
33144571
33144900
33146410
33149551
33161100
33183210
33185724
33187014
33190006
33192200
33197425
33203108
33203975
33224431
33227396
33228708
33233504
33233966
33238379
33239909
33241814
33242601
33243424
33247195
33247959
33259777
33274763
33289541
33289706
33291715
33291821
33295680
33297333
33300062
33310311
33311755
33312358
33313232
33313256
33316267
33321982
33326341
33326693
33327733
33338640
33345901
33347967
33350519
33350983
33356503
33359610
33361528
33364061
33371279
33372388
33374730
33375366
33377585
33382789
33383288
33387118
33388431
33399476
33399485
33400367
33401221
33404840
33407721
33412895
33413649
33416120
33417067
33417956
33421527
33421600
33422700
33423862
33424243
33433641
33434210
33434630
33435104
33437632
33441836
33446277
33448311
33450132
33455260
33456343
33459997
33461534
33468174
33469353
33477357
33479807
33482192
33482616
33485983
33490841
33491257
33497593
33498966
33511556
33527023
33531920
33532039
33537813
33539913
33553822
33553826
33556400
33563269
33567949
33570460
33573387
33574696
33576470
33577958
33580538
33584299
33586778
33588127
33588606
33603831
33627637
33634095
33636171
33646053
33650224
33651836
33652170
33657761
33658936
33663609
33672354
33673583
33683776
33684536
33691628
33704322
33708876
33719441
33725224
33726807
33727429
33727849
33737098
33738239
33739851
33744392
33748207
33750441
33750486
33752715
33757858
33759195
33766356
33769459
33772768
33774357
33775807
33776996
33780905
33786819
33793684
33799537
33799588
33806315
33808727
33814979
33817283
33821497
33829057
33830541
33833406
33833854
33835672
33841009
33841653
33846783
33850554
33850710
33850953
33853645
33859494
33860572
33869900
33872738
33881378
33881683
33892137
33893944
33910401
33912721
33913543
33915069
33915333
33916108
33927614
33927631
33935789
33937236
33937412
33939302
33939310
33942537
33945396
33946919
33953685
33957357
33958682
33977183
33989507
33995052
33995548
34002829
34006826
34015366
34015701
34016181
34017409
34020031
34023528
34031844
34032607
34037306
34040358
34050807
34052737
34055194
34063749
34071594
34074301
34090897
34094861
34102226
34102487
34103964
34108432
34116187
34117571
34122080
34126199
34134780
34136155
34139256
34147072
34149433
34152615
34158084
34159843
34162150
34165157
34167449
34167632
34171516
34185967
34191353
34195707
34199631
34209006
34213976
34214783
34217311
34221446
34222263
34222340
34224496
34237707
34242803
34245949
34248008
34250725
34254815
34266679
34270585
34275162
34279516
34282229
34285153
34290513
34295174
34298911
34315312
34321048
34322020
34327200
34336354
34341460
34354409
34362134
34371251
34385915
34387414
34392653
34396019
34409742
34413269
34417329
34417523
34426599
34438368
34446107
34448527
34450401
34452236
34454425
34455406
34457118
34466029
34466385
34466714
34466747
34468900
34474599
34486477
34488597
34490639
34491054
34494933
34500490
34511883
34512868
34515572
34521030
34522804
34528494
34529586
34535669
34536814
34539013
34539417
34539843
34542842
34544313
34546477
34548858
34549304
34551684
34552480
34553673
34554160
34554354
34567597
34572070
34572301
34575945
34578024
34581513
34603050
34603477
34605731
34607107
34608279
34612533
34626798
34626937
34628351
34629040
34638520
34645468
34646331
34656826
34665836
34671794
34673134
34680516
34681754
34684325
34685839
34687817
34697729
34702302
34704713
34715362
34716969
34717689
34719360
34721961
34736242
34738623
34739982
34759325
34760015
34764819
34765608
34772597
34774790
34775836
34777686
34779501
34783063
34783292
34787893
34791735
34795843
34795875
34798298
34803392
34813965
34822412
34826631
34834085
34845965
34847824
34847835
34848799
34853968
34855094
34855756
34856202
34858186
34859319
34859624
34867025
34869311
34876884
34885759
34886755
34891002
34893461
34893958
34894103
34901559
34916941
34920307
34925524
34926690
34930351
34931844
34939390
34941874
34942464
34948080
34953035
34954133
34956209
34956224
34958937
34963343
34964303
34970140
34976968
34980076
34981817
34986843
34994274
34994469
35001833
35002698
35003293
35003796
35003798
35007233
35008719
35017058
35018959
35026522
35030816
35031867
35032407
35035830
35043648
35046053
35046719
35047645
35048626
35053363
35056734
35057811
35070139
35075624
35086536
35088942
35092863
35093450
35094658
35101368
35114343
35115824
35118490
35118894
35120538
35126711
35128295
35129065
35129942
35139424
35147250
35148687
35151829
35155962
35164837
35165510
35165902
35172438
35175176
35175482
35177103
35179619
35179989
35180001
35181731
35182823
35183192
35184279
35185905
35186100
35188017
35188225
35191807
35191811
35202986
35207465
35209238
35213812
35218985
35223983
35226093
35227974
35235416
35235465
35240891
35242868
35246217
35253089
35255737
35256585
35256711
35259418
35281931
35284738
35285977
35289131
35297314
35300071
35305656
35306352
35309149
35311424
35312120
35318234
35318491
35320827
35322732
35326137
35330945
35337368
35348136
35353555
35354886
35356271
35362116
35363484
35365233
35378300
35378415
35382556
35385163
35387326
35390446
35400478
35404511
35405347
35405969
35406100
35409085
35410202
35420503
35421437
35433786
35436417
35438034
35447200
35457176
35461155
35466627
35466632
35472612
35473339
35488245
35488739
35496642
35509713
35512418
35513247
35517009
35526013
35549743
35550528
35573148
35573252
35576828
35580540
35581507
35585042
35585627
35586367
35588172
35588576
35588619
35600853
35614438
35615665
35618240
35640164
35643339
35657996
35660867
35662715
35668932
35685668
35687708
35697129
35710352
35720033
35722355
35725167
35725994
35726138
35726537
35726637
35730575
35731315
35732230
35734099
35740105
35747360
35749420
35757507
35764040
35765090
35768581
35775127
35779774
35784155
35787089
35797941
35801691
35802196
35806272
35807786
35815270
35815581
35818191
35818257
35818290
35834942
35836795
35837029
35837034
35837136
35842709
35842727
35843479
35843877
35847580
35848848
35863592
35865531
35866033
35866183
35866931
35868770
35873632
35876037
35878435
35883610
35887046
35894841
35900969
35902802
35903181
35910349
35910845
35917632
35923173
35932105
35933783
35935815
35937624
35943688
35953031
35956346
35958905
35961266
35962465
35962723
35964457
35965964
35966099
35966730
35968240
35978504
35992559
35994920
36000146
36001206
36012474
36017131
36030058
36034791
36041665
36046946
36052873
36056701
36056857
36058911
36059019
36064070
36064420
36065971
36066338
36077161
36078172
36081528
36084724
36093744
36097281
36102306
36105068
36114576
36117499
36120586
36127685
36133743
36138477
36145533
36145560
36158318
36167718
36173680
36178080
36187764
36196448
36201235
36202189
36203618
36206595
36212013
36224488
36224572
36229661
36231135
36235621
36238561
36241136
36241137
36252481
36262297
36267713
36270478
36271317
36272490
36274486
36276424
36277163
36282841
36306560
36310024
36310623
36311191
36312551
36318110
36318796
36321414
36331571
36334016
36342311
36344944
36345305
36346829
36348189
36354073
36355304
36357568
36357655
36358921
36359341
36364138
36367487
36369759
36370754
36377077
36378992
36384557
36386227
36386489
36387933
36396777
36400827
36401840
36403512
36409758
36413378
36414226
36414669
36424837
36427113
36428240
36435414
36437587
36439631
36439689
36439850
36440749
36451121
36458900
36459007
36461366
36466156
36473007
36473675
36474679
36474684
36474887
36480128
36500713
36506533
36508695
36508923
36510338
36512848
36514784
36515017
36516695
36523183
36523496
36527845
36527878
36536500
36538851
36545287
36552524
36552791
36552848
36561044
36561496
36562983
36565467
36578323
36582221
36584762
36584922
36589821
36592973
36596433
36603515
36628407
36630614
36634591
36635774
36645043
36650622
36657317
36681186
36685080
36693558
36694467
36700279
36701776
36719872
36721094
36722313
36731815
36737044
36738173
36748885
36752698
36757520
36760992
36769097
36788469
36793188
36794279
36803799
36804438
36804901
36806301
36809635
36809823
36815042
36828166
36828196
36834951
36835852
36839155
36845968
36862227
36864518
36871986
36875052
36880168
36881321
36893673
36895628
36902256
36921676
36924682
36925039
36925544
36931029
36931471
36933487
36933489
36935520
36941805
36942811
36947594
36948080
36959556
36959767
36959872
36984837
36986147
36986590
36989423
37019002
37020714
37021049
37021209
37021698
37024468
37030192
37031825
37035017
37036864
37044038
37044295
37050907
37055831
37058811
37062041
37066028
37069673
37072059
37079558
37079955
37081089
37086007
37087677
37087680
37087870
37091797
37104199
37108239
37111757
37118669
37121542
37123896
37128287
37131836
37132309
37132371
37149084
37149963
37150265
37151687
37153081
37156309
37156857
37168259
37169474
37169906
37172359
37182095
37182456
37184045
37195554
37209629
37220632
37224433
37226203
37237380
37240401
37242647
37245297
37249294
37249374
37249758
37257556
37257711
37259405
37262955
37272023
37293378
37293534
37295026
37295627
37295640
37308383
37310645
37311826
37318254
37319312
37321426
37337188
37345716
37348266
37351173
37352198
37353141
37354697
37361231
37380363
37386638
37390363
37399606
37400744
37400752
37403239
37414224
37418791
37422468
37423522
37439514
37445948
37450265
37454204
37457883
37458470
37476067
37485568
37491820
37492542
37501011
37508874
37511425
37516370
37517294
37520829
37524209
37526734
37527970
37534667
37544583
37545537
37553918
37560208
37560235
37560389
37560412
37561757
37562758
37566306
37573656
37579836
37585914
37620972
37627540
37630779
37631386
37632225
37634474
37635149
37635810
37647773
37655800
37657261
37659033
37662752
37663478
37664703
37674829
37679780
37679986
37683603
37686220
37686412
37686806
37688977
37690040
37691099
37691117
37691947
37697034
37718444
37723593
37725260
37727896
37729727
37731080
37731960
37735385
37736726
37741491
37741535
37744252
37748407
37749650
37749722
37750171
37750185
37751010
37752608
37762574
37769389
37770671
37782061
37782985
37788390
37795890
37799879
37803031
37814350
37820423
37831115
37832237
37836657
37837194
37839112
37842260
37847690
37855351
37856220
37867024
37867223
37872706
37873552
37878123
37879949
37881649
37888448
37892013
37907921
37915330
37919852
37921641
37932746
37935794
37941009
37943572
37951197
37952573
37958526
37958960
37959383
37962287
37971469
37975685
37977262
37978830
37983852
37988908
37992540
37993861
37994991
38001135
38002386
38002439
38003530
38004429
38007064
38012335
38015926
38017556
38021454
38024839
38032278
38035977
38037367
38046403
38046818
38047481
38053342
38055770
38059300
38060174
38063098
38064612
38070024
38070246
38070625
38070808
38071492
38072028
38091638
38095638
38100656
38102700
38105181
38105759
38106771
38129488
38132929
38137944
38142643
38146807
38153253
38153629
38158473
38159166
38161708
38164685
38165554
38166086
38171734
38173197
38173866
38174366
38180634
38183909
38185787
38187306
38190096
38194722
38195597
38200400
38203768
38206579
38211480
38213081
38217024
38218010
38218854
38226224
38235309
38245251
38251222
38260097
38261743
38262147
38262159
38266311
38266947
38269355
38273750
38274127
38278314
38284553
38284729
38291253
38298665
38305028
38308345
38309391
38309612
38315262
38316633
38317317
38324802
38328576
38331303
38338992
38339087
38346377
38346525
38347683
38348943
38353544
38363424
38368533
38371277
38371711
38372204
38375280
38378085
38381849
38384986
38387697
38394066
38397516
38402426
38403153
38408417
38410126
38410163
38412715
38414449
38415250
38421984
38429394
38429848
38430015
38434027
38440110
38447334
38455098
38457498
38468339
38472616
38473759
38476622
38479156
38490726
38492655
38493143
38500321
38501739
38505310
38509602
38513723
38520084
38520211
38525128
38528611
38530304
38542132
38542192
38545904
38555936
38556837
38565085
38570055
38570439
38571919
38573451
38576477
38581801
38582335
38582868
38586591
38589505
38593124
38593402
38601200
38604407
38606875
38607209
38608288
38608474
38612839
38613068
38621329
38636375
38639180
38641989
38642183
38642879
38649157
38655014
38661437
38669084
38677194
38686488
38690715
38694911
38695125
38696450
38697463
38699012
38704731
38714267
38718039
38718891
38719877
38720613
38723559
38724958
38725009
38727800
38733647
38734758
38746339
38749179
38749277
38754271
38759289
38759937
38765877
38766865
38770333
38774694
38775854
38779982
38781739
38783531
38785157
38785813
38786602
38787325
38790015
38794200
38803575
38808885
38813293
38815684
38817242
38818117
38820587
38828010
38828289
38831839
38832987
38846937
38850105
38851098
38855061
38856914
38857679
38858695
38859891
38860757
38863821
38873703
38875997
38877424
38879481
38880910
38892229
38904008
38904872
38908089
38908346
38913985
38923690
38928434
38931240
38935462
38943867
38945463
38946809
38950695
38952995
38953843
38953964
38955308
38964626
38965674
38971106
38971448
38973989
38974667
38979128
38981403
38982914
38990042
38992995
38996984
38997070
38997785
38999769
39000568
39010104
39013222
39029227
39037353
39037882
39038323
39040490
39041921
39050151
39054713
39057748
39059718
39059951
39063107
39063583
39064807
39070125
39073018
39074044
39080620
39081871
39085510
39086559
39091625
39092772
39096531
39098466
39098741
39100139
39100446
39101668
39101942
39106443
39107784
39110784
39111145
39114694
39116493
39123292
39125316
39126207
39126832
39129231
39135391
39141224
39143938
39148121
39150826
39153568
39154821
39155588
39155743
39156795
39157315
39157588
39159149
39159625
39160590
39161657
39170379
39170555
39173791
39175086
39175261
39175874
39179013
39180420
39182267
39182667
39188645
39191028
39193636
39193778
39194747
39202725
39210303
39220883
39229534
39233208
39234669
39236462
39237298
39246659
39257895
39259800
39260675
39264083
39273553
39288548
39288622
39289387
39293567
39299629
39299793
39307511
39309636
39311500
39314229
39318308
39319855
39321429
39324962
39326812
39328516
39330495
39334434
39335519
39335538
39341323
39346617
39346968
39347017
39349832
39357597
39360651
39360672
39362426
39362609
39363784
39373905
39378655
39385586
39388709
39393561
39399379
39404298
39405610
39408977
39416266
39416781
39419101
39420681
39423944
39427239
39427700
39427765
39428562
39430457
39433265
39434162
39434351
39434543
39456041
39458910
39461237
39465252
39466034
39468197
39469810
39479600
39480787
39484792
39486930
39487527
39489354
39491137
39498503
39503537
39509948
39519121
39528346
39530062
39531197
39532163
39536539
39547017
39553645
39556329
39557105
39567862
39572483
39576936
39582925
39590787
39593826
39596549
39599668
39600854
39605645
39608176
39608270
39609755
39611391
39615867
39616510
39617089
39617701
39622788
39633532
39634288
39640869
39648484
39649418
39656450
39659121
39660528
39662502
39662515
39664129
39665739
39674232
39675196
39677117
39679472
39694359
39696562
39700642
39701217
39701459
39703816
39704001
39704612
39710977
39713912
39717525
39719453
39730095
39733138
39736635
39738316
39742533
39744759
39745919
39746407
39746902
39747466
39747501
39748384
39753295
39754163
39756162
39756165
39756167
39764995
39769155
39771038
39771498
39775461
39776127
39778769
39779817
39779910
39786670
39792653
39794380
39800942
39816851
39817152
39818713
39832630
39833570
39835491
39845144
39848926
39851120
39855042
39856265
39859238
39861479
39862703
39874109
39875323
39895981
39898539
39898820
39902346
39903897
39904054
39906135
39908269
39910414
39910626
39920811
39922237
39933417
39934774
39935926
39938633
39940649
39960544
39964671
39964979
39967931
39969745
39978572
39978671
39979891
39979971
39987077
39988892
39994161
40004191
40016746
40016915
40028904
40032006
40033885
40045149
40045368
40050536
40051125
40057017
40060537
40073326
40081740
40084685
40085067
40086109
40088137
40089639
40090181
40090449
40093317
40101879
40102965
40103454
40110405
40113833
40114320
40119526
40125663
40129684
40132714
40139644
40143111
40159624
40161479
40168275
40179650
40184436
40184476
40192172
40195704
40197110
40197728
40204040
40209497
40221068
40224650
40226396
40226424
40229323
40232653
40235431
40243277
40247403
40247654
40252578
40252739
40258527
40259333
40264489
40264984
40278049
40289171
40296351
40306447
40307686
40308761
40308884
40313864
40318827
40319222
40319261
40322041
40323359
40327988
40329628
40331087
40336188
40337549
40337969
40343288
40345271
40345599
40346121
40346614
40347883
40349899
40352296
40354857
40357339
40358029
40358119
40358971
40360133
40375324
40378435
40381663
40386186
40390302
40391077
40391633
40393100
40394792
40396977
40397274
40398309
40401730
40403938
40409109
40409582
40412692
40417960
40421263
40422917
40426246
40432289
40433805
40435578
40439737
40444021
40445329
40446518
40449082
40450237
40450276
40453922
40459518
40468162
40473927
40481727
40483498
40487804
40490830
40495490
40500381
40501372
40509144
40517554
40517919
40518852
40519654
40522441
40527036
40528928
40538164
40538640
40542398
40546656
40559431
40560785
40561002
40570942
40571028
40583170
40591838
40595272
40599407
40607117
40609733
40613647
40616212
40616299
40620422
40623609
40629418
40629453
40633208
40640893
40641285
40645096
40645615
40646726
40647239
40651728
40653275
40657039
40665304
40666263
40669206
40671422
40673558
40682253
40683210
40683544
40683652
40689378
40693494
40695377
40702216
40703353
40703976
40722616
40722985
40727099
40731199
40733772
40735537
40745673
40765307
40771897
40778537
40786277
40797087
40798917
40799005
40799253
40799989
40800728
40801640
40801965
40803200
40809545
40809890
40812218
40817461
40817785
40819752
40824374
40825027
40838484
40848982
40852312
40857963
40860425
40860881
40860947
40861871
40862061
40866649
40869019
40870506
40875131
40878889
40879923
40880649
40882551
40885358
40896957
40898269
40899317
40903824
40904253
40905655
40907875
40914424
40916734
40918953
40919498
40919662
40951466
40952961
40958892
40960306
40963906
40965462
40966781
40969950
40970092
40970337
40979831
40980538
40981707
40982419
40997647
41004953
41005058
41009383
41017094
41017373
41022236
41023508
41027248
41033242
41038144
41042750
41043411
41045618
41052691
41053923
41075743
41080152
41080725
41090182
41090796
41098406
41099471
41103437
41105472
41106457
41110175
41110823
41111150
41113215
41114383
41122625
41123079
41123278
41123324
41127857
41131951
41146650
41154575
41155891
41159712
41159934
41160975
41163114
41166906
41170378
41173085
41175920
41180217
41183591
41184228
41190713
41192306
41194174
41194652
41200378
1132180
2027128
2048269
2189416
2546498
2777750
3190784
3607376
3625661
3625666
3717875
3730734
4121831
4422697
4528664
4830068
4830069
4830070
4830071
4830072
4853501
5258759
5326438
5568280
6572879
6589804
6625706
7014063
7051751
7394058
7531388
7670936
7752118
7860751
8340829
8456639
8670336
8702386
8702441
8703444
8892223
8948258
9066141
9258736
9263156
9322215
9332376
9361918
9364409
9365097
9365098
9500621
9536287
9536826
9556743
9588741
9616436
9620168
9778217
9798441
9803153
9807788
9838963
9852107
9972127
10098694
10100939
10367688
10419783
10489319
10509237
10548534
10610693
10685793
10772242
10831811
10965563
10966844
11163323
11178944
11237664
11247873
11300741
11334975
11396791
11407790
11461663
11467893
11467897
11518285
11520172
11520173
11550674
11550681
11680690
11852233
11936193
11950254
11953974
12027543
12078873
12199365
12359161
12359163
12359165
12440790
12440939
12479387
12623290
12635787
12744937
12753861
12801480
12801481
12801486
12833588
12932714
12972491
14521296
14629960
14629962
14746398
14748051
14977440
15077304
15094137
15124255
15188359
15292256
15353354
15381164
15564062
15607881
15641085
15642141
15692987
15777671
15882563
15908235
15922182
15951202
15975834
15987525
16023006
16117605
16168680
16188466
16288971
16397735
16478668
16626979
16679035
16689221
16696325
16720098
16802354
16820306
16843689
16869019
16912411
17002576
17010648
17063260
17187753
17197090
17207905
17208467
17216471
17261541
17295437
17303445
17357498
17368052
17427142
17448702
17477816
17513137
17583780
17594076
17659886
17708519
17804262
17868097
17896352
17900796
17907190
17945515
17968943
17991220
18038435
18056039
18175032
18182205
18227229
18227807
18240212
18276170
18282772
18287210
18328808
18383360
18406634
18439846
18472285
18524637
18632849
18720406
18759309
18760638
18821676
18838280
18849174
18975039
19054299
19103502
19110715
19118849
19121588
19132782
19157913
19205043
19273027
19296087
19323466
19328881
19335556
19371268
19381811
19409292
19447213
19658157
19714645
19781951
19824607
19825496
19864150
20058262
20108346
20110528
20175971
20190401
20202487
20349328
20462435
20472084
20487004
20511611
20535432
20604941
20630114
20633670
20650328
20692355
20709180
20797443
20808236
20825639
20864020
20889985
20940008
20944430
20950698
20950722
20967391
21185649
21243971
21251992
21282215
21366913
21397032
21471660
21482542
21516362
21536437
21543006
21627528
21679094
21723952
21724248
21769848
21787135
21841214
21858617
21874326
21945742
22066827
22128105
22160883
22173309
22179678
22197886
22250717
22469851
22571929
22579917
22678997
22704650
22846714
22849584
22890186
22908007
23027577
23064555
23069855
23324784
23353670
23483596
23527881
23543200
23547214
23680879
23798647
23857883
23915264
23943628
23994836
24036379
24041966
24096032
24109645
24119051
24122676
24225059
24237933
24280245
24286344
24302463
24375991
24383533
24472412
24474687
24474754
24635637
24669849
24671386
24721459
24795274
24837189
24860700
24963402
24976081
25068220
25099484
25100170
25219641
25247198
25267432
25346893
25410523
25503611
25515248
25534363
25541309
25588586
25629889
25656460
25680651
25683149
25869133
25885368
25890366
25893393
25903377
25939612
26000299
26028138
26033165
26033166
26134453
26201748
26296921
26350038
26379827
26401159
26409512
26496668
26505891
26516689
26521750
26605536
26636289
26637428
26647105
26687823
26713680
26720513
26792705
26807491
26828357
26866935
26868380
26878059
26905565
26963090
27240953
27285121
27340791
27391810
27400672
27465877
27574898
27624724
27642127
27768832
27820852
28012003
28117674
28129516
28153003
28237185
28388908
28421969
28492349
28532603
28542897
28544002
28564689
28670109
28671352
28798097
28810995
28823647
28829233
28831668
28877431
28886084
28914956
28956662
29020659
29044705
29100801
29105354
29131268
29198047
29226725
29227045
29284451
29352619
29387635
29437147
29534084
29534535
29565642
29605083
29663644
29757957
29783732
29852167
29891965
29894913
29905361
29925634
29986604
30022370
30061065
30075007
30088034
30251031
30288634
30317108
30396488
30416646
30462647
30474763
30474872
30498731
30511903
30561041
30579353
30583576
30600473
30624015
30628591
30692826
30717402
30744620
30797145
30822327
30825594
30954915
30977553
30982336
30993486
31002692
31088681
31115925
31125133
31196172
31213610
31233890
31268737
31280053
31353084
31362738
31472053
31480031
31513919
31661326
31730120
31785390
31806974
31827742
31861690
31916546
31985604
32005844
32030828
32034262
32107493
32123154
32132930
32146150
32181981
32249508
32285971
32321631
32331555
32334715
32353689
32497388
32542333
32591239
32600700
32629162
32749853
32824575
32919575
32924290
32924528
32955387
32959133
32982218
32992283
33053220
33079604
33103838
33192568
33325039
33411938
33494617
33534613
33629239
33668140
33734514
33757298
33758095
33799537
33891624
33910538
33968164
34022466
34082132
34085927
34103584
34207917
34238028
34242236
34242997
34437631
34493119
34537673
34581513
34605665
34620223
34641845
34649596
34650827
34658021
34672227
34706537
34724347
34728427
34792214
35058478
35070686
35107353
35112595
35171527
35184911
35289232
35297694
35421700
35644462
35675298
35722806
35724853
35730119
35779773
35803488
35840018
35938491
36030059
36030381
36037705
36053429
36113725
36122497
36133821
36168980
36169308
36182100
36229661
36259633
36299602
36300544
36342311
36446911
36449506
36453529
36481450
36484319
36503422
36542910
36555507
36562983
36578046
36662701
36696941
36866819
36915787
36943891
37134114
37182454
37242647
37255448
37406483
37493273
37509451
37550401
37634465
37683603
37689763
37742942
37759816
37939310
38032446
38044413
38049518
38262159
38309412
38396667
38414083
38422741
38460961
38477444
38600329
38685793
38782253
38856671
38891860
38911554
38935473
38948372
38959010
39049016
39145819
39168422
39214071
39337510
39402141
39522937
39547683
39656450
39786670
39859204
39859238
39877352
40097127
40192639
40215904
40279225
40330124
40362332
40380984
40417960
40451465
40576853
40620809
40682489
40873115
40887495
41053921
41090753
41096604
166095
172532
173816
181024
216227
239424
324481
380514
401258
420707
425824
425826
477081
564192
582870
596139
608292
696272
758919
868495
880770
938890
941794
976816
981706
985639
988953
998193
1080067
1123393
1124956
1132180
1163951
1401080
1406451
1426052
1428305
1441931
1447320
1455459
1532481
1540032
1576427
1586241
1588803
1592211
1593922
1659645
1665294
1665295
1670072
1723575
1727936
1747946
1771397
1851228
1918955
1932367
1947669
1949913
1949917
2000502
2003855
2010837
2023213
2025305
2027137
2027138
2069926
2100375
2104218
2150740
2176623
2208864
2225634
2246557
2305220
2317121
2338498
2355297
2422209
2427091
2430748
2452552
2507757
2508305
2529859
2579224
2596380
2735969
2751098
2778766
2828615
2829908
2987465
3007526
3038223
3040324
3083854
3097286
3102376
3114487
3147827
3148407
3161266
3233039
3238356
3305935
3317796
3338218
3348826
3368750
3372097
3484623
3492984
3497901
3522898
3536251
3553761
3566827
3581578
3598999
3608308
3625362
3625661
3625662
3625665
3625671
3665251
3688008
3701731
3708985
3709915
3735271
3769240
3780104
3788502
3894795
3941138
4001876
4004971
4066725
4096319
4096320
4096321
4101094
4104147
4121831
4130143
4133061
4133718
4168366
4188339
4224976
4260317
4302621
4329632
4349712
4413380
4480417
4562192
4589104
4693868
4708019
4710840
4736768
4804991
4806072
4864284
4991677
4997575
5002457
5047791
5047793
5121721
5319436
5326438
5360889
5425638
5427954
5433599
5452318
5464072
5507896
5562380
5575973
5578227
5721108
5723015
5770582
5820782
6083987
6154558
6191591
6238825
6242443
6242460
6245866
6271450
6436458
6439003
6524981
6547540
6592754
6603852
6623010
6632992
6638904
6639696
6658397
6663591
6688183
6688529
6701529
6846012
6859071
6931885
7014063
7058292
7064668
7066180
7072836
7082741
7084274
7086778
7090758
7097689
7105551
7108320
7116952
7136561
7140079
7211310
7217169
7226619
7295003
7295332
7332379
7340843
7354466
7371310
7449224
7449226
7455620
7458431
7468218
7488982
7529315
7531256
7575726
7586003
7604535
7634643
7677594
7699637
7722724
7748223
7772639
7791127
7818555
7848310
7850677
7853094
7863819
8048323
8053958
8118900
8118990
8119031
8129797
8166906
8207585
8229383
8230023
8240430
8273555
8336311
8403540
8410449
8410881
8436117
8472426
8472427
8503095
8504610
8544020
8548356
8581744
8583053
8596153
8630101
8648258
8670336
8748521
8748533
8765389
8806111
8806112
8866331
8893759
8895216
8921246
8991991
9068283
9117169
9135825
9167621
9181480
9189739
9195525
9228535
9255109
9271160
9297550
9397262
9404468
9404470
9404472
9408281
9420595
9480869
9496714
9497941
9497942
9500621
9510855
9512498
9514210
9519795
9551411
9556743
9570218
9581258
9616433
9616434
9616439
9632335
9663485
9678053
9682784
9692069
9733465
9743813
9779827
9786430
9802549
9852107
9858423
9876398
9972974
10025914
10090178
10197169
10222217
10233854
10329329
10334506
10342332
10343773
10367020
10367688
10374025
10412452
10415782
10419781
10443472
10452831
10489323
10503932
10521613
10524683
10544844
10544954
10557197
10558852
10607499
10623638
10632453
10648013
10661385
10689873
10724258
10738690
10792965
10806047
10861084
10867027
10871041
10899715
10914857
10936503
10966841
10966842
10984135
11003576
11069731
11083281
11086095
11127660
11160347
11178948
11178949
11192249
11211982
11237666
11243562
11288094
11292039
11300742
11300744
11300748
11300749
11314520
11317676
11325536
11334975
11341433
11355886
11398850
11398866
11399099
11399103
11406617
11415608
11415729
11453476
11461663
11465142
11467895
11495195
11508433
11520169
11531396
11548222
11550710
11550715
11557363
11562124
11603728
11678296
11680673
11680676
11680688
11680691
11732032
11780722
11791641
11795986
11823537
11824951
11859385
11869070
11869073
11869078
11869082
11869084
11876277
11900196
12002826
12006318
12012032
12038628
12056850
12082287
12112417
12164342
12172719
12175098
12322970
12369789
12400399
12426543
12426659
12483727
12486471
12505486
12505488
12554127
12581388
12604692
12623287
12623289
12640890
12649027
12658748
12703656
12704696
12724680
12738249
12752202
12773042
12794826
12796883
12847686
12919881
12932294
12932295
12939359
12939762
12954234
12972479
13129695
13773897
13918543
14521295
14609534
14629965
14646055
14652478
14698991
14722210
14758471
14972340
15020329
15045525
15064812
15183429
15219574
15229942
15249318
15262241
15262243
15270275
15280602
15299285
15304263
15325637
15334467
15380039
15449425
15449426
15449511
15449512
15450534
15466401
15472397
15501401
15501403
15501408
15523898
15541672
15544889
15564066
15564068
15603819
15608304
15636551
15641085
15642141
15676082
15694575
15694577
15694579
15703011
15727893
15727894
15751088
15758375
15758487
15764839
15765218
15780643
15780645
15788315
15818693
15882563
15882564
15883039
15883738
15913943
15935608
15967685
15973508
15993557
16022984
16023007
16034188
16036131
16056079
16099082
16099121
16105911
16122644
16153550
16154778
16165377
16169257
16258912
16286032
16286033
16307185
16344493
16385543
16413501
16427327
16463423
16470459
16480901
16483806
16485275
16500096
16504737
16514637
16516501
16526282
16563812
16567454
16581860
16607552
16639625
16644246
16716606
16721529
16736522
16740257
16765606
16819182
16829037
16861013
16869019
16895758
16919424
16934183
16949051
16965923
16979130
16995764
17008111
17033834
17072658
17082378
17098451
17121649
17143596
17157537
17158799
17174116
17174958
17185834
17187753
17207396
17257416
17267227
17376710
17379543
17401567
17408983
17409739
17413965
17416724
17434520
17469132
17469133
17537650
17564307
17576081
17599731
17612627
17623656
17629939
17686167
17763056
17763450
17806152
17826961
17889569
17907184
17924112
17977753
17983423
17986983
18032072
18065760
18078697
18162190
18164790
18182205
18196436
18201914
18202097
18226558
18227807
18246688
18251495
18253075
18289887
18308591
18324355
18358246
18378169
18440246
18524638
18536737
18546028
18571101
18573668
18597092
18601460
18635922
18655133
18664254
18672387
18699993
18757215
18760939
18786840
18817862
18822193
18826579
18836225
18836236
18922704
18924142
18941854
19056196
19064326
19089540
19100343
19128988
19136500
19139060
19152788
19226011
19242978
19249964
19293161
19357845
19379726
19427403
19447215
19473558
19499299
19577765
19589338
19615962
19619632
19621423
19622607
19644873
19655297
19656083
19716503
19725096
19796724
19877289
19877898
19933220
19937913
19941998
19995451
19997826
20001938
20010383
20046426
20089151
20148096
20225288
20237852
20354742
20390279
20399435
20399901
20407800
20420676
20434575
20436717
20488444
20495569
20522967
20591677
20633668
20633683
20678201
20683842
20686209
20733349
20851201
20861497
20863650
20863825
20864020
20872588
20886647
20886656
20951230
21035559
21044693
21055904
21056352
21063883
21067936
21075020
21089182
21104136
21127340
21141677
21144162
21152323
21188382
21258522
21284047
21287781
21305336
21325780
21327438
21334177
21343686
21350959
21397547
21415641
21437949
21445980
21462250
21471417
21567132
21571083
21624651
21633723
21658899
21674258
21674547
21697093
21750530
21750784
21792361
21808721
21820069
21843651
21853458
21881990
21885247
21889876
21895501
21911044
21914215
21963244
22018423
22071411
22071698
22081300
22081995
22102374
22119214
22142024
22167163
22179032
22184086
22215151
22288847
22298781
22314877
22330350
22333731
22337466
22344562
22353745
22392368
22405078
22429866
22435714
22438217
22462241
22466300
22474519
22484689
22490585
22495600
22507555
22528754
22528855
22581309
22611500
22636321
22645088
22668504
22709525
22737537
22739214
22750746
22759953
22763137
22763343
22765310
22771776
22781206
22809835
22818426
22818981
22821055
22825641
22827787
22846713
22865437
22877818
22882937
22903188
22917745
22935787
22947279
22967750
22971527
22976595
22977770
23025929
23074702
23085002
23154419
23160848
23183190
23194887
23247212
23257243
23267848
23312211
23335181
23339021
23353668
23353669
23360790
23389746
23423824
23433227
23461527
23519019
23521980
23523901
23523903
23533523
23550192
23564690
23574696
23603083
23611900
23634175
23646806
23680875
23701865
23728192
23792272
23843150
23843355
23846837
23916076
23927932
23973917
23983790
24007463
24016823
24071980
24084720
24108064
24111862
24185110
24195351
24237934
24239096
24361795
24375646
24384406
24392152
24465137
24481743
24526748
24586815
24613214
24632762
24655056
24662735
24697299
24703827
24720858
24729965
24742749
24748433
24749144
24750874
24766775
24769230
24792209
24797570
24810823
24819118
24837189
24853775
24890034
24909758
24916718
24965503
24974007
24977073
25001340
25008204
25009597
25009705
25065588
25081415
25087069
25106675
25120312
25123228
25125266
25151083
25153804
25187381
25192881
25219668
25230745
25278055
25283343
25287683
25350566
25356168
25377946
25381135
25385442
25398247
25398806
25435376
25438155
25445302
25450842
25463442
25471680
25479166
25496568
25523754
25541697
25569085
25573797
25592743
25608048
25666331
25712888
25725391
25736607
25754287
25776872
25815520
25818452
25820864
25824985
25835759
25846264
25884951
25889158
25889371
25932159
25934426
25957254
25967971
25986068
26023716
26028140
26033998
26045743
26069596
26069620
26069642
26079860
26108147
26117694
26135713
26135886
26147652
26159056
26194917
26228537
26229774
26239837
26247612
26256195
26275694
26321377
26336584
26336958
26369477
26395917
26396170
26403700
26485068
26535700
26538834
26550441
26560133
26573557
26576262
26585246
26589614
26600478
26617688
26622502
26703073
26704447
26706677
26771387
26806976
26808542
26838881
26844597
26850822
26851252
26864066
26871903
26872897
26873249
26884921
26898122
26898767
26902085
26915044
26936196
26937219
26945831
27003736
27017891
27022552
27039182
27052304
27060082
27063559
27069407
27086145
27109206
27114801
27129040
27142133
27173350
27178054
27266646
27279147
27301478
27321049
27430254
27454655
27475840
27485850
27543842
27640363
27650754
27662821
27686453
27698707
27706690
27709418
27737345
27743046
27756698
27756901
27789339
27793538
27825604
27845067
27876074
27904047
27908189
27908544
27909553
27925221
27994917
28025555
28066137
28097685
28102161
28133485
28278383
28280413
28284999
28297568
28303595
28318324
28325340
28339018
28362543
28420082
28504144
28508006
28520463
28542897
28554494
28587374
28599103
28619022
28647468
28662337
28688215
28715494
28730231
28757192
28810851
28815179
28890259
28892260
28923043
28951745
29017608
29056291
29093428
29104661
29108480
29150268
29171968
29191221
29201194
29205258
29205898
29233641
29257344
29263013
29285104
29291543
29357891
29359666
29393693
29438883
29477035
29493355
29522657
29523155
29524675
29534084
29534754
29543781
29549951
29556366
29557244
29581742
29604245
29637484
29656239
29682561
29684624
29694389
29725360
29781506
29789008
29794403
29845461
29861524
29878993
29892579
29901017
29923522
29944927
30033246
30035060
30046312
30055642
30069445
30093011
30093946
30104576
30110088
30210670
30220711
30258570
30261492
30275684
30280200
30378173
30415972
30429885
30430453
30464073
30480335
30486657
30507075
30519575
30519936
30542421
30592265
30596714
30603567
30603587
30606638
30609097
30626725
30644773
30651759
30656598
30671145
30705526
30783864
30795769
30820353
30841560
30858696
30871292
30885225
30923232
30970861
30977542
31010247
31044415
31051241
31062604
31095777
31128080
31131046
31134817
31146014
31146351
31150275
31168540
31183123
31207966
31256666
31287023
31298359
31304164
31312686
31316574
31355276
31369700
31374866
31384819
31389579
31419488
31466462
31474179
31475944
31492126
31500751
31511072
31520482
31521691
31542485
31553428
31554894
31565788
31578839
31587011
31629102
31681730
31682385
31695255
31711715
31726172
31740016
31764352
31799697
31814923
31819923
31838140
31840428
31844612
31875872
31888697
31918209
31988026
32003441
32060941
32070117
32099804
32112264
32129514
32129515
32138842
32186046
32201950
32216270
32235804
32281500
32294140
32308770
32348838
32351784
32394696
32426059
32433520
32435673
32435676
32556386
32561472
32590144
32706497
32713662
32747064
32763434
32764579
32765756
32774019
32802182
32824204
32824442
32841203
32843582
32925989
33014527
33076883
33102504
33217001
33224204
33224251
33240955
33254972
33270961
33356729
33382341
33392807
33398932
33407870
33424189
33426205
33432584
33437629
33455260
33463160
33464061
33464397
33466246
33469783
33526743
33533202
33580529
33580730
33593365
33594314
33621866
33628096
33652170
33691527
33706812
33708990
33737085
33774341
33782948
33812379
33818795
33829012
33843153
33857741
33874948
33914354
33927645
33933140
33969044
34049110
34061360
34078931
34144542
34145810
34181201
34201327
34206900
34335042
34335838
34336354
34340598
34355626
34421623
34421630
34422071
34509913
34515572
34528913
34533814
34582032
34590154
34610749
34626310
34666200
34666502
34670390
34706537
34721588
34736242
34749769
34751734
34786041
34802259
34848747
34848799
34861782
34863246
34876212
34886755
34905737
34932655
34939393
34960976
34981507
35012034
35017095
35020409
35023025
35028785
35032910
35057081
35095776
35179308
35218985
35219139
35228907
35259590
35289232
35305656
35344713
35416068
35427733
35457148
35469160
35488351
35529473
35539110
35551975
35578319
35610008
35611765
35623463
35681865
35702092
35711630
35802206
35810237
35900609
35910465
35931836
35932304
35942132
35962413
35972962
35981680
36004407
36036756
36045373
36054172
36072990
36089087
36093403
36100947
36122351
36188596
36230897
36318365
36337189
36342311
36381245
36396950
36400827
36435438
36436354
36437834
36444115
36465935
36475290
36562983
36573287
36605767
36647547
36755334
36769037
36805735
36806251
36810435
36830586
36863142
36891610
36892223
36895264
36896417
36919160
36933246
36939962
36942663
37005948
37036937
37065219
37065652
37082688
37143133
37229212
37237645
37256203
37326631
37403648
37425368
37435308
37454258
37477775
37482815
37528751
37533971
37589243
37638205
37660361
37677036
37683603
37685986
37694883
37701494
37708238
37762430
37797606
37802985
37822586
37841358
37859690
37867636
37874329
37930003
37937094
37984909
38031520
38058072
38078617
38156057
38164676
38192148
38206679
38283982
38363057
38384563
38415672
38430019
38466626
38490726
38496031
38504085
38509852
38525935
38527988
38548121
38554890
38583525
38602270
38639204
38657788
38767630
38811966
38822418
38849876
38877353
38900226
38924533
38928219
38978802
38988173
38996961
38997077
39004250
39035691
39037882
39075502
39076208
39092654
39109508
39135391
39168422
39178925
39195841
39232650
39255529
39282499
39291892
39294780
39314862
39330704
39379866
39396202
39416169
39430502
39539395
39567501
39576807
39586228
39595645
39615373
39653135
39659121
39662776
39667046
39702245
39717366
39738976
39763468
39790487
39802514
39810328
39833570
39850603
39854306
39864690
39894200
39911730
39916866
39960354
39978572
39982121
39990979
40058106
40060830
40083665
40097127
40107515
40112602
40122361
40123115
40184476
40206399
40222626
40241815
40261969
40275189
40331378
40348022
40388010
40410671
40417961
40427396
40428053
40462979
40541890
40561002
40604758
40614381
40623448
40639017
40683082
40694321
40708540
40797305
40810224
40812964
40820067
40828515
40844195
40859325
40967102
40993677
40997714
41016815
41019426
41024732
41053656
41063183
41068761
41074161
41078344
41096574
41199119
