PMID	PubDate
41264140	2025 Nov 20
41260166	2025 Nov 18
41259786	2025 Nov 14
41258726	2025 Nov 19
41258082	2025 Nov 18
41257852	2025 Nov 19
41256469	2025 Oct 1
41255240	2025 Nov 19
41254811	2025 Nov 18
41251406	2025 Nov 18
41245517	2025
41242538	2025 Nov 14
41236928	2025 Nov 13
41235679	2026 Jan
41234695	2025
41233759	2025 Nov 13
41215770	2025 Dec
41214429	2025 Nov 10
41213482	2025 Nov 8
41208816	2025 Dec
41207405	2025 Nov 7
41205853	2025 Nov 6
41201079	2025 Nov 7
41200799	2025 Nov 7
41198759	2025 Nov 6
41194652	2025 Nov
41190216	2025
41185633	2025 Oct
41178714	2025 Nov 3
41177139	2025 Oct 27
41176908	2025 Nov 1
41176002	2025 Oct 30
41173032	2025 Nov 1
41170910	2025 Nov 13
41163191	2025 Oct 29
41161589	2026 Jan
41155170	2025 Oct 10
41148155	2025 Nov 12
41146463	2025 Oct
41139459	2025 Oct 26
41135736	2025 Nov 15
41133454	2026 Jan
41130306	2025 Dec
41125571	2025 Oct 22
41117256	2025 Oct 21
41113931	2025
41111515	2025
41111484	2025 Dec
41108151	2025 Oct 18
41108129	2025 Oct 18
41106457	2025 Oct 15
41104872	2025 Dec
41103413	2025
41102146	2025 Oct 16
41102140	2025 Oct 16
41096895	2025 Oct 2
41093854	2025 Oct 15
41090154	2025 Oct
41089701	2025
41089260	2025
41088346	2025 Oct 14
41086902	2025 Oct 12
41082511	2025 Sep 23
41080734	2025 Dec
41079991	2025 Nov
41077348	2025 Oct 10
41077081	2025 Oct 10
41076582	2025 Nov 5
41076526	2025 Oct 11
41075743	2025 Nov
41075429	2025 Oct 5
41075115	2025 Oct 11
41072700	2025 Nov
41067282	2025 Dec
41067202	2025 Nov 25
41060973	2025
41051363	2025 Oct 6
41051362	2025 Oct 6
41047035	2025 Dec
41046448	2025 Oct 5
41043625	2025 Dec 16
41043411	2025 Nov 10
41041437	2025
41041044	2025
41040155	2025 Sep 27
41035432	2026 Jan
41031135	2025 Nov
41031019	2025 Sep 16
41028499	2025 Nov
41022004	2025 Sep 19
41020295	2025 Nov
41014769	2025 Dec 3
41013655	2025 Sep 26
41013182	2025 Sep 26
41006212	2025 Sep 26
41005083	2026 Feb
41001102	2025
41000702	2025 Sep 19
40999539	2025 Sep 25
40999516	2025 Sep 25
40997129	2025
40995851	2025 Sep
40995561	2025
40987460	2025 Sep 1
40976363	2025 Sep 19
40975506	2025 Dec
40974845	2025 Dec
40972737	2025 Dec
40970517	2025 Sep 19
40963906	2025
40948117	2025 Sep 15
40946991	2025 Sep 12
40946934	2026 Jan
40945544	2025 Sep 11
40932696	2025 Sep 8
40930457	2025 Sep 8
40930294	2026 Jan 30
40929885	2025 Nov
40924013	2025 Oct 24
40919882	2025 Sep
40919665	2025 Jan 21
40916823	2025 May 28
40915381	2025 Sep 5
40914549	2025 Sep 4
40913865	2025 Nov 14
40913785	2025 Jul 24
40907650	2025 Nov
40903824	2025 Sep
40902750	2025 Sep 1
40898256	2025 Sep 2
40896957	2025 Oct
40896869	2025 Aug 30
40896798	2025
40893665	2025 Aug
40892916	2025 Sep 9
40890747	2025 Sep 1
40889796	2025 Oct
40888101	2025 Sep 16
40887495	2025 Sep
40886326	2025 Nov
40885352	2025 Sep
40877980	2025 Aug 28
40869195	2025 Aug 15
40879013	2025 Oct
40875519	2025 Nov 3
40865711	2025 Nov
40862354	2025 Sep 10
40860660	2025
40860023	2025 Aug 20
40854507	2025 Dec
40847348	2025 Aug 22
40848981	2025 Nov
40848578	2025 Nov
40847478	2025 Aug 22
40843172	2025
40838523	2025 Aug 31
40829693	2025 Sep 25
40822351	2025 Aug 15
40821826	2025
40818538	2025 Nov
40818185	2025 Oct
40817785	2025 Aug 31
40817461	2025 Nov 1
40816940	2025 Oct
40813306	2025 Sep 8
40812964	2025 Sep
40797305	2025 Aug 12
40797087	2025 Aug 12
40790990	2025 Jul-Sep
40790756	2025 Aug 11
40787173	2025 Sep
40783334	2025 Aug 8
40782567	2025 Aug 5
40781794	2025 Aug 8
40781689	2025 Aug 8
40780140	2026 Feb
40779842	2025 Oct 30
40779147	2025 Oct
40779002	2025 Aug 8
40778537	2025 Aug
40776599	2025 Sep
40765832	2025
40760019	2025 Aug 4
40757971	2025 May 28
40755158	2025 Aug
40753437	2025 Aug 2
40749610	2025 Oct 10
40746264	2025 Aug
40744211	2025 Oct
40744145	2025 Oct 10
40743507	2025 Aug 12
40737429	2025 Jul 30
40736261	2025 Nov
40735514	2025 Sep
40733772	2025 Oct 15
40730513	2025 Jul 29
40728163	2025 Aug 6
40727996	2025 Sep
40721606	2025 Jul 28
40715937	2025 Jul 26
40717961	2025
40714468	2025 Oct 10
40714033	2025 Jul 15
40712009	2025 Jul 25
40710320	2025 Jul 11
40709559	2025 Oct
40702221	2025 Sep
40701030	2025 Sep-Oct
40699912	2025 Jul 31
40698077	2025
40695281	2025 Sep 18
40691970	2025 Oct
40686193	2025 Aug
40685060	2025 Nov
40684994	2025 Nov
40684207	2025 Jul 19
40682253	2025 Jul 31
40682232	2025
40681017	2025 Sep
40680126	2025 Jul 18
40678610	2025 Jul
40678261	2025 Sep
40677439	2025 Jun
40673894	2025 Jul 30
40671121	2025 Jul 16
40666997	2025 Jun 26
40664892	2025 Aug
40664639	2025 Jul 15
40654155	2025 Jul 14
40654154	2025 Jul 14
40651795	2025 Oct
40650059	2025 Jun 29
40646376	2025 Nov
40641371	2025 Dec
40638212	2025 Nov 1
40635000	2025 Jul 9
40634791	2025 Jul
40633452	2025 Oct
40628511	2025 Mar 28
40628108	2025 Nov
40624668	2025 Jul 7
40621694	2025 Jul 7
40620422	2025 Jun
40620356	2025 Sep
40618872	2025 Oct 15
40618799	2025 Aug
40618705	2025 Sep
40618631	2026 Jan 5
40618094	2025 Jul 5
40616212	2025 Jul
40616103	2025 Jul 5
40611524	2025 Aug
40611375	2025 Jul 16
40606845	2025 Jul
40605494	2025 Oct
40605150	2025 Aug
40604282	2025 Aug
40602581	2025 Aug
40595596	2025 Jul 1
40592720	2025 Jul 1
40592131	2025 Sep
40587399	2025 Jun 13
40585250	2025 Jun 9
40584820	2025 Sep
40583471	2025 Nov
40583463	2025 Sep
40583237	2025 Sep
40582653	2025 Aug
40582373	2025 Sep
40581888	2025 Jul
40579479	2025 Jul
40570942	2025 Aug
40569959	2025
40555911	2025 Jun 25
40553578	2025 Jun 24
40545529	2025 Jun 22
40545361	2025
40544666	2025 Sep 23
40544314	2025 Jun 21
40544000	2025 Aug
40543563	2025 Jun 19
40542398	2025 Jun 20
40541821	2025 Sep
40541454	2025 Jun 20
40540898	2025 Sep 23
40538163	2025 Jul 1
40534503	2025 Jul 1
40527441	2025 Oct
40522441	2025 Jul
40520017	2025
40517943	2025 Sep
40517915	2025 Jul 24
40506565	2025 Sep
40505483	2025 Aug
40502622	2025 Aug
40501760	2025 Jun 1
40501713	2025 May 27
40500748	2025 Jun 11
40496065	2025 May
40494201	2025 Aug 28
40490703	2025 Jun 9
40478933	2025 Jun 6
40476065	2025 May
40475787	2025
40474870	2025
40466654	2025 Jun 13
40463228	2025 May 13
40463116	2025 May 15
40463059	2025 May 13
40462979	2025 May 18
40461512	2025 Jun 3
40455747	2025
40448783	2025
40448769	2025
40448420	2025 May 31
40448062	2025 May 30
40447860	2025 Jun
40447254	2025 Sep
40445329	2025 Jun 10
40437758	2025 Sep 3
40437041	2025 May 28
40436126	2025 Jun 26
40435578	2025 Jul 25
40433051	2025
40431555	2025 May 12
40427396	2025 Apr 25
40425566	2025 May 27
40421143	2025 May
40420355	2025 May
40414473	2025 Sep
40410671	2025 May 23
40407177	2025 Aug
40403559	2025 Nov
40400312	2025 Jun
40399261	2025 May 22
40397763	2025 Jun 4
40395084	2025 Jul
40394653	2025 May 21
40391077	2025
40387631	2025 May
40386290	2025 Jun
40383351	2025 Aug
40381504	2025 Jul
40379798	2025 Aug
40379185	2025 Jun
40379111	2025 Aug
40375383	2025 Jun 10
40375346	2025 May 15
40374649	2025 May 15
40370470	2025
40369255	2025 May 14
40366222	2025 May 31
40360087	2025 Aug 1
40358029	2025 May 22
40357333	2025
40356240	2025 Nov
40355406	2025 May 12
40354861	2025 Jun
40349405	2025 Jun 17
40347883	2025 Jun 17
40346614	2025 May 9
40345612	2025 Aug
40345585	2025 Jun
40345271	2025 Jun 12
40342810	2025
40339773	2025 Sep
40339496	2025 Jun 5
40337550	2025 May
40332404	2025 Apr 17
40325465	2025 May 5
40324641	2025 Jul
40322041	2025 May
40321804	2025
40318827	2025 Nov
40318007	2025 May
40317692	2025 Jul
40316216	2025 Aug
40315404	2025 May 13
40308880	2025 Apr 26
40306348	2025 Aug
40304130	2025 Jul
40296351	2025 Apr 28
40290887	2025 Jun
40290123	2025 Jul
40288509	2025 Aug
40287984	2025 Apr
40286845	2025 Sep
40279436	2025 Apr 25
40277849	2025 Jul
40276767	2025 May 16
40273050	2025
40272163	2025 Jun 3
40264709	2025
40264591	2025
40259333	2025 Apr 21
40256789	2025 May
40254785	2025 Sep
40253827	2025 Jun
40253766	2025 May 27
40253033	2025 May
40250032	2025 Jul
40240774	2025 Apr 16
40237708	2025 Apr 16
40231159	2025 May
40229791	2025 Apr 15
40229323	2025 Apr 14
40229258	2025 Apr 14
40228703	2025 Jun
40225130	2025 Jun
40222272	2025 May 16
40222260	2025 Oct
40220945	2025 May 15
40220712	2025 Jun 15
40220130	2025 Jun
40215820	2025 Jun
40213675	2025
40213660	2025
40210178	2025 May 28
40207563	2025 May
40207030	2025 Jun
40206403	2025
40204189	2025 Jul
40197110	2025 Apr 7
40194607	2025 Jul
40192588	2025 Apr 7
40191465	2025 Mar
40190344	2025 Mar
40188009	2025 Jun
40186254	2025 Apr 5
40186216	2025 Apr 4
40179650	2025 Jun
40179178	2025 Apr 4
40178220	2025 Apr
40176311	2025 Sep
40174634	2025 Apr 10
40169556	2025 Apr 1
40169157	2025 Jun
40166328	2025 Aug 14
40166233	2025 Mar 17
40165083	2025 Mar 31
40163719	2025 Apr 8
40161844	2025 Mar 14
40160694	2025 Mar 26
40156068	2025 Mar 29
40155964	2025 Mar 29
40154729	2025 Aug
40150862	2025 May
40149899	2025 Mar 2
40148904	2025 Mar 27
40144306	2025
40143596	2025 Mar 31
40142050	2025 Mar 12
40139647	2025 Aug
40139646	2025 Jul
40139644	2025 Jun
40139394	2025 Jun 10
40138492	2025 Mar 26
40138455	2025 Mar 26
40136230	2025
40131994	2025
40129871	2025
40129610	2025 Mar
40123999	2025 Mar
40113744	2025 Mar 20
40110405	2025 Apr
40104642	2025 Apr
40102704	2025 Aug
40097410	2025 Mar 17
40096748	2025 Mar 26
40094857	2025 Mar 26
40093804	2025
40090277	2025 May
40087281	2025 Mar 14
40087276	2025 Mar 14
40082721	2025 Aug
40081708	2025 May
40080941	2025 Mar 15
40073810	2025 Apr 16
40072052	2025 Feb 20
40069162	2025 Mar 12
40060537	2025 Feb 24
40060529	2025 Feb 28
40055825	2025 Mar 7
40054376	2025 Sep
40047894	2025 Mar 6
40045641	2025 Apr
40045368	2025 Mar 5
40042438	2025 Apr
40040621	2025 Apr
40035483	2025 Oct
40026169	2025 Mar 12
40025588	2025 Mar 3
40025171	2025 Mar
40022220	2025 Feb 28
40020990	2025 Feb 26
40020627	2025 Apr
40020461	2025 Apr 4
40016770	2025 Feb 27
40016267	2025 Feb 27
40013941	2025 Apr
40013619	2025 Jul
40011919	2025 Feb 26
40008494	2025 Feb
40001168	2025 Feb 25
40000838	2025 Feb 25
39998739	2025 Feb 25
39991826	2025 May 24
39991659	2025
39990659	2025
39984079	2025 May
39983344	2025 Apr
39978573	2025 May
39975211	2025 Feb 7
39973552	2025 Feb
39973340	2025 Feb 20
39969512	2025 Feb 19
39964979	2025
39960544	2025 Feb 5
39959649	2025
39955869	2025 Feb
39955730	2025 Apr
39953712	2025 May
39953605	2025 Feb 14
39952346	2025 May
39952199	2025 Apr
39948108	2025 Feb 13
39947509	2025 May
39940649	2025 Jan 21
39936984	2025 Jan 28
39933417	2025 Mar
39928137	2025 Feb 10
39927476	2025 Apr
39927459	2025 Feb 10
39922237	2025 Apr 1
39921035	2025 Apr 10
39919897	2025 Feb
39914283	2025 Mar 6
39910066	2025 Feb 6
39904988	2025 Feb 5
39904978	2025 Feb 4
39902346	2025
39899451	2025 Feb 18
39895981	2025
39895864	2025 Jan
39895575	2025 May
39894827	2025 Feb
39894691	2025 Jul
39894170	2025 Mar
39880042	2025 Mar 10
39877352	2024
39873724	2025 Mar
39865089	2025 Jan 26
39864914	2025 Feb
39859298	2025 Jan 11
39859264	2025 Jan 10
39855426	2025 Mar
39855425	2025 Mar
39855042	2025 Feb 16
39853943	2025 Jan
39853717	2025 Mar
39851510	2025 Jan 9
39847187	2025 Oct
39844325	2025 Jan 22
39844298	2025 Jan 22
39842659	2025 Apr
39840543	2025 Mar
39840483	2025 Mar
39840130	2024
39835597	2024 Dec 17
39835169	2025 Mar
39833570	2025 May
39829021	2025 Feb 4
39827311	2025 Jan 18
39823538	2025 Mar
39820791	2025 Jan
39820104	2025
39820028	2025 Jan 16
39819042	2025 Feb 1
39815302	2025 Jan 16
39814287	2025 Apr
39811690	2025 Mar
39811464	2025 Apr
39809361	2025 Nov
39808971	2025 Mar 5
39806427	2025 Jan 13
39805173	2025 Feb 6
39804978	2025 Mar
39801258	2025 Apr
39799877	2025 Feb
39798244	2025 Jun
39794700	2025 Jan 10
39792653	2025 Mar
39787690	2025 Feb
39786573	2025 May
39786170	2025 Jan 15
39780612	2025 Feb
39776592	2024 Dec
39773289	2025 Jan 7
39771485	2024 Nov 22
39769163	2024 Dec 13
39766213	2024 Nov 26
39765309	2025 Feb 1
39764993	2025 Feb 6
39762209	2025 Jan 7
39757463	2025 Feb
39755936	2025 Feb
39755166	2025 Mar
39752388	2025
39746943	2025 Jan 2
39746903	2025 Jan 2
39745919	2025 Jun
39744759	2025 Feb
39742533	2025 Apr
39738432	2024 Dec 30
39738099	2024 Dec 30
39731281	2025 Jan
39730094	2025 Apr
39727570	2024 Dec 10
39726016	2024 Dec 26
39721037	2025 Mar
39718827	2024 Dec 24
39717946	2025 Mar
39717596	2024 Dec 15
39713898	2025 Feb
39713453	2024 Dec 13
39709528	2024 Dec 22
39707543	2024 Dec 20
39707367	2024 Dec 20
39706287	2025 Feb
39706062	2025 Jan
39703140	2025 Apr
39694343	2025 Mar
39693952	2025 Jan 27
39692948	2024 Dec 18
39692282	2025 Mar 1
39687801	2024 Dec
39687299	2024
39687146	2024 Dec 15
39680708	2025 Feb
39674342	2025 Jan
39673685	2025 Mar
39666251	2024 Dec 12
39664429	2024 Nov
39662267	2025 Jan 3
39661058	2024 Dec 17
39659898	2025 Jan
39647219	2025 May
39639386	2024 Dec 5
39639339	2024 Dec 5
39638118	2025 Apr
39629050	2024
39628956	2024
39622432	2025 Apr
39619871	2024 Nov 26
39617790	2024 Dec
39617202	2025 Mar
39617085	2025 Jan 31
39616734	2025 Jan
39615215	2025 Jan
39608176	2025 Jan 10
39608050	2024 Dec 31
39604981	2024 Nov 27
39600372	2024
39596012	2024 Nov 6
39592517	2025 Jun
39592076	2025 Jan 13
39589827	2024 Nov 26
39586750	2024 Oct 6
39582573	2024
39580858	2025 Jan 10
39578202	2025 Jan
39578049	2024 Nov 22
39577362	2025 Feb
39574959	2024
39574483	2024 Dec
39572599	2024 Nov 21
39569601	2024 Dec
39564812	2024 Nov 20
39560314	2025 Mar
39558161	2025 Jan 6
39556697	2024 Dec
39554166	2024 Nov 1
39536879	2024 Dec
39533432	2024 Nov 12
39533324	2024 Nov 12
39531048	2025 Jan
39527654	2024 Nov
39521431	2025 Sep
39514126	2024 Nov 8
39512844	2024 Nov
39510846	2024 Dec
39510640	2024 Nov
39505144	2025 Sep
39498503	2024 Dec 31
39498143	2024 Nov
39495906	2024 Dec
39494399	2024 Dec
39491137	2023 Oct 27
39483974	2024 Jan-Dec
39488239	2025 Jan
39486995	2025 Jan 1
39482250	2025 Mar
39479450	2024
39472658	2024 Nov
39472618	2024 Oct 29
39471714	2025 Apr
39469810	2024 Oct 29
39469313	2024 Dec
39456041	2024 Oct 26
39454680	2024 Jan-Dec
39454503	2025 Mar
39448593	2024 Oct 24
39448001	2025 Jan
39447781	2024 Dec
39444399	2024 Oct 15
39443554	2024 Oct 23
39442872	2025 Aug
39438569	2024 Oct 22
39434351	2024 Oct
39433168	2024 Nov
39432678	2025 May 1
39430133	2024 Nov
39427765	2024 Dec
39426787	2025 Feb
39426230	2024 Dec 25
39419437	2025 Feb
39416169	2024 Oct 7
39414788	2024 Oct 16
39413302	2024 Nov 11
39411061	2024
39408977	2024 Oct 3
39407273	2024 Oct 15
39403980	2024 Oct 29
39402771	2025 Jan
39401356	2024 Oct 22
39401064	2024 Oct 14
39400124	2024 Nov
39399840	2025 Jan
39396655	2024 Dec 5
39396563	2024 Dec
39389988	2024 Oct 10
39388895	2024 Dec 25
39388890	2024 Dec 25
39383631	2024 Dec
39378706	2025 Jan
39378655	2024 Dec 25
39376016	2024 Dec
39370072	2024 Nov
39368343	2024 Dec
39366498	2025 Jan 30
39363784	2024 Nov
39363112	2024 Oct
39356214	2024 Nov 6
39351827	2024 Dec
39351165	2024
39351091	2024
39350476	2024 Oct
39346538	2024
39345152	2024 Sep 13
39344168	2025 Jan
39343238	2025 Jan
39342461	2025 Jan
39342326	2024 Sep 28
39330704	2024 Oct 9
39326362	2025 Mar
39326131	2024 Dec
39323636	2024
39322043	2024 Nov
39321708	2024 Dec 5
39318150	2024 Dec
39314058	2024 Oct 1
39313038	2025 Jan
39307297	2024 Dec
39305580	2024 Nov-Dec
39298571	2024 Oct 29
39288630	2024 Dec 5
39284778	2024 Dec
39282962	2024 Sep 25
39280634	2024 Sep
39276449	2024 Dec 5
39273553	2024 Sep 4
39262222	2025 Feb
39261846	2024 Sep 11
39261080	2025 Jul 9
39260332	2024 Nov 26
39251394	2024 Sep
39251145	2025 Jan
39251054	2024 Dec
39248388	2024 Nov
39247402	2024 Oct
39236007	2024
39231947	2024 Sep 4
39231936	2024 Sep 4
39229102	2024 Aug 19
39228264	2024 Sep
39225479	2024 Sep 18
39225365	2024 Sep 15
39224514	2024 Sep 20
39221886	2024 Sep
39220257	2024 Sep 20
39218203	2024 Dec
39217884	2024 Dec 5
39217430	2025 Mar 7
39217193	2024 Aug 31
39209246	2024 Dec
39208260	2024
39206714	2024 Nov
39204339	2024 Jul 26
39199189	2024 Aug 2
39199188	2024 Aug 2
39196784	2024 Aug 28
39192268	2024 Aug 27
39191890	2024 Aug 27
39191723	2024 Aug 27
39190086	2025 Jan
39188023	2024 Oct
39180608	2024 Nov
39179013	2024 Nov
39175261	2024 Aug
39173720	2024 Oct
39172956	2024
39169784	2024
39164798	2024 Aug
39159565	2024 Nov 15
39159149	2024 Aug
39155382	2024 Aug 18
39153567	2025 Jan
39143134	2024 Aug 14
39135543	2024 Sep 16
39135294	2024 Dec
39134394	2024 Nov 14
39133964	2024 Sep
39130448	2024 Jul 30
39129277	2024 Oct
39126921	2024 Oct
39125316	2024 Jul 26
39122063	2024 Oct
39121926	2024 Dec 5
39120281	2024 Jul 25
39116410	2024 Jan-Dec
39111145	2024 Oct 25
39108841	2024 Sep
39107784	2024 Aug 6
39106443	2025 Jan 1
39105347	2024 Dec
39103079	2024 Dec
39103049	2025 Jul
39101668	2024 Nov
39101301	2024 Nov
39098445	2024 Sep 15
39096166	2024 Dec
39095992	2024 Sep 4
39095867	2024 Aug 2
39094365	2024 Oct 25
39091806	2024 Aug 6
39090667	2024 Aug 1
39088322	2024 Aug 27
39086231	2024 Dec
39084098	2025 Jan
39076825	2024
39071897	2024 Jan-Dec
39064807	2024 Jul 21
39062860	2024 Jul 11
39061952	2024 Jun 21
39059951	2024 Sep
39058329	2024 Aug 7
39042029	2024
39040492	2024 Jul
39038323	2024 Jul 19
39036830	2025 Jan
39026271	2024 Jul 18
39024748	2024 Sep 30
39024114	2024 Jul 23
39019845	2024 Jul 17
39018481	2024 Jul 31
39007896	2024 Dec
39007035	2024 Jul
39006498	2024
38996934	2024 Sep
38994024	2024
38992995	2024 Nov
38986303	2024 Sep 10
38981876	2024 Sep
38981227	2024 Sep 10
38978353	2024 Sep
38976127	2025 Jan
38974597	2024 Jun 30
38974041	2024
38969191	2024 Sep
38964626	2024 Nov 15
38962862	2024 Oct
38953843	2024 Jul 2
38952687	2024 Jun 21
38950333	2024 Apr 30
38946719	2024 Jun
38946534	2024 Dec
38936470	2024 Sep
38935462	2024 Jul 10
38934781	2024 Jul 28
38931240	2024 Jun 14
38925462	2024 Aug
38923865	2024 Nov
38923623	2024 Nov
38918843	2024 Jun 25
38918254	2024 Sep
38912570	2024
38910496	2024 Jun 15
38908089	2024 Aug 20
38907928	2024
38906009	2024 Aug 20
38904008	2024
38901508	2024 Aug
38892202	2024 May 30
38890746	2024 Jun 18
38890638	2024 Jun 19
38882274	2024 Jun 15
38879753	2024 Aug 7
38876275	2024 Aug 15
38875922	2024 Aug
38874373	2024 Aug
38867741	2024 May
38860745	2024 Aug
38857679	2024 Oct 28
38856915	2024 Nov
38856671	2024 Jul 9
38851726	2024 Jun 8
38850170	2025 Feb
38844905	2024 Jun 6
38844896	2024 Jun 6
38844159	2024 Nov
38844123	2025 May
38843517	2024 Jul 1
38842136	2024 Jun
38842129	2024 Jun
38838155	2024 Jun 7
38832304	2024 Sep
38831316	2024 Jun 3
38831184	2024 Oct
38828660	2024 Jul
38826308	2024 May 21
38823432	2024 Oct
38819423	2024 May 31
38818117	2024 May
38812033	2024 May 29
38805545	2024 May 28
38798488	2025 Mar 6
38795835	2024 Aug
38789434	2024 May 24
38786602	2024 May 6
38785157	2024 Jul
38782252	2024 Aug
38781213	2024 May 28
38779782	2024 May 22
38773312	2024 May 21
38770735	2024 May 21
38769545	2024 May 20
38766109	2024 Jul 1
38765877	2024
38765604	2024 May
38760908	2024 Aug
38760576	2024 May
38759289	2024 Jun
38755672	2024 May 16
38745274	2024 May 14
38744373	2024 Oct
38742846	2024 May
38741587	2024
38740234	2024 Aug
38734566	2024 Jun 15
38733337	2024 Sep
38729544	2024 Jun
38727027	2024 May 21
38724958	2024 May 9
38720613	2024 Nov
38719811	2024 May 8
38719085	2024 Aug
38718660	2024 Jun 15
38713087	2024 May 15
38704731	2024 Jul
38697509	2024 Aug
38684182	2024 Sep
38673854	2024 Apr 12
38664941	2024 Apr 26
38664616	2024 Apr 25
38662932	2024 Jul 1
38658095	2024 Apr
38649260	2025 Apr
38649190	2024 Jun 12
38645498	2024
38645030	2024 Apr 11
38642047	2024 Jul
38641979	2024 Apr 20
38640238	2024 Apr 19
38636283	2024 May
38626543	2024 May 30
38624135	2024 Apr 16
38622181	2024 Apr 15
38621621	2025 Mar
38617547	2024
38617544	2024
38616762	2025
38613068	2024 Apr 2
38609896	2024 Apr 12
38608493	2024 May 28
38607953	2024 Sep
38604493	2024 Jul
38600920	2024 Jun
38600628	2024 Aug
38596341	2024 Mar
38593506	2024 May 10
38593309	2024 Oct
38591180	2024 May 1
38588612	2024 May 28
38584583	2024 Apr
38582102	2024 May 10
38580748	2024 Apr 5
38570329	2024 Apr
38566346	2024 Aug
38566328	2024 Jun
38565085	2024
38563817	2024 May 13
38561335	2024 Apr 1
38555717	2024 Jun
38555153	2024
38554999	2025 Mar
38552182	2024 Jun
38537745	2024 Apr 15
38534340	2024 Mar 13
38532994	2024 Mar 30
38531464	2024 Sep
38530647	2024 Aug 1
38527663	2024 Sep
38526843	2024 Dec
38520869	2024 May
38520666	2024 Sep
38520209	2024 Apr
38519981	2024 Mar 22
38517601	2024 Jun
38513770	2024 May
38513577	2024 Apr 20
38508350	2024 Jun
38503493	2024 Mar 19
38502232	2024 Mar 19
38500177	2024 Mar 18
38499500	2024 Aug
38494837	2024 Apr
38490726	2024 May 1
38477740	2024 Mar 22
38466626	2024 Mar 11
38464287	2024 Feb 20
38463824	2024 Mar 15
38454524	2024 Mar 7
38452214	2024 Aug 1
38451090	2024 Mar 19
38447596	2024 Mar 7
38446901	2024 Mar 6
38443372	2024 Mar 5
38433252	2024 Mar 4
38432607	2024 Jun
38429848	2024 Mar 1
38423170	2024 Apr 15
38420347	2024
38419097	2024 Feb 28
38414246	2024 May 1
38413029	2024 Apr 1
38409832	2024 Feb
38407978	2024 Feb 23
38403153	2024 Jun
38396204	2024 Feb 23
38395992	2024 Feb 23
38394066	2024 Jun
38390145	2024 Feb 29
38389322	2024 Jan
38389178	2024 Dec
38389105	2024 Feb 22
38385071	2024
38374072	2024 Feb 19
38371274	2024
38370466	2024
38368390	2024 Feb 17
38368102	2024 Apr 15
38367900	2024 Apr
38366909	2024 Mar 15
38366885	2024 Apr 15
38358041	2024 Apr
38345195	2024 Feb
38343826	2024 Jan 22
38342630	2024 Apr
38342566	2024 Feb
38330742	2024 Apr
38318506	2023
38318502	2024
38318490	2024 Jan
38314968	2024 Feb
38310093	2024 Feb 3
38305280	2024 Mar
38304614	2024 Jan
38295913	2024 Apr
38294258	2024 Mar 12
38293189	2024 Jan 16
38292917	2024
38283982	2024 Feb
38279613	2024 Jun
38279454	2023 Dec 31
38268484	2024 Jun
38266448	2024 Feb 15
38266107	2024 Jan 24
38265817	2024 May 1
38254681	2024 Jan 8
38254101	2024 Jan 22
38253247	2024 Mar
38235367	2024 Jan
38229660	2024 Jan
38223812	2024 Jan
38220141	2024 Feb 15
38219870	2024 Dec
38218011	2024 Feb 15
38217021	2024 Jan 13
38206529	2024 May
38200400	2024 Jul
38179126	2024 Jan
38176476	2024 Feb 20
38174997	2024 May
38172636	2024 Jan
38172596	2024 Feb
38172258	2024 Feb
38168877	2024 Oct
38168298	2024 Jan 14
38163445	2024 Jan 2
38162513	2024 Mar
38162262	2023 Aug-Dec
38156385	2023 Dec
40881276	2024 Jan-Jun
38155203	2023 Dec 28
38149721	2024 Feb
38144567	2023
38136204	2023 Dec 7
38136188	2023 Dec 1
38126609	2024 Feb
38124066	2023 Dec 20
38123662	2023 Dec 20
38122922	2024 Jan 25
38113621	2024 Jan
38112591	2023 Dec 13
38111237	2024 Feb
38107146	2023 Dec
38107076	2023 Dec
38106002	2024 Oct 21
38102666	2023 Dec 15
38099292	2023
38099276	2023 Aug-Dec
38098174	2025 Sep
38098028	2023 Dec 14
38095503	2024 Jan
38093659	2024 Mar
38086272	2024 Jan 25
38081396	2024 Mar 1
38081212	2023 Dec 12
38078876	2023 Dec 9
38077417	2023
38073444	2024
38073004	2024 Mar
38072172	2024 Mar
38070625	2024 Feb
38068720	2023 Nov 21
38062473	2023 Dec 7
38057865	2023 Dec 6
38055109	2024 Jan
38054626	2024 May
38049890	2023 Dec 4
38049841	2023 Dec 4
38049482	2023 Dec 4
38047118	2023
38044289	2024 Feb
38041181	2023 Dec 1
38039715	2024 Jan 5
38036734	2023 Dec
38036301	2024 Jan
38031141	2023 Nov 29
38019905	2023 Dec
38016613	2024 Jan
38013468	2024 Jan 25
38012390	2024 Jan
38012096	2024 May
38006711	2024 Jan
38003583	2023 Nov 16
38000494	2024 Jan
37997349	2025 Sep
37994560	2025 Sep
37993861	2023 Nov 22
37984927	2024 Jan
37979958	2024 Feb 15
37974562	2023
37967808	2024 Jan 5
37966852	2024 Jun
37953787	2023
37948862	2023 Dec
37946009	2024 Apr
37940665	2023 Nov 9
37939265	2023 Dec 11
37935202	2023 Nov
37908734	2023
37907525	2023 Oct 31
37904981	2023 Oct 18
37898909	2024 Jan
37892999	2023 Sep 25
37892235	2023 Oct 20
37890685	2024 Jan
37890601	2024 Jan 30
37881954	2025 Jun
37873464	2023 Oct 5
37870591	2023 Oct 23
37865314	2023 Dec
37855351	2024
37847690	2023
37843296	2023 Sep 29
37838829	2023 Dec 6
37832549	2023 Nov 2
37831180	2023 Oct 13
37828576	2023 Oct 12
37827130	2024
37822916	2024 Feb
37817544	2023 Dec
37810027	2023 Sep
37809453	2023 Sep
37808393	2023 Oct
37802465	2024 Jan
37802464	2024 Jan
37802174	2023 Dec 1
37797712	2023 Dec
37794470	2023 Oct 4
37794006	2023 Oct 4
37790467	2023 Sep 15
37789884	2023
37777063	2024 Aug
37774483	2023 Nov
37773720	2023 Sep
37771529	2023 Oct
37767107	2023 Dec
37760884	2023 Sep 1
37759478	2023 Sep 12
37758057	2024 Aug
37755294	2023 Sep 14
37751010	2023 Nov
37749958	2023 Nov
37749650	2023 Sep 25
37744058	2023
37742380	2024 Jan 5
37741321	2023 Nov 1
37741049	2023 Nov
37740460	2023 Sep
37739115	2023 Oct 1
37736726	2023 Sep 22
37730805	2023 Sep 20
37725203	2023 Oct
37724954	2023 Feb
37724835	2025 Mar
37720103	2023 Oct 20
37717904	2024 Feb
37717314	2023 Nov
37717108	2023 Sep 16
37716405	2023 Dec
37716404	2024 Sep
37711057	2023 Nov
37710278	2023 Sep 14
37697972	2023 Nov
37696386	2023 Nov 1
37694150	2023 Sep 15
37689763	2023 Sep 9
37689723	2023 Sep 9
37688747	2024 Jan
37688589	2023 Oct
37686806	2023 Aug 29
37684025	2024 Feb
37681413	2023 Sep 8
37679844	2023 Sep 7
37671131	2023
37670256	2023 Sep 5
37666177	2023 Oct
37660594	2023 Nov
37654229	2023 Oct
37651283	2024 Feb
37649532	2023 Dec
37648149	2024 Jan
37647773	2023 Oct
37643315	2024 Mar
37640697	2023 Aug 28
37635810	2023 Jul
37635809	2023 Jul
37626753	2023 Aug 12
37626033	2023 Aug 25
37625900	2024 Feb
37625369	2023 Nov
37623223	2023 Aug 1
37614305	2023 Aug
37612419	2023 Aug 23
37611970	2023 Sep
37610277	2024 Feb
37609135	2023 Aug 29
37605762	2023
37605203	2023 Aug 21
37602866	2023 Mar 3
37598898	2023 Sep
37590222	2023
37587519	2023 Aug 16
37578083	2023 Nov
37569797	2023 Aug 4
37569721	2023 Aug 2
37569290	2023 Jul 25
37566478	2023 Sep
37563688	2023 Aug 10
37562858	2023 Aug
37555294	2023 Oct
37551685	2023 Sep
37550685	2023 Aug 8
37550003	2023 Nov
37548411	2023 Aug 29
37547183	2023 Sep
37542771	2023 Oct 15
37540756	2023 Aug 4
37537733	2023 Aug
37536412	2023 Oct 1
37536183	2023 Oct
37530884	2023 Oct
37525533	2023 Jul 31
37524872	2023 Aug
37524226	2023 Dec
37522619	2024 Jul 6
37522058	2023 Aug
37521864	2023 Jul
37506502	2023 Oct
37499456	2023 Sep
37496731	2023 Dec
37492935	2023 Apr 6
37492739	2023 Sep
37492222	2023
37478628	2023
37478172	2023 Oct 4
40838061	2023
37464762	2023 Sep
37462629	2023 Apr 27
37462361	2023 Aug 31
37459592	2023 Nov
37453588	2024 Apr
37452551	2023 Oct
37447284	2023 Jun 29
37442513	2023 Sep
37439722	2023 Aug
37437059	2023 Aug 7
37436700	2024 Feb
37428931	2023 Jul 18
37425490	2023
37423156	2023 Sep
37422640	2023 Jul 8
37418985	2023 Sep
37417814	2023 Nov 1
37410754	2023 Dec
37406898	2023 Aug 30
37404993	2023 Jun 30
37397527	2023 Jul
37396516	2023 May
37395388	2023 Sep
37392862	2023 Nov
37392568	2023 Sep
37386638	2023 Jun 29
37373251	2023 Jun 14
37372008	2023 Jun 15
37371471	2023 May 26
37370114	2023 Jun 27
37367299	2023 Jul
37366428	2023
37357387	2024 Mar
37344157	2023 Sep
37343369	2023 Aug
37340797	2023 Jul 6
37337779	2023 Jul
37335102	2023 Jun 2
37330028	2023 Sep 1
37328786	2023 Jun 17
37315775	2023 Jul 15
37314430	2023 Aug
37313169	2023 Jun
37298730	2023 Jun 5
37298473	2023 May 30
37295574	2023 Nov 15
37292436	2023 Jul
37288358	2023
37286758	2023 Jul
37271009	2023 Jul
37270777	2023 Jun 27
37259103	2023 May 31
37258510	2023 May 31
37240121	2023 May 15
37240086	2023 May 14
37232576	2023 May 26
37225052	2023 Oct
37224053	2023 Feb 28
37218542	2023 Aug
37217512	2023 May 22
37207971	2023 Aug 1
37206234	2023 May
37204627	2023 Jun
37197096	2023 Jul
37196756	2023 Aug 1
37192157	2023 Oct
37189729	2023 Apr 6
37188001	2023 Mar
37187885	2023
37186383	2023 Nov
37184045	2024 May
37182454	2023 Jul
37180812	2023 Jun
37179423	2023 May 13
37167724	2023 Jul
37167638	2023 Jun
37160933	2023 May 9
37159698	2023 May
37156857	2023 May 8
37156032	2023 Jun
37153898	2023 Jun
37150265	2023 Jul
37149963	2023 Jul
37146960	2023 Sep
37144868	2023 May 5
37144624	2023 Sep 1
37144506	2023 Jun
37143367	2023 Dec
37122828	2023 Apr 24
37120427	2023 Apr 29
37119767	2023 Jun 30
37119581	2023 Jun
37118134	2022 Aug
37117739	2022 Apr
37109424	2023 Mar 28
37109407	2023 Mar 25
37105394	2023 Sep
37103335	2023 Jun
37102924	2023 Apr 7
37098717	2024 Jun
37096632	2023 Oct
37088785	2023 Jun
37086004	2024 Jun
37084895	2023 Jun
37083155	2023 Nov
37077156	2023 May 11
37076903	2023 Apr 19
37066225	2023 Apr 3
37063929	2023
37061736	2023 Apr 15
37061147	2023 Jun
37060808	2023 Jun
37058473	2023
37055831	2023 Apr 13
37055817	2023 Apr 13
37055483	2023 Apr 13
37049677	2023 Mar 24
37048137	2023 Mar 31
37038152	2023 Apr 10
37036562	2023 Aug
37034712	2023 Mar 30
37033917	2023
37028460	2023 May
37027967	2023 Jun
37020126	2023 Aug
37018403	2023 Apr 5
37016437	2023 Apr 4
37013829	2023 May
37010409	2023 Jun 15
37008048	2023 Apr 1
37008038	2023
37007557	2023 Mar 15
37005694	2023 Apr 1
37003368	2023 Jun
37002200	2023 Mar 31
36998601	2023
36998238	2023 Aug
36990010	2023 Jun
36989902	2023 May
36989841	2023 May 21
36982442	2023 Mar 10
36969366	2023
36969105	2023 Aug
36963293	2023 May
36950748	2023 May
36947594	2023 Mar 22
36941991	2023
36927643	2023 Jul
36924130	2023 Aug
36923091	2023 Feb 28
36918542	2023 Mar 14
36909504	2023 Feb 28
36907253	2023 May 1
36906634	2023 Mar 11
36906288	2023 Apr
36905112	2023 Mar
36904043	2023 Mar 5
36902356	2023 Mar 3
36898656	2023 Jul
36896597	2023 Apr 30
36896317	2022 Dec
36894989	2023 Mar 10
36893980	2023 Jul
36893673	2023 May
36890785	2023 Jun
36884388	2023 Apr
36882427	2023 Mar 7
36879303	2023 Mar 6
36875869	2023
36875721	2023
36871937	2023 May
36870529	2023 Jun
36868518	2023 Apr
36868238	2023 Apr 6
36864206	2023 Mar
36863214	2023 Jun
36850434	2023 Feb 7
36848378	2023 Jul
36838594	2023 Feb 7
36829930	2023 Feb 3
36818585	2023 Feb
36810185	2023 Feb
36809763	2023 Apr 11
36805475	2023 Jun
36802989	2023 Mar
40777809	2025 Jul
36798782	2023 Feb
36797333	2023 Feb 16
36796355	2023 Mar 13
36794668	2023 Mar
36790146	2023 Feb 15
36773024	2023 Jun
36772893	2023 Jun
36771453	2023 Feb 1
36769037	2023 Feb 1
36762426	2023 Jul
36758340	2023 Apr
36754251	2023 Jul
36753544	2023 Feb 10
36752205	2023 Feb 8
36748885	2023 Apr
36743414	2023
36724964	2023
36722289	2023 Apr
36721767	2023 Mar
36718653	2023 Feb
36718635	2023 Jul
36716981	2023 Apr
36715686	2023 Jan 30
36715607	2023 Mar
36714558	2022
36712136	2023 Jan 3
36702547	2023 May 15
36702375	2023 Jun
36700776	2023 Jan
36685663	2022
36684425	2022
36684078	2023 Jan
36683245	2023 Apr
36672165	2023 Jan 5
36671508	2023 Jan 7
36670908	2022 Dec 26
36657732	2023 Feb 20
36647696	2023 Jan
36643587	2023
36642417	2023 Jan
36642020	2023 Mar
39649263	2024
36638270	2023 Feb
36636109	2023 Jun
36632467	2023
36632459	2023
36630751	2023 Feb
36628892	2023 Feb
36627169	2023 May
36625730	2023 Jun
36625319	2023 Apr 30
36622202	2023 Feb
36621703	2023 Mar 5
36613978	2022 Dec 28
36598130	2024 Mar
36593507	2023 Jan 2
36592706	2023 Feb
36588124	2023 Jan 2
36584898	2023 Mar
36584575	2023 Feb
36577158	2023 Feb
36573135	2022
36566445	2023 Mar
36563736	2023 Jan 25
36552848	2022 Dec 16
36552552	2022 Nov 27
36545678	2022
36545287	2022
36542696	2022 Dec 21
36537662	2023 May
36537124	2024 Feb 26
36532524	2022
36531454	2022
36530063	2023 Jun
36528308	2023 May
36526849	2023 Feb
36515677	2023 Jan
36514714	2023 Jan
36512085	2023 Jan
36511897	2022 Dec 13
36511367	2023 Jan
36510269	2022 Dec 12
36508923	2023 Jan
36507558	2023 Jan 11
36499638	2022 Dec 4
36495056	2023 Apr
36494860	2022 Dec 9
36480365	2023 Jul 1
36474787	2022 Dec
36474470	2022 Mar
36472726	2023 Feb
36466352	2022
36459925	2023 Jan
36458900	2023 Jan-Dec
36452329	2022
36442828	2023 Mar
36442605	2023 Mar
36439631	2023 Jan
36439628	2023 Jan
36438802	2022
36435786	2022 Nov 26
36435562	2022 Dec
36434787	2023 Apr 6
36431073	2022 Nov 21
36427299	2022 Nov 25
36419093	2022 Nov 22
36414669	2022 Nov 21
36414376	2023 Mar
36410638	2023 Feb
36402366	2023 Feb
36384720	2022 Nov 16
36384642	2022 Nov 16
36384557	2022 Nov 16
36380018	2022 Nov
36379392	2023 Apr
36379122	2023 Jan
36373952	2022 Oct 28
36371322	2022 Nov 12
36370958	2023 Apr
36370364	2023
36370134	2023 Jul
36367882	2022
36366779	2023 Mar
36359375	2022 Nov 8
36359292	2022 Nov 1
36355306	2023
36355305	2023
36355304	2023
36355303	2023
36353501	2022
36352408	2022 Nov 9
36350089	2023 Jan
36344492	2022 Nov 7
36342311	2022 Nov
36339585	2022
36332479	2022 Dec 25
36330910	2022 Dec
36330908	2022 Dec
36329497	2022 Nov 3
36328754	2022 Nov
36314274	2022 Dec
36308906	2022 Dec 20
36307389	2022 Oct 28
36302323	2022 Dec
36292950	2022 Oct 11
36291190	2022 Oct 21
36271561	2022 Nov
36263384	2022 Sep
36263144	2022
36263050	2022
36261653	2023 Jan
36261443	2022 Oct 19
36258202	2022 Oct 18
36253807	2022 Oct 17
36253145	2022 Dec
36250247	2022 Dec
36243708	2022 Oct 15
36242608	2023 Jan
36240656	2022 Nov
36238555	2022
36228542	2022 Dec 17
36224344	2022 Oct
36216240	2022 Dec 1
36215870	2022 Nov
36214465	2022 Dec
36206595	2022 Dec 3
36204118	2022
36202216	2022 Nov 15
36199358	2022
36198439	2023 Feb
36188601	2022
36184957	2022 Dec
36184504	2022
36182100	2022 Dec
36178576	2022 Oct
36178273	2022 Dec
36177510	2023 Jan
36175067	2023 Feb
36173680	2022 Nov 8
36153352	2022 Sep 24
36152537	2022 Nov
36139857	2022 Sep 9
36137413	2022 Oct
36135193	2022 Sep 7
36122169	2023 Mar
36121967	2023 Mar
36120492	2022 Dec
36114544	2022 Sep 16
36109442	2023 Feb
36109140	2023 Feb
36109004	2022 Nov
36106352	2022 Dec
36105611	2022 Dec
36104304	2022 Oct
36103412	2023 Mar
36102152	2023 May
36100125	2022 Nov
36097797	2022 Nov
36095950	2022 Nov
36095933	2022 Dec
36090228	2022 Aug
36085399	2022 Dec
36078169	2022 Sep 5
36075514	2022 Dec
36075143	2022 Oct
36071864	2022
36070048	2023 Mar
36068777	2022 May
36068644	2022 Sep 6
36068607	2022 Sep 6
36061148	2022
36054964	2022 Nov
36053817	2022 Oct
36049372	2022 Oct
36046031	2022
36037785	2022 Oct
36034777	2022
36031625	2022 Aug 29
36028175	2022 Sep
36026443	2022 Aug 26
36012760	2022 Aug 22
36012474	2022 Aug 16
36008706	2023 Mar
36007682	2022 Sep
36007472	2022 Oct 20
36007353	2022 Sep
36005089	2022 Aug 5
36001977	2022 Aug 23
35997219	2022 Nov
35995402	2022 Nov
35994012	2023 Dec
35993439	2022 Nov 1
35993268	2022 Jul-Sep
35988424	2022 Oct
35987145	2022 Oct
35984286	2023 Apr 3
35983393	2022 Jul
35982488	2022 Aug 18
35981208	2022 Nov
35978511	2022 Sep
35967352	2022
35967299	2022
35952515	2022 Oct
35951358	2022 Aug 10
35947956	2022 Aug 9
35945200	2022 Aug 9
35942891	2022 Aug
35937813	2022
35937573	2022 Dec
35933783	2022 Oct
35925448	2022 Aug
35923173	2022 Jan-Dec
35922815	2022 Aug 3
35916374	2022 Aug 2
35915804	2022
35909337	2022 Aug
35905566	2022 Oct
35899925	2022 Aug 10
35899096	2022 Dec
35887281	2022 Jul 19
35881692	2022 Jul 26
35881544	2022 Jul 26
35880357	2023 Apr
35880352	2023 Feb 1
35876542	2022 Jul 6
35870887	2022 Jul 23
35865095	2022 Jul
35856812	2023 Jan
35854298	2022 Jul 19
35849954	2022 Sep 24
35843413	2022 Oct 28
35842714	2022 Jul 16
35840017	2022 Oct
35831464	2022 Jul 13
35818290	2022 Jul-Sep
35818275	2022 Feb 4
35815528	2022 Oct
35804467	2022 Jul 8
35798413	2022 Sep
35795554	2022
35791923	2022 Dec
35788130	2022 Jul 4
35787089	2022 Jul
35784690	2022
35781799	2022 Oct
35779570	2022 Jul 2
35778837	2022 Aug
35774865	2022
35765024	2022 Jun 28
35763224	2022 Sep
35761235	2022 Jun 27
35760458	2022 Nov
35756079	2021
35751529	2023 Jan
35747513	2022
35742968	2022 Jun 10
35740320	2022 Jun 1
35739102	2022 Jun 24
35736286	2022 May 31
35734099	2022
35733354	2023 Jan
35732460	2022 Oct
35728631	2022 Jul
35727364	2022 Aug
35720186	2022
35716032	2022 Sep
35710820	2022 Jun 16
35707845	2022 May
35700066	2022 Oct
35693701	2022
35689396	2022 Nov
35689264	2022 Jun 10
35676242	2022 Jun 8
35671349	2022 Jul
35669511	2022
35668932	2022
35664072	2022
35660787	2022 Jul
35659346	2022 Jun 4
35650306	2022 Jun 1
35644218	2022 May 26
37841504	2022 Jun
35637500	2022 May 30
35637489	2022 May 30
35635149	2022 Jun 30
35628290	2022 May 13
35625649	2022 May 19
35623293	2022 Jul
35619306	2023
35616672	2023
35613259	2022 May 27
35609127	2022 May 24
35608871	2022 Jun
35600665	2022 May
35596790	2022 Aug
35586367	2022
35585042	2022 May 18
35581224	2022 May 17
35579255	2022 Jun 14
35577279	2022 Sep
35574050	2023 Jan
35571440	2022 Apr
35571243	2022
35560108	2022 Jul
35536857	2022
35534137	2022 Jul 12
35529439	2022
35524421	2023 Feb
35513246	2022 Sep
35509635	2022 May
35509631	2022 May
35501334	2022 May 2
35481399	2022 Aug
35480871	2022
35479080	2022
35474736	2022 Jun 14
35474501	2022 Apr 27
35470068	2022 Jun
35466632	2022 Jan-Mar
35457064	2022 Apr 12
35448521	2022 Apr 7
35444462	2022
35443857	2022 Apr
35441488	2022 May
35441352	2022 Jun
35439733	2022 Apr 19
35439480	2022 Jun 15
35437349	2022
35432716	2022
35430901	2022 Jan-Dec
35429248	2022 Aug
35428355	2022 Apr 15
35426372	2022 Apr 15
35417079	2022 Jul
35412939	2022 Apr
35410627	2022 Apr 11
35409238	2022 Mar 31
35405969	2022 Mar 24
35402663	2022 Jun
35399495	2022
35391646	2022 Jun
35390446	2022 Jun 15
35385713	2022 Jun 1
35382556	2022 Apr
35381294	2022 Aug
35380880	2022 Apr 5
35377354	2022 Mar 18
35370642	2022
35367826	2022 Jun 4
35365233	2022 Apr 1
35365162	2022 Apr 1
35359946	2022
35359876	2022
35358477	2022 May
35349226	2022 Mar
35337221	2022 Dec
35334131	2022 Apr
35322732	2022 Nov
35307533	2022 Jun
35288194	2022 Apr 15
35285551	2022 Dec
35283765	2022
35281370	2022 Jan
35279877	2022 Dec
35278225	2022 May
35277480	2022 Mar 11
35272487	2022 Mar
35264207	2022 Mar 9
35264092	2022
35260562	2022 Mar 9
35260140	2022 Mar 8
35247635	2022 Apr
35245865	2022 Apr
35240891	2022 Jan-Dec
35240498	2022 Apr 23
35227892	2022 May
35225151	2022 Dec
35224782	2022 Apr
35222699	2022 Mar
35220598	2022 Jun
35220594	2022 May
35216203	2022 Feb 14
35214015	2022 Jan 26
35204144	2022 Jan 28
35202579	2022 Apr
35199120	2022 Mar 29
35196878	2022 Jul
35191523	2022 Apr
35191223	2022 May
35191092	2022 May
35188875	2022 Mar
35184139	2022 Jun
35176588	2022 May
35167509	2022 May 18
35165253	2022 Feb 14
35164658	2022 Mar
35154568	2022
35153665	2022
35151027	2022 Mar
35145063	2022 Feb 11
35140209	2022 Feb 9
35129942	2022 Feb 7
35129860	2022 Mar
35129065	2022 Jan
35129051	2022 Feb
35126808	2022
35123541	2022 Feb 5
35122957	2022 Apr
35120538	2022 Feb 4
35109699	2022 Jan-Mar
35104760	2022 Apr
35104478	2022 Apr
35103239	2022
35099493	2022 Apr 13
35095883	2021
35095488	2021
35093078	2022 Jan 29
35091584	2022 Jan 28
35091077	2022 Apr
35090521	2022 Jan 28
35086123	2022 Oct 1
35082670	2021
35078447	2022 Jan 25
35077015	2022 Jun
35074577	2022 Mar
35074547	2022 Apr
35073770	2022 Jan-Mar
38596988	2022 Jan 25
35068055	2022 Mar
35064306	2022 Feb
35061535	2022 Jan 21
35058228	2022 May
35046940	2021
35045740	2022 Jun
35042267	2022 Mar
35038565	2022 Apr 24
35034537	2022 Feb
35034101	2022 Jul
35033199	2022 Jan 15
35029035	2022 Mar
35008608	2021 Dec 24
34998164	2022 Apr
34997944	2022 Feb
34992497	2021
34990878	2022 Apr
34989027	2022 Apr
34987154	2022 Jan 5
34984422	2022 Jan 24
34983342	2022
34982732	2022 Jan 4
34979545	2022 Jul 5
34977596	2021 Dec
34956224	2021
34956209	2021
34953038	2022 Feb
34943080	2021 Dec 11
34936115	2022 Apr
34931844	2022 Jan 27
34925057	2021
34925020	2021
34921962	2022 Mar 25
34917303	2021
34915568	2022 Oct 15
34914744	2021
34907535	2022 Jun
34906679	2022 Mar
34905737	2021 Dec 31
34903082	2022 Jun
34894103	2022 Feb
34891040	2022 Jan 22
34887675	2021
34886755	2022 Jun
34882836	2022 Mar
34881186	2021
34864169	2022 Mar
34862093	2022 Apr-Jun
34858187	2021
34848799	2021 Nov 30
34841538	2022 Jan
34838028	2021 Nov 27
34829531	2021 Oct 22
34824542	2021
34821196	2021 Dec
34815758	2022 Jan
34813965	2022 Jan
34812543	2022 Sep
34806937	2021 Dec
34803488	2021
34795891	2021
34795843	2021
34794451	2021 Nov 18
34787331	2022 Feb
34784965	2021 Nov 16
34784954	2021 Nov 16
34783292	2021 Dec
34779488	2022 Jan
34777686	2021
34777685	2021
34777682	2021
34775640	2022 Aug
34772811	2021 Nov 16
34769441	2021 Nov 5
34768920	2021 Oct 25
34767959	2022 Feb
34767958	2022 Feb
34767957	2022 Feb
34764792	2021
34754093	2022 Jul
34751824	2022 Mar
34745003	2021
34738623	2022 Jan
34738460	2021 Dec 28
34727094	2021 Dec 22
34724799	2021 Nov
34724347	2021 Nov
34721040	2021
34719360	2021
34711707	2022 Mar 1
34709978	2021 Dec
34706873	2022 Jan
34705985	2021
34702854	2021 Oct 26
34696628	2021 Dec
34687898	2022 Jan
34679766	2021 Oct 16
34672227	2022 Feb
34672113	2022 Apr
34671981	2022 Feb
34671266	2021
34659230	2021
34658862	2021
34657320	2021 Dec
34653605	2021 Dec
34651666	2021 Dec
34650969	2021
34650772	2021
34650433	2021
34640324	2021 Sep 22
34639026	2021 Oct 1
34629037	2021 Dec
34628269	2021 Dec
34627999	2022 Jan
34626798	2022 Feb
34616850	2021
34612715	2021 Dec
34611513	2021 Sep
34610749	2022 May
34607107	2021 Dec
34602973	2021
34584074	2021 Sep 28
34583778	2021 Sep 28
34581667	2021 Sep 28
34577072	2021 Sep 15
34573065	2021 Sep 8
34569725	2022 Mar
34565303	2021 Dec
34565285	2021 Dec
34561933	2021 Nov
34561389	2022 Jul 1
34559207	2022 May 30
34556628	2021 Sep 23
34555528	2021 Dec
34551709	2021 Sep 22
34551684	2021 Dec
34550907	2021 Sep 22
34547383	2021 Dec 1
34546791	2021 Sep 21
34542770	2022 Apr
34539991	2021
34537380	2021 Dec
34537377	2022 Jan
34534663	2022 Jan
34530171	2022 Jan
34526904	2021
34526577	2021 Sep 15
34522160	2021
34518512	2021 Sep 13
34516821	2021 Sep
34515572	2022 Mar
34511883	2021
34506973	2021 Dec
34506942	2022 Jan
34502478	2021 Sep 3
34500105	2021 Nov
34495429	2021 Sep 8
34492535	2021 Nov
34491054	2021 Sep 23
34488936	2021 Oct
34486378	2021 Oct 15
34480835	2022 Mar
34476923	2021
34470616	2021 Sep 1
34468013	2021 Oct
34466014	2021
34463587	2021 Dec
34463129	2021 Aug
34461226	2021 Nov
34459110	2021 Oct
34451873	2021 Aug 7
34440937	2021 Aug 23
34440768	2021 Aug 6
34440538	2021 Aug 5
34440221	2021 Aug 15
34435650	2021 Oct
34430561	2021 Jul
34428745	2021 Aug 24
34427363	2021 Nov
34426743	2021
34426118	2021 Oct
34425229	2021 Nov
34423918	2022 Feb
34419603	2021 Nov
34417537	2021 Aug 20
34417329	2021 Oct 6
34413494	2021 Sep
34409835	2021 Sep 28
34409794	2021 Aug 1
34400519	2021 Sep 29
34395219	2021 Jun
34390681	2021 Nov
34387761	2022 Jan
34386509	2021
34383111	2022 Jan
34381182	2022 May
34377252	2021
34369548	2021 Sep 20
34360594	2021 Jul 22
34360007	2021 Jul 20
34357595	2021 Nov
34355225	2021 Sep 20
34350255	2021 Jun
34344989	2021 Aug 3
34341460	2021 Aug 2
34335275	2021
34332049	2021 Oct
34330063	2021 Sep 24
34321073	2021 Jul 28
34315467	2021 Jul 27
34315248	2021 Dec
34307684	2021
34298323	2021 Sep 17
34298196	2021 Oct
34290363	2021 Jul 21
34284715	2021 Jul 20
34277596	2021
34268381	2021 May
34267289	2021 Jul 15
34256841	2021 Jul 13
34255742	2021 Aug 23
34249945	2021
34240807	2021 Aug
34237707	2021 Jul 8
34230488	2021 Jul 6
34230481	2021 Jul 6
34228237	2022 Feb
34226187	2021 Dec
34211396	2021
34204404	2021 Jun 17
34202137	2021 Jun 25
34200880	2021 Jun 10
34197081	2021 Jul 14
34196525	2021 Jul 27
34195707	2021 Jul 21
34194439	2021
34193158	2021 Jun 30
34184072	2021 Aug
34182799	2022 Jan
34182246	2021 Sep
34176242	2021 Aug
34173271	2021 Oct
34172007	2021 Jun 25
34171515	2021 Nov
34166809	2021 Oct
34165367	2021 Dec
34160894	2021 Aug
34160515	2021 Aug 2
34155675	2021 Oct
34153786	2021 Aug
34153254	2021 Oct
34144159	2022 Jan
34144150	2021 Sep
34142176	2022 Nov
34137218	2021 Oct
34136574	2021
34131243	2021 Jun 15
34127028	2021 Jun 14
34126239	2021 Aug
34126199	2021 Sep
34117708	2021 Jul
34116024	2021 Sep
34107348	2021 Oct
34105311	2022 Jan
34105258	2021 Jul
34101970	2021 Jul
34098983	2021 Jun 7
36474816	2021 Sep
34094856	2021 Jul
34094638	2021 Jun
34093756	2021 Aug
34086763	2021
34085927	2021 Jun 4
34085175	2021 Jun
34082858	2021 Jun 1
34071594	2021 May 28
34058434	2021 Sep
34052462	2021 Oct
34039624	2021 Sep
34031844	2021 Dec
34031369	2021 May 25
34026950	2021 Jun
34024188	2021 Jan-Dec
34015366	2021 Oct 5
34014552	2021 Oct
34006989	2021 May 18
34006826	2021 May 18
34006821	2021 May 18
33991950	2021 Jul
33990219	2021 May 14
33988757	2021 Sep
33988222	2021 May 28
33987361	2021 Apr
33986262	2021 May 13
33984464	2021 Sep
33982891	2021 Dec
33977074	2021 May
33974280	2021 May 11
33973110	2021 Sep
33967763	2021
33962484	2021 Nov
33960555	2021 Jun
33953184	2021 May 5
33953172	2021 May 5
33942503	2021 Jun
33940137	2021 Aug
33939302	2021 Jun
33936363	2021
33935044	2021 Apr 30
33926568	2021 Apr 29
33918436	2021 Apr 2
33916928	2021 Apr 7
33915911	2021 Apr 1
33915295	2021 Aug
33907208	2021 Apr 27
33898435	2021
33897442	2021
36474982	2021 Jun
33890588	2021 May 21
33884024	2021
33881378	2021 Jun
33880054	2021
33879790	2021 Apr 20
33878859	2021 Jun
33878544	2021 Aug
33876419	2021 Jul
33870507	2021 Nov
33859822	2021 Jun
33853646	2021 Apr 14
33850295	2021 Aug
33844985	2021 Jun
33833854	2021
33832532	2021 Apr 8
33829022	2021
33827816	2021 Apr
33827672	2021 Apr 7
33811860	2021 Jan-Jun
33810460	2021 Mar 26
33809253	2021 Mar 12
33804203	2021 Mar 15
33802005	2021 Mar 10
33800441	2021 Mar 8
33799167	2021 May
33798706	2021 Jun
33795795	2021 Apr
37117596	2021 Apr
33781898	2021 Jul
33774341	2021 May
33769459	2021 Dec 24
33767361	2021 Dec
33765556	2021 May 14
33762205	2021 Jun
33752736	2021 Mar 22
33751809	2021 Apr
33749677	2021 Mar 4
33744859	2021 Mar 19
33744850	2021 Mar 19
33744432	2021 Jun
33742215	2021 Sep
33738280	2021
33737173	2021 May
33735716	2021 Jun
33731712	2021 Mar 17
33722697	2021 Sep
33719441	2021 Mar 25
33714889	2021 Mar
33707504	2021 Mar 11
33704322	2021 Mar 28
33692439	2021 May
33689077	2021 May
33678633	2021 Jan 28
33648469	2021 Mar 1
33646122	2021 Mar 1
33640582	2021 Jun
33634117	2021
33624774	2021 Feb 24
33618587	2022 May
33617553	2021
33617226	2021 Mar 8
33617050	2021 Mar
33617044	2021 Apr
33615102	2021 Feb
33614593	2020
33610821	2021 May
33609696	2021 Sep
33609695	2021 May
33606899	2022 Oct
33600943	2021 Apr
33597301	2021 Feb 23
33588909	2021 Feb 15
33586252	2021 Aug
33582913	2021 Feb
33576000	2021 Mar
33573682	2021 Feb 11
33572124	2021 Feb 9
33569722	2021 Jul
33568523	2021 Feb 10
33567897	2021 Dec
33567474	2021 Jun
33562356	2021 Feb 7
33561541	2021 Apr
33561540	2021 Apr
33559324	2021 Aug
33543180	2021 Mar 15
33536347	2021 Feb 1
33535605	2021 Feb 1
33532587	2021 Jan
33526719	2021 Feb 1
33526653	2021 Feb 9
33520980	2020
33517187	2021 May
33512030	2021 Nov
33503223	2021
33499145	2021 Jan 22
33495836	2021 Mar
33493980	2021 Mar
33493345	2021 Oct 2
33488803	2021 Mar
33485930	2021 Apr
33480322	2021 Jun
33473114	2021 Jan 20
33471008	2021 Mar 1
33469535	2020
33460793	2021 Mar
33459503	2020 Dec
33452968	2021 Apr
33452687	2021 Jul
33452305	2021 Jan 15
33450259	2021 Mar 15
33448319	2021 Mar
33443518	2021 Feb 15
33443201	2021 Jan 5
33441836	2021 Jan 13
33441426	2021 Jan 13
33440880	2021 Jan 11
33437372	2020
33427619	2021 Sep-Oct
33426805	2021 Jul
33424281	2021 Jan
33414452	2021 Jan 4
33408787	2021
33408335	2021 Jan
33392201	2020
33390926	2020
33381768	2020 Dec
33381767	2020 Dec
33381766	2020 Dec
33378983	2021 Jan
33378213	2021 Feb
33376672	2021 Mar
33375366	2020 Dec 26
33374841	2020 Dec 23
33364748	2020
33361529	2020 Dec 23
33359913	2021 Feb
33359852	2021 Feb
33350983	2020 Dec 22
33346009	2021 Mar 1
33336820	2021 Oct
33335572	2021 Feb
33320893	2020
33315205	2021
33315199	2021
33315194	2021
33307770	2021 Dec
33303743	2020 Dec 10
33303055	2020 Dec 1
33301961	2021 Feb
33301945	2021 Feb
33300913	2021 Jan 7
33296783	2021 Jan
33296408	2020
33295881	2021 Feb
33294294	2020 Dec 4
33292128	2022
33287871	2020 Dec 7
33285491	2021 Jan 4
33270961	2021 Mar 22
33270017	2020 Dec 3
33261216	2020 Nov 27
33255398	2020 Nov 24
33249722	2021 Jan
33246158	2021 Feb
33241814	2020 Dec 1
33241027	2020 Sep
33238047	2021 Mar
33231490	2020 Oct
33227438	2021 Jan
33224982	2020
33215637	2020 Dec 11
33214607	2020 Nov 19
33211383	2021 Jan
33210027	2021 May
33201766	2020 Nov
33199631	2020 Dec 1
33197010	2021
33195691	2020
33194044	2020
33193840	2020 Dec
33191853	2021 Aug
33178671	2020
33177650	2020 Nov 11
33177241	2020 Nov 7
33175932	2020 Dec 1
33171176	2021 Mar 1
33169745	2020 Nov 18
33168412	2021 Jan
33166449	2020 Nov 18
33164842	2021 Jan
33164235	2021 Jun
33161099	2021 Jan
33155655	2020 Nov 27
33147653	2021 Mar
33139312	2021 Apr
33137380	2020 Dec
33136410	2020 Nov 11
33133598	2020
33130473	2021 Jan
33127654	2020 Oct
33118211	2020 Dec
33115953	2020 Oct 28
33112509	2020 Nov
33111549	2021 Dec
33109602	2021 Mar
33109253	2020 Oct 27
33107629	2021 Apr
33101657	2020 Oct
33099657	2021 Feb
33099538	2020 Oct 25
33096361	2020 Dec
33079387	2021 Mar
33075482	2021 Jan
33066270	2020 Oct 13
33063931	2020 Nov
33063168	2021 Apr
33062167	2020 Oct 8
33060739	2020 Oct 15
33045318	2020 Dec
33042421	2020
33037617	2021 May
33034147	2021 Mar
33029956	2020 Oct
33027770	2020 Oct 7
33023972	2020 Nov 18
33022338	2021 Feb 10
33022131	2021 Mar
33013396	2020
32992936	2020 Sep 25
32991618	2020
32979209	2021
32979207	2021
32979204	2021
32978775	2021 Apr
32977456	2020 Sep 23
32976505	2020
32965793	2020 Nov
32963046	2020 Dec
32955487	2020 Oct 1
32954793	2021 Dec
32946669	2020 Nov
32943744	2020 Sep 17
32940061	2021 Dec
32938906	2020 Sep 16
32938794	2020 Sep 16
32926854	2020 Dec
32916025	2021 Feb
32914937	2020 Oct
32899361	2020 Sep 3
32895234	2020 Dec
32894532	2020 Aug
32887644	2020 Sep 4
32886146	2020 Dec
32882584	2020 Nov
32878982	2020 Sep 2
32866681	2021 Jan
32866644	2020 Nov
32859940	2020 Aug 28
32858189	2020 Dec
32854712	2020 Aug 27
32843678	2020 Aug 25
32822332	2020 Aug 21
32818603	2020 Nov
32816052	2020 Dec
32807933	2020 Oct
32805696	2020 Nov
32805694	2020 Nov
32803252	2020 Sep 30
32792951	2020
32789555	2021 Feb
32782506	2020 Sep
32778777	2020 Aug 10
32778764	2020 Aug 10
32776418	2020 Sep
32770199	2021 Jan 5
32768958	2020 Sep
32768686	2020 Dec
32767602	2020 Sep
32764573	2020 Aug 6
32763417	2020 Dec 5
32757664	2020 Jan-Dec
32754258	2020
32730652	2021 Mar
32726122	2020
32723351	2020 Jul 28
32716577	2020 Sep
32709223	2020 Jul 24
32705174	2020 Sep
32693649	2020 Dec
32691066	2020 Oct 1
32683043	2020 Oct
32679132	2020 Oct 15
32678020	2020 Jul 16
32668663	2020 Jul 13
32665267	2020 Oct
32660984	2020 Nov
32659345	2020 Oct
32658313	2021 May
32656644	2020 Nov
32652826	2020 Aug
32647171	2020 Jul 9
32643707	2020 Jul 9
32638534	2020 Dec
32637608	2020 Jun
32636527	2021 May
32635763	2020 Sep
32634440	2020 Sep 15
32633950	2020 Jul 22
32632306	2020 Jul 6
32629163	2020 Oct
32626917	2020 Jul
32622876	2020 Oct
32616521	2020 Jul 14
32615822	2020 Aug
32612184	2020 Jul 1
32602242	2020 Dec
32600700	2020 Oct
32597443	2020 Aug 7
32596691	2020 Jun
35005113	2022 Jan
32590318	2020 Sep
32587244	2020 Jun 25
32586093	2020 Jul 24
32584470	2020 Nov
32581777	2020
32581428	2020 Jun
32580167	2020 Jun 24
32573694	2020 Sep 7
32573417	2021 Jan-Feb
32572077	2020 Jun 22
32564468	2020 Aug
32564401	2020 Nov
32556726	2020 Nov
32555459	2020 Jul
32550912	2020
32545631	2020 Jun 12
32544091	2020 Jul 9
32533926	2020 Sep
32532183	2021 Dec
32532182	2021 Dec
32529755	2020 Jul
32528301	2020
32526967	2020 Jun 9
32518750	2020 Sep
32518385	2020 Jun 9
32517436	2020 Mar-Apr
32515588	2020 Jul 9
32514515	2020 Jun 24
36474685	2020 Sep
32499111	2020 Jul 12
32486519	2020 May 31
32485353	2020 Aug
36474686	2020 Sep
32476443	2021 Dec
32453422	2020 Aug 3
32449702	2020 May 6
32445705	2020 Aug 15
32442041	2020 Sep
32441256	2020 May 22
32439403	2020 Oct 5
32438772	2020 May 19
32437968	2020 Aug
32431699	2020
32430054	2020 May 19
32428685	2020 Jul 15
32426485	2020 May
32420987	2020 Apr 24
32418287	2020 Oct
32416098	2020 Aug
32413742	2020 Jul
32411129	2020
32409323	2020 Aug
32404427	2020 Jun 2
32394143	2020 Jul
32393335	2020 May 11
32381549	2020 Jul
32371954	2020 May 5
32371389	2020 Jul
32361653	2020 Jul
32360537	2020 Jul
32357909	2020 May 1
32355794	2020 Mar
32350292	2020 Apr 29
32345916	2020 Sep 1
32343998	2020 Jul 15
32339712	2020 Jun
32339698	2020 Jul
32336048	2020 Sep
32335541	2020 Apr 26
32334386	2020 Jul
32334102	2020 Aug
32332252	2020 Sep 1
32330796	2020 Jul
32330138	2020
32326610	2020 Apr 15
32326143	2020 Apr 21
32323440	2020 Oct
32315726	2020 Jul 15
32315715	2020 Jul
32311485	2020 Aug 10
32302289	2020 Apr 16
32298781	2020 Oct
32295898	2020 Apr 15
32295649	2020 Apr 15
32290085	2020 Apr 10
32286705	2020 Aug
32284824	2020
32283184	2020 Jul
32281401	2021 Dec
32280355	2020
32277513	2020 May
32276503	2020 Apr 8
32273685	2020
32272195	2020 Jun
32270890	2020 Oct
32269734	2020
32247641	2020 Apr
32228637	2020 Mar 30
32222871	2020 Aug
32222415	2020 May
32220312	2020 Apr 16
32216270	2020 Apr 21
32214220	2020 Mar 25
32208385	2020 Apr 23
32205337	2020 May
32204600	2021 Dec
32203488	2020 Jun
32200413	2020 May
32197418	2020 Mar 18
32196852	2020 Aug
32186772	2020 May
32183900	2020 Mar 17
32175635	2020 May
32173627	2020 May
32163857	2020 May
32162789	2020 Aug
32161544	2020
32159191	2020 Mar 26
32156705	2020 May
32156482	2020 Apr
32154622	2020 Apr
32151961	2020 May
32147536	2020 Jun
32140758	2020 Jul
32140066	2020
32134140	2020 Nov
32132930	2020
32124494	2020 Apr
32124251	2020 May
32122385	2020 Mar 2
32117912	2020
32108917	2020 Feb 27
32101827	2020 Mar 12
32101625	2020 Jul
32099720	2020 Mar
32098291	2020 Feb 22
32094158	2020 Apr
32092739	2020
32090454	2020 Apr
32087740	2020 Feb 22
32084364	2020 May
32083237	2020 Feb
32073014	2020 Mar 1
32069441	2020 Mar 13
32067417	2020 Jul
32061965	2020 Apr
32060941	2020 Nov
32059749	2020 Feb 14
32058211	2020 May
32052890	2020 Apr
32045921	2019
32045824	2020 May 10
32044353	2020 May
32040598	2020 Jun
32034262	2020 Feb 7
32028021	2020 Apr
32025239	2020
32013856	2020
32012117	2020 Feb 1
32010148	2019
32007797	2020 Apr
32007503	2020 May
32006659	2020 May
31993924	2020 Jun
31992922	2020 Feb
31992827	2020 Jan 28
31989845	2021 Dec
36474558	2020 Mar
31982564	2020 May
31982563	2020 May
31981416	2020 May
31980519	2020 Feb 11
31975545	2020 Mar
31972221	2020 Mar 15
31963938	2020 Jan 19
31961065	2020 Jul
31958497	2020 Mar
31949286	2020 Mar
31945456	2020 Apr
31945013	2020 Jan 16
31940860	2020 Jan 11
31939630	2020 Jan 15
31937149	2020 May-Jul
31935848	2020 Jan 6
31934329	2019 Dec
31934282	2019
31932746	2020 Jan 13
31932325	2020 Mar 23
31928851	2020 Sep
31926929	2020 Apr
31926346	2020 Apr
31925860	2020 Feb
31922219	2020 Mar
31918221	2020 Feb
31915516	2019
31911151	2020 Mar
31910305	2020 May
31906765	2020 Dec
31905764	2019 Dec 29
31901095	2020 Jan 1
31897918	2020 Jun
31895692	2019 Dec 30
31894302	2020 Feb
31889132	2019 Dec 30
31885823	2019
31883860	2020 Jan
31881177	2020 Feb 1
31876323	2020 Apr
31876072	2020 Jan
31863959	2020 Mar
31860662	2019
31857163	2020 Feb 1
31855117	2019 Dec
31849953	2019
31849213	2020 Jan 15
31837326	2020 Feb
31837247	2020 Jul
31830592	2020 Apr
31829201	2019 Dec 11
31828429	2020 Mar
31828128	2019
31827706	2019
31826327	2020 Feb
31815524	2020 Jun
31794570	2019
31791585	2020 Feb 12
31788947	2020 Mar
31784401	2020 Jan
31781343	2019
31774632	2020 Feb
31774188	2020 May
31772142	2019 Nov 26
31771658	2019 Nov 27
31768001	2020 Mar
31765607	2020 Jan 15
31757676	2020 Jan
31756130	2020 Jan
31754732	2019 Dec
31752825	2019 Nov 21
31748609	2019 Nov 20
31742919	2020 Feb
31735552	2019 Dec
31718284	2021 Dec
31711940	2019 Dec
31705125	2019 Dec
31700695	2019
31696655	2020 Apr
31695756	2019
31686786	2019
31673109	2019 Oct 31
31672600	2020 Jan
31666999	2019
31662319	2020 Jan
31661144	2019 Dec
31655387	2019 Dec
31654748	2019 Dec 15
31653858	2019 Oct 25
31649847	2019 Sep
31648929	2020 Mar
31648137	2020 Jan
31647983	2020 Jan
31646754	2020 Apr
31646013	2019
31644429	2019 Oct 22
31638855	2019 Dec 1
31636264	2019 Oct 21
31635173	2019 Oct 20
31634652	2020 Jan
31634584	2020 May
31631977	2019
31610189	2019 Dec 1
31609601	2019 Nov 11
31608709	2019 Dec
31608495	2020 Mar
31608494	2020 Mar
31606726	2019 Oct 11
31597574	2019 Oct 9
31590845	2020 Jan 1
31586865	2019 Dec
31586161	2019 Dec
31586040	2019 Oct 4
31577939	2020 Jan 30
31569601	2019 Sep 27
31568919	2019 Dec
31563117	2019 Nov
31559470	2020 Feb
31557835	2019 Sep 25
31548177	2019 Oct
31539804	2020 Jan
31534552	2019
31534049	2019 Sep 19
31534047	2019 Sep 19
31530037	2020 Jan
31520482	2020 Feb
31511053	2019 Sep 11
31500508	2020 Jul
31497826	2019 Sep 1
31496660	2019
31495394	2019 Apr
31485657	2019 Oct
31482846	2019 Sep 4
31475206	2019 Jul
31464310	2019 Sep 1
31447845	2019
31424112	2019 Dec
31422941	2019 Aug 17
31410487	2020 Mar 1
31410125	2019 Sep
31408372	2019 Nov
31407595	2019 Jun
31402982	2019 Aug
31402800	2019 Jun
31396630	2019 Dec 1
31390373	2019
31384309	2019
31382618	2019 Aug 3
31380381	2019
31371812	2019 Aug 1
31369767	2019 Sep 10
31368870	2019
31364719	2019 Oct
31362725	2019 Jul 30
31362078	2019 Sep 10
31359010	2019 Aug 1
31357086	2019 Oct
31353019	2019 Sep 20
31351964	2019 Nov
31351471	2019 Jul 27
31350386	2019 Jul 26
31343261	2019 Jul
31339809	2020 Jul
31332781	2019 Oct
31331074	2019 Jul 19
31325727	2019 Oct
31313630	2019 Sep
31310911	2019 Oct
31308631	2019
31307784	2019 Sep 10
31304988	2019 Nov
31302422	2019 Oct
31298072	2019 Nov
31293216	2019 Aug
31287025	2019 Jul 8
31285423	2019 Jul 8
31285188	2019 Jul
31283994	2019 Oct
31283983	2019 Dec
31283041	2019 Nov
31278964	2019 Sep 5
31276817	2019 Dec
31274342	2020 Sep
31265883	2019 Oct
31261789	2019 Jun 28
31258481	2019
31255600	2019 Sep 15
31253842	2019 Jun 28
31239673	2019
31239244	2019 Oct
31236745	2019 Jun 24
31229684	2019 Oct
31228817	2019 Sep
31226261	2019 Sep 15
31222033	2019 Jun 20
31214026	2019
31211955	2019 Sep 1
31209459	2019 Jul 1
31208723	2019 Aug 20
31208715	2019 Aug 13
31204557	2020 Mar
31204523	2019 Dec
31201921	2019 Sep 1
31201586	2019 Oct
31191517	2019
31190561	2019 Dec
31189572	2019 Jul 15
31189030	2019 Sep
31186141	2019 Aug 13
31182152	2019 Jun 10
31176017	2019 Oct
31176016	2019 Oct
31169312	2019 Dec
31164994	2019 Jun
31161622	2019 Dec
31160553	2019 Jun 3
31152077	2019 Jul 15
31148341	2019 Aug
31136803	2019 Sep
31132316	2019 Jul
31131874	2019 Sep
31130863	2019
31119776	2019 Oct
31113964	2019 May 21
31108241	2019 Aug
31107916	2019
31107137	2019 Jul
31102286	2019 Dec
31094031	2019 Jul
31092864	2019 May 15
31085006	2019 Jul
31084709	2019 May 14
31075235	2019 Jul 1
31068441	2019 May 8
31051168	2019 Jul
31044181	2019 Apr
31042406	2019 Aug
31040782	2019
31034758	2019 Sep
31033977	2019 Jun 25
31032948	2019 Nov
31025923	2020 Jan-Feb
31010247	2019 Apr 19
31007149	2020 Feb
30983153	2019 Jun
30981080	2019 Jul
30976283	2019 Feb
30973882	2019
30972197	2019
30972174	2019
30968404	2019 Nov
30965235	2019 Jun
30959278	2019 Jun
30954385	2019 Jun
30953645	2019 Jul 1
30945580	2020 Oct
30944259	2019 Apr 4
30944169	2019 Apr 3
30944034	2019 Apr 3
30942801	2019 Apr 1
30942447	2019 Jun
30940879	2019 Jun
30938722	2019 Apr 17
30936160	2019 Jun
30933975	2019 Apr
30932160	2019 Apr 1
30931327	2019
30927715	2019 Jun
30926814	2019 Mar 29
30926645	2019 May 1
30925135	2019 Jun
30923347	2019 May
30922122	2019 Nov
30919211	2019 Apr
30917318	2019 Mar 26
30915215	2019 Feb
30912140	2019 Aug
30906129	2019 May-Jun
30903825	2019 Jun
30900717	2019 Apr 4
30899609	2019 Jan 9
30897501	2019 Jun
30897138	2019
30896805	2019 May
30896583	2019 Aug 15
30891782	2019 Apr
30891766	2019 Apr
30886197	2019 Mar 18
30873504	2018 Jun
30873124	2019
30871515	2019 Mar 12
30867044	2019 Mar 12
30862915	2019 Mar 12
30862648	2019 May
30862504	2019 Jul
30861471	2019 Jun
30861394	2019 Jun
30857415	2019 Jun
30854241	2019
30847744	2019 Aug
30844228	2019 Mar 27
30842121	2019 May
30837642	2019 Mar 5
30836057	2019 Jul
30834523	2019 Aug
30828764	2019 Aug
30826358	2019 Mar
30813547	2019 Feb 26
30808624	2019 May
30798606	2019 Mar 20
30792936	2019
30791745	2019 Jan-Dec
30791741	2019 Jan-Dec
30782019	2019 Sep
30776646	2019 Apr
30775942	2019 May
30773420	2019 Mar 15
30771739	2019 Apr
30767746	2020
30746895	2019 Apr
30745310	2019 Apr
30740905	2019 Jun
30731321	2019 Mar 1
30730609	2019 Aug
30729704	2019 Apr
30729487	2019
30729479	2019
30729471	2019
30728776	2019
30728500	2019 Feb
30720093	2019 Apr
30718510	2019 Feb 4
30718470	2019 Jan 18
30716535	2019 Jun
30707846	2019 Dec
30704288	2021 Jul
30703868	2019 Feb 28
30692016	2019 Mar 6
30685700	2019 Apr
30685487	2019 May
30682804	2019 Jan 24
30679644	2019 Jan 24
30674985	2019 Jan 23
30665716	2019 Feb 26
30664999	2019 Mar 25
30663676	2019 Jan 7
30659184	2019 Jan 18
30654932	2019 Feb 19
30654118	2019 Apr
30652828	2019 Jan 10
30649473	2019 Jun 1
30644575	2019 Mar
30644168	2019 Mar
30642012	2019 Jan 11
30638309	2019 Jul
30635602	2019 Jan 11
30635030	2019 Jan 11
30629676	2019
30629441	2019 Feb 14
30628591	2019 Feb 26
30623241	2019 Apr
30622281	2019 Jan 8
30612118	2019 Mar
30610922	2019 Apr
30610061	2019 Mar
30606217	2019 Jan 3
30604480	2019 Mar
30587175	2018 Dec 26
30586667	2019 Feb
30584213	2019 Jan 22
30582743	2018 Dec 23
30572121	2019 Mar
30569118	2019 Feb
30566959	2018
30554495	2019 Jan
30550885	2019 Feb 1
30550637	2019 Feb
30548602	2019 Aug
30542413	2018 Dec
30542285	2018
30523147	2019 Jan 15
30522383	2019 Feb
30530994	2019 Mar 1
30521964	2019 Jan
30521117	2018 Dec
30506914	2019 May
30502449	2019 Mar
30513362	2019 Mar
30510442	2018
30500068	2019 May
30496783	2019 Mar 20
30496623	2019 Apr
30485272	2018
30485126	2019 Mar
30471420	2019 Jul
30471381	2019 Feb
30471358	2019 Feb
30465058	2019 Jan
30448827	2018
30443190	2018
30429089	2018 Dec
30417459	2019 May
30408629	2018 Dec
30405206	2018 Nov 7
30404032	2019 Feb
30398288	2018 Nov 6
30388100	2018
30385786	2018 Nov 1
31949599	2018
30379418	2019 Apr
30366509	2018 Oct
30349873	2018 Apr 9
30345823	2019 Jul
30340603	2018 Oct 19
30339839	2019 Jan
30327434	2018 Dec 7
30324848	2018
30311846	2018 Oct
30305454	2018 Oct 10
30305302	2018 Oct 8
30302948	2019 Apr
30299441	2018 Nov 14
30287858	2018 Oct 4
30287418	2019 Jan
30282957	2018 Oct 3
30278915	2018 Nov
30277570	2018 Nov
30273917	2018 Dec
30272322	2018 Dec
30271853	2017 Dec
30267404	2018 Dec
30264402	2018 Oct
30261507	2018
30257711	2018 Sep 26
30252968	2019 Feb
30248505	2019 Jan
30247799	2018 Dec
30246031	2018
30244259	2018 Sep 23
30242147	2018 Sep 21
30240938	2019 Jan
30240153	2018 Dec
30237578	2018 Sep 20
30237492	2018 Sep 20
30235245	2018
30232451	2018 Oct
30232322	2018 Sep 19
30225954	2019 Mar
30224931	2018
30220231	2019 Nov
30218608	2018 Sep 15
30218055	2018 Sep 14
30210898	2018
30209244	2018 Sep 12
30205482	2018 Sep 7
30204915	2019 Jan 1
30201491	2018 Dec
30195046	2018 Dec
30193893	2019 Apr
30185988	2018 Oct
30185781	2018 Sep 5
30179205	2018 Sep 1
30160278	2018 Sep 19
30154423	2018 Aug 28
30149233	2018 Nov
30148052	2018
30145831	2018 Dec
30145794	2019 Mar
30144364	2019 Apr
30144298	2019 Feb
30144066	2018 Jan
30143643	2018 Aug 24
30140293	2018
30139714	2018 Aug
30135182	2018 Oct 1
30134310	2018 Nov 1
30125727	2018 Nov
30125096	2018 Sep 19
30121673	2018
30119244	2018 Oct
30116335	2018 Aug
30111653	2018 Sep 20
30101191	2018 Aug
30099277	2018 Nov
30098273	2018 Oct
30088034	2018 Oct
30086379	2018 Nov
30079380	2018
30078186	2018 Jan
30075737	2018 Aug 3
30075312	2018 Oct
30074264	2018 Nov
30071308	2018 Oct 5
30070692	2019 Feb
30070297	2018 Aug 15
30070147	2019 Feb
30061164	2018 Nov
30060740	2018 Jul 30
30059491	2018 Jul 30
30057417	2018 Dec
30044894	2018 Nov
30044827	2018
30043596	2018 Jul 24
30042178	2018 Aug 2
30031925	2018 Nov
30019597	2020 Jul
30018076	2018 Aug 31
30016600	2019 Jan
30015238	2018 Sep
30010080	2018 Nov
29997113	2018 Oct
29992982	2018 Jul 11
29991473	2018 Oct
29987897	2019 Jan
29982662	2018 Oct 1
29980577	2018 Nov
29974310	2019 Feb
29972184	2018 Jul 19
29971011	2018
29956284	2018
29956271	2018
29949791	2018
29940267	2018 Sep
29940143	2018 Sep 5
29930022	2018 Nov 20
29928576	2018 Jun
29925506	2018 Sep
29923670	2018 Jul 26
29922443	2018 Mar
29921656	2018 Jun 19
29920476	2018 Jun 19
29917178	2018 Jun
29915560	2018
29908959	2018 Sep
29898959	2018 Jul 15
29898872	2018 Jun
29898378	2018 Sep 1
29883943	2018 Sep
29879379	2018 Nov
29875586	2018 Apr-Jun
29874688	2018 Jul
29870552	2018
29868252	2018
29867945	2018
29867478	2018
29858052	2018 Jun 1
29857156	2018 Aug
29849491	2018
29843768	2018 May 29
29843156	2018
29808705	2020 Jan
29802156	2018 Aug 31
29797602	2018 Sep
29784003	2018 May 21
29781506	2018 Nov
29779621	2018 Jul
29775231	2018 Sep
29774080	2018
29768985	2018 Jun
29766025	2018 Jun 15
29755657	2018 Apr 17
29752100	2018 Aug 1
29750304	2018 Jul
29748647	2018 Jun
29747748	2018 Apr 1
29747385	2018 May 9
29746861	2018 Jun 22
29744983	2018 Aug
29739985	2018 May 8
29720262	2018 May 2
29718273	2018 Jun 1
29712620	2018 Apr 30
29710511	2018 Jul
29710506	2018 Jul
29702220	2018 Jul
29694646	2018
29693122	2018 Jun
29691435	2018 Apr 24
29691281	2018 Jun 8
29686224	2018 Apr 23
29681797	2018
29679904	2018 Jul
29678719	2018 Jul 5
29678417	2018 Jun 6
29669931	2018 Apr 19
29667227	2018 Sep
29665134	2018 Sep
29661110	2018 May-Aug
29652075	2018 Apr 13
29636687	2018
29636082	2018 Apr 10
29624738	2018 Sep
29622035	2018 Apr 5
29618773	2018 Apr 4
29618652	2018 Apr 5
29608013	2018 Apr 2
29604337	2018 Jun
29604191	2018 Sep
29589441	2018 Apr 26
29587623	2018 Jul
29575932	2018
29575548	2018 Jun
29563338	2018 Mar 22
29559252	2018 Jun
29555825	2018 Jun
29554973	2018 Mar 20
29550827	2018
29549054	2018 Jun
29547721	2018 Mar 15
29540857	2018 May
29540697	2018 Mar 14
29535518	2018
29534535	2018 Mar 12
29524442	2018 Apr 28
29514675	2018 Mar 7
29513553	2018 Apr
29511435	2018
29510478	2018 Mar 3
29488175	2018 Mar
29485196	2018 Jul
29484338	2018 Mar 1
29476740	2018 Mar 4
29474860	2018 May 20
29473075	2018 Mar 1
29453795	2018 Feb 17
29448248	2018
29444976	2018 Feb 14
29440889	2018
29436471	2018 May
29434766	2018 Feb
29434299	2018 Feb 12
29434267	2018 Feb 12
29432995	2018 Apr
29423330	2018
29422077	2018 Feb 8
29417902	2018 Apr
29415892	2018 Feb 8
29413962	2018 May
29412694	2018 Mar
29402405	2018 Feb 2
29391276	2018 Apr
29379010	2018 Jan 29
29377313	2018 Jun
29373806	2018 Mar
29373032	2018 Mar 2
29366446	2018 Apr
29343182	2018 Jul
29329496	2018 May
29327460	2018 Feb
29323710	2018 Aug
29323204	2018 Jan 11
29323130	2018 Jan 11
29319178	2018 Sep
29317792	2017
29317453	2018 Mar 22
29314205	2018 May
29313174	2018 Oct
29311146	2018 Mar
29310791	2018
29309831	2018 Apr
29308811	2018 Jan 25
29305974	2018 Mar 10
29301300	2018 Jan 2
29299344	2017
32309598	2017 Dec 31
29286152	2018 Mar
29258611	2017 Dec 19
29255152	2017 Dec 18
29250157	2018 Jan
29250145	2017 Dec
29247798	2018 Feb 20
29247173	2017 Dec 15
29247144	2018 Jan 17
29245931	2017 Nov 21
29233086	2017 Dec 12
29230102	2017
29228600	2017 Nov 14
29219023	2018 Jan
29215722	2018 Jul
29208566	2018 Jan
29196708	2017 Dec 1
29196459	2018 Jan 15
29192123	2018 Feb
29191088	2018 Apr
29183039	2017
29176667	2017 Nov 24
29168867	2018 Jan 24
29161460	2018 Feb
29157984	2018 Jan 5
29155252	2018 Apr
29145712	2018 Mar
29145453	2017
29133260	2018 Jan 1
29126427	2017 Nov 10
29111592	2018 Mar
29103324	2018 Dec
29100502	2017 Nov 3
29097208	2018 Jan 1
29094382	2018 Feb
29088666	2017 Oct
31966426	2017
29074299	2018 Jan
29074298	2018 Jan
29073363	2018 Mar
29072283	2017 Oct 24
29070587	2018 Feb
29068480	2018 May
29061494	2018 Jan
29058776	2018 Feb
29057471	2018 Sep
29055957	2017
29049670	2018 Jan 1
29040066	2017 Nov 27
29039501	2017 Dec
29039445	2017 Dec
29035380	2018 Jan
29033951	2017
29030641	2017 Oct 13
29028430	2017 Oct
29026147	2017 Oct 12
29024567	2018 Feb
28992367	2018 Jan
28981117	2017 Oct 5
28977876	2017 Sep 22
28969686	2017 Sep 29
28963813	2017 Dec
28955486	2017
28949389	2017 Nov
28944864	2017 Nov
28943207	2017 Nov 25
28942223	2017 Nov
28941045	2017 Dec
28933476	2017 Nov 15
28928664	2017
28919430	2017 Dec
28919376	2017 Dec 6
28898438	2018 Feb
28893232	2017 Sep 11
28886316	2017 Aug 30
28884332	2017 Dec
28882752	2017 Dec
28877431	2017 Oct 24
28849222	2017 Oct
28844955	2017 Dec
28844566	2018 Jan
28835277	2017 Aug 23
28829242	2017 Sep
28813497	2017
28811491	2017 Aug 15
28807034	2017 Aug 14
28803211	2017 Oct
28802150	2017 Oct
28801209	2017 Nov
28782172	2018 Jan
28778596	2017 Oct
28769981	2017
28767178	2018 Mar
28765925	2017 Sep
28765635	2017 Aug 1
28765519	2017 Aug 2
28764769	2017 Aug 2
28760350	2017 Nov
28759313	2017 Dec
28757192	2017 Oct 15
28751919	2017
28736799	2017 Aug
28735352	2017 Nov
28735299	2017 Oct
28735021	2017 Nov
28732855	2017 Oct 1
28729639	2017 Jul 21
28716756	2017 Nov
28715494	2017
28705238	2017 Jul 14
28695367	2017 Oct
28694081	2017 Oct
28688538	2017 Jul 26
28684418	2017 Sep 1
28684192	2017 Oct
28684076	2017 Aug
28678406	2017 Oct
28677757	2017 Sep
28677145	2017 Nov
28676845	2017
28674255	2017
28671685	2017 Aug
28670109	2017
28669597	2017 Jul
28668542	2017 Oct
28666466	2017 Jun 30
28666239	2017 Sep
28659793	2017
28648299	2017 Jun
28647370	2017 Aug 26
28646530	2018 Jan
28643904	2017 Jun
28643466	2017 Dec
28638676	2017
28627522	2017 Jun 19
28622746	2017 Jul
28620193	2017 Jun 15
28614801	2017 Jun 15
28611369	2017 Jun 13
28593930	2017 Nov 27
28583899	2017 Sep
28579418	2017 Sep
28548102	2017 May 26
28545881	2017 Sep
28545594	2017 May 25
28544596	2017 Sep
28544542	2017 Sep
28542404	2017
28539595	2017 May 24
28535500	2017
28532603	2017 Sep
28520086	2018 Jan
28514714	2017 Jul
28513981	2018 Jan
28500074	2017 Jun 15
28495577	2017 Jul 28
28492224	2017 May 11
28482921	2017 May 8
28471533	2017 Dec
28464560	2017 Aug
28457885	2017 May 9
28437887	2017 Jun
28437129	2017 Jun 2
28436958	2017 Jun
28435151	2017 Jun
28427172	2017 May 2
28426699	2017
28420447	2017 Apr 18
28419987	2017
28410428	2017
28409895	2017 Jul
28409828	2017 Oct
28407495	2017 Jul
28406954	2017
28405000	2017 Jun
28389425	2017 Jul
28384173	2017
28383548	2017 Apr 6
28380690	2017 Jul
28374574	2017 Sep
28366649	2017 Jun 15
28358372	2017 Mar 30
28349987	2017 Mar 28
28348422	2017 Feb 14
28345597	2017 Mar 27
28334504	2017 Jul
28334010	2017
28332497	2017 Mar 23
28323137	2017 Jul
28317846	2017 Mar 20
28314754	2017 Jul
28303909	2017 Mar 17
28301858	2017 Apr
28279188	2017 Mar 9
28259960	2017 Apr
28254683	2017 May
28252046	2017 Mar 2
28252005	2017 Mar 2
28250578	2017
28242648	2017 Apr 1
28239846	2017 May
28225087	2017 Feb 22
28220902	2017 Feb 21
28214840	2017
28213268	2017 Apr
28202914	2017 Mar
28194447	2017 Feb 9
28189827	2017 Jun
28185846	2017 Jul
28181577	2017 Feb 9
28168658	2017 Jun
28165497	2017 Feb 6
28164729	2017 Dec
28141918	2017 Jun
28139355	2017 Mar 1
28128866	2017 May
28122611	2017 Jan 25
28120109	2017 May
28109308	2017 Jan 21
28108560	2017 Mar 1
28106517	2017 Mar
28104539	2017 May
28097228	2017 Jan 12
28086000	2017 Jun
28071693	2017 Jan 10
28070636	2017 Apr
28070626	2017 Apr
28064223	2017 Jan 2
28063227	2017 Dec
28063212	2017 Nov
28043938	2017 Jun
28030474	2017 May
28005443	2017 May-Jul
27965322	2017 Mar
27965260	2017 May
27941690	2016 Dec 9
27941314	2016
27935109	2017 Sep
27932245	2017 Jan 22
27926509	2017 Jan 10
27918314	2017 Mar
27916560	2017 May
27911782	2016 Dec 13
27903449	2017 Apr
27902701	2016 Nov
27882938	2016 Nov 24
27878995	2017 Sep
27863298	2017 Jan
27856294	2017 Jun
27855162	2016 Nov
27853940	2017 Nov
27851983	2017 Feb
27845876	2017 Apr 1
27840128	2017 May
27836674	2017 Apr
27830706	2016 Nov 10
27829535	2017 Feb
27816790	2017 Jan
27746376	2017 Mar
27808352	2017 Jul
27805288	2017 Sep
27789465	2017 Apr
27792866	2017 Mar
27640147	2016 Nov
27784871	2016
27693501	2017 Feb
27780308	2017 Mar
27778194	2017 Jan
27688095	2016 Oct
27720885	2017 Mar
27663233	2017 Jan
27769098	2017 Aug
27768832	2017 Mar
27766035	2016
27766031	2016
27368432	2016 Oct
27758860	2016 Nov 11
27752896	2016 Oct
27737897	2017 Jan
27732085	2016 Dec
27729913	2016
27727159	2016 Oct 11
27716396	2016 Oct 4
27716333	2016 Oct 3
27696748	2018 Jan
27689003	2016 Oct
27688845	2016 Oct
27688842	2016 Oct
27682878	2016 Nov 8
27666725	2017 Feb
27664978	2017 Mar
27664939	2017 Aug
27654963	2017 Mar
27646532	2017 May
27640363	2016 Sep 19
27635406	2016
27627706	2016 Dec
27624384	2017 Sep
27621213	2017 Mar
27611831	2016
27601064	2016 Oct
27601010	2017 Aug
27591401	2017 Mar
27587077	2017 Jan
27584727	2016
27579819	2016
27574462	2016
27568574	2017 Jan
27567942	2017 Apr
27567476	2016 Aug
27564840	2017 Feb
27563877	2016 Aug 23
27550416	2016 Aug 23
27549172	2016 Oct 1
27548066	2016
27543413	2016 Nov
27541035	2016 Oct
27539752	2016 Aug 19
27516624	2017 Jun 1
27515912	2016 Aug 11
27515513	2016 Oct
27514996	2017 Jan
27509914	2016 Oct
27505251	2016
27500994	2017 Mar
27499126	2016 Aug
27483347	2016 Oct 1
27480933	2017 Mar
27477830	2017 Mar
27473558	2016 Dec
27463229	2017 May
27459679	2016 Aug 24
27457421	2016 Jul 26
27447821	2016 Oct
27427985	2016 Aug 1
27415616	2016
27416075	2017 May
27412524	2016 Jul 13
27391970	2016
27390029	2016 Dec
27388701	2016 Jul 8
27388238	2016 Sep
27377816	2017 Feb
27367673	2016 Jun 28
27365987	2016 Jul-Sep
27356303	2016 Oct 10
27346544	2016 Jun 27
27322244	2016 Jun 16
27315306	2016 Aug
27280771	2016
27275015	2016 May 19
27271273	2018 May
27270603	2016
27260322	2016 Jun 3
27256712	2016 Jul
27245323	2016 May 31
27238423	2017 Apr
27236646	2016 Sep
27236261	2017 Jan
27234527	2016 Oct
27214709	2016 May 16
27211864	2016 Oct
27211863	2016 Oct
27194025	2016 May 18
27183574	2016 Jun 15
27183538	2016 Oct
27165180	2017 Jan
27163789	2016
27159257	2016 Aug
27159076	2016 Oct
27153222	2017 Feb
27147711	2017 Jan
27147707	2017 Feb
27147295	2017 Jun
27129293	2016 Jun
27123995	2016
27122313	2016 May 10
27118398	2016 Sep
27118120	2016 Jul
27104565	2016 Apr 20
27099487	2016
27088242	2017 Mar
27087498	2016 Apr 18
27086115	2016 Jun 14
27077804	2016 Apr 14
27075702	2016 Jul
27070563	2016 Apr 8
27066786	2016 Oct
27041213	2016 Apr 4
27041063	2016 Apr 4
27040636	2016
27036883	2016 Mar 31
27031945	2017 Mar
27031305	2016 Jul
27030100	2016 Mar 31
27018594	2016 May 2
27009967	2016 Mar 24
26994554	2016 Nov
26991527	2016 Sep
26983696	2016 Mar 17
26963384	2016
26945456	2016 May
26944403	2016 Mar 5
26932821	2016 Mar 1
26910618	2016 Jun
30258877	2016 Mar
26903440	2016 Nov
26903297	2016 Mar 25
26903200	2016 Jul
26901593	2016 Oct
26901193	2016 Feb 18
26896926	2016 Apr
26896841	2016 Nov
26890138	2016 Feb 18
26866626	2016 Aug
26860366	2016 Feb 10
26853752	2016 Jul
26853108	2016 Feb 8
26852666	2016 May
26851274	2016 Nov
26838881	2016 Apr 1
26837060	2016 Jul
26830207	2016 Mar
26826014	2016 Oct
26815610	2016
26815411	2016 Jul
26806292	2016 Mar
26797130	2016 Mar 25
26794862	2016 Feb
26794830	2016 Jan 21
26794603	2016 Mar 4
26784366	2016 Mar 4
26783110	2016 Dec
26774733	2016 May
26746673	2016 Jan 8
26746150	2016 Jun
26746148	2016 Jun
26741062	2016 Mar
26728350	2016 Jan 5
26722492	2015
26721735	2016 Mar
26714479	2015 Dec 18
26713680	2016 Mar
26713606	2016 Jun
26712566	2016 Feb 17
26707987	2016 Jan
26703223	2015 Dec 25
26698846	2016 Nov
26697956	2016 Jul
26687826	2016 May
26687825	2016 May
26687824	2016 May
26687115	2016 May
26686833	2016 Jul
26683663	2016 Feb
26674424	2015 Dec 18
26673737	2015 Jun
26663140	2016 May
26657859	2016 Jan
26655743	2016 Jan
26642431	2015 Dec 4
26639398	2015 Dec 7
26636652	2016 Apr
26634249	2015 Dec 4
26625129	2016 Feb
26617711	2015
26608362	2016 Feb
26605758	2016 Apr
26605536	2016 Apr
26604215	2016 Mar
26596790	2016 Apr
26585241	2016 Apr
26584570	2015 Nov 20
26578310	2015 Nov 17
26573409	2016 Jan
26563344	2015 Nov 13
26562438	2015
26560184	2016 Jan
26550169	2015
26546411	2015 Nov 7
26531672	2015 Nov 4
26530111	2015 Nov 4
26525853	2015 Nov 27
26522700	2016 Apr
26521748	2015 Nov
26521744	2015 Nov
26521733	2015 Nov
26507256	2016 Mar
26499313	2015 Dec
26496825	2015 Dec
26493329	2016 Mar
26492575	2015
26473405	2016 Feb
26470720	2016 Sep
26458773	2015 Oct 13
26438631	2016 Feb
26438374	2016 Mar
26424839	2016 Mar
26424216	2015 Dec
26410555	2016 Feb
26408027	2015 Sep 26
26406452	2015 Dec
26405834	2016 Apr
26403062	2016 Mar
26400621	2016 Jan
26377571	2015 Nov
26362410	2016 Feb
26362183	2015 Oct 23
26361381	2016 Jan
26360647	2016 Jan
26355014	2015 Nov
26350038	2015 Nov
26340084	2016 Mar
26315393	2016 Jan
26290588	2016 Jun
26285672	2016 Jun
26279273	2015 Aug 17
26272361	2015 Oct
26271607	2015 Aug 14
26257191	2015 Nov
26256767	2016 Jan
26256766	2016 Jan
26253096	2016 Jul
26245691	2015 Nov
26245312	2015 Nov
26241779	2016 Jan
26224539	2015 Dec
26216049	2015 Sep
26213210	2015 Nov
26209889	2015 Dec
26208633	2015 Sep 1
26198357	2015 Jul 21
26198356	2015 Jul 21
26182366	2015 Apr 25
26171147	2015 Jul
26170306	2015 Jul 28
26152200	2015 Oct 1
26151638	2015
26141762	2015 Jul 15
26138248	2015 Aug
26133911	2015 Sep
26120841	2015
26109786	2015 Jun
26108578	2015 Jun 25
26103880	2015 Oct
26097038	2015 Oct
26092928	2015 Oct
26067584	2015 Oct
26045176	2015 Oct
26025096	2015 May 30
26018435	2015 Sep
26016689	2015 Dec
26015264	2015 Dec
26010756	2015
26000299	2015
25989359	2015 Oct
25985971	2016 May
25977571	2015 May
25976248	2015 Jul
25971876	2015 Jun
25969431	2015 Dec
25964075	2015 May 12
25953896	2015 Jun 26
25945040	2015
25940958	2015 May
25940877	2015 Sep
25939531	2015 Sep
25937028	2015 Sep
25937027	2015 Sep
25917196	2015 May
25909759	2015 Jun
25903444	2015 Nov
25891852	2015 May
25889639	2015 May 8
25888819	2015 Feb 16
25887369	2015 Sep
25876463	2015 Jun
25865393	2015 Aug
25845347	2015 Jun
25837919	2015 Mar
25828538	2015 Nov
25824140	2015 May
25817731	2015 May 8
25817332	2015 Jun 1
25800415	2015 Aug
25799352	2016 Nov
25797646	2015 May
25780732	2015 Feb 1
25764208	2015
25749876	2015 Jun
25749104	2015
25748082	2015 Jul
25737402	2015 Jul
25736064	2015 May
25733872	2015 Mar 10
25732515	2015 Jul
25728278	2015 Apr 13
25712012	2017 Apr
25708836	2015 Jun
25708245	2015 Jun
25707934	2015 Jul
25697137	2015 May
25693634	2015 Jun
25680653	2015 Jun
25680539	2015 May
25659934	2015 Apr 2
25659654	2015 Jun
25656376	2015 Feb 6
25655679	2015 Jun
25655021	2015 Sep
25631385	2015 Jan 29
25629889	2015 Mar 18
25628784	2014
25617057	2015 Jan 24
25604429	2015 May
25600960	2015 Apr
25600705	2015 Jan 20
25596416	2015 Mar 1
25593283	2015 Mar 15
25592835	2015 Feb 13
25589512	2015 Mar
25585625	2015 Jul
25573665	2015 Mar
25565665	2015 Jul
25559623	2015
26980374	2016 Mar 15
26980243	2016 Mar 15
26975998	2016 Mar 14
25550340	2016 Mar
25549200	2015 Mar
25545425	2015 Apr
25541297	2015 Apr
25529198	2015 Mar
25521919	2015 Mar
25519508	2015 May 1
25518303	2014 Aug
25517798	2015 Apr
25516005	2014 Dec 17
25498590	2015 Mar
25491303	2014 Dec 10
25475114	2016 Feb
25469820	2015 Mar
25453723	2015 Feb
25450854	2015 Feb
25435386	2015 Jan 2
25415768	2014 Dec 23
25415394	2015 Aug
25412149	2015 Mar
25410618	2015 Mar
25410057	2015 Feb
25403236	2014 Nov 17
25385707	2015 Feb
25385580	2014 Nov 25
25378349	2016 Jan
25374446	2014
25371442	2016 Jan
25368604	2014
25366485	2014
25341039	2014 Oct 23
25340802	2014 Oct 23
25332857	2014
25331977	2015 Feb
25331953	2014 Dec 12
25331050	2015
25331049	2015
25330932	2015 Feb
25330343	2014 Nov 26
25328086	2015 Feb
25321476	2014 Oct 16
25311550	2015 Jan 25
25299541	2015 Aug
25287160	2014 Dec 1
25278057	2014 Oct
25278053	2014 Oct
25257317	2015 Jan
25247198	2014
25242079	2014
25238962	2014 Nov 15
25236536	2014 Dec
25219368	2015 Jan
25200274	2014 Dec
25198230	2014 Sep
25196583	2014 Dec
25196420	2014 Dec
25191747	2014
25188282	2014
25180294	2016 Jan
25179389	2014 Oct
25176127	2014 Oct 23
25176059	2014 Dec
25169730	2015 Dec
25158232	2014 Aug 25
25135253	2015 Dec
25135252	2014 Nov
25128628	2014 Nov
25125695	2015 Dec
25118941	2014 Oct
25115332	2014 Aug 12
25100783	2014 Aug 6
25096601	2015 Jan
25091889	2014 Jul
25086402	2014 Nov
25080367	2014 Nov
25078097	2014 Dec
25078095	2015 Feb
25064117	2014
25047750	2014 Nov
25047145	2014 Nov
25046534	2014 Nov
25015373	2015 Nov
25008209	2014 Sep
24999110	2014 Aug
24998927	2014 Apr 23
24987156	2014 Dec
24984954	2014 Jul 1
24981112	2014
24966254	2014 Jul
24966136	2014 Oct
24964749	2014 Oct
24957638	2015 Feb
24943990	2014 Oct
24936585	2015 Oct
24935926	2014 Jul 15
24933511	2014 Aug
24928920	2014
24928913	2014
24928317	2014 Aug
24926875	2014
24912814	2014 Aug
24907345	2014 Jul 1
24905701	2014 Aug
24895296	2014 Sep
24892719	2014 Sep
24881106	2014
24875054	2014
24867294	2014 Aug
24859058	2014 Aug
24852699	2014 Jul
24848439	2014 Sep
24838610	2014 Sep
24834922	2014 Jul
24830649	2014 Jul-Aug
24822272	2014 Apr
24819400	2014 Sep
24813051	2014 Sep
24811827	2014 Aug
24795271	2014 Jul
24792211	2014 Oct
24786088	2014 Apr 28
24769231	2014 Jul
24767864	2014 Aug
24760110	2014 Aug
24757139	2014 Apr
24757033	2014 Aug
24747174	2014 Jun
24747173	2014 Jun
24741569	2014
24737908	2014 May
24727161	2014 Jul
24714625	2014 Nov
24713355	2015 Aug
24712867	2014 Sep
24704496	2014 Jun
24703622	2014 Jul
24692243	2014 Aug
24687997	2014 Oct
24678741	2014 Mar 29
24670222	2014 Mar 27
24658359	2014
24651621	2015 Jul
24641944	2015 Jul
24641725	2014 Mar 19
24638128	2014 Feb 25
24636482	2015 Jan
24630964	2014 May 25
24626785	2014 May
24623711	2014 Jul
24623505	2014 Nov
24620998	2014 Mar 13
24588081	2014 Jul
24582795	2014 Apr 2
24579704	2014 Jul 7
24578214	2014 Jul
24577103	2014 Apr 4
24574226	2014 Mar
24574225	2014 Mar
24574224	2014 Mar
24572376	2014 Feb 27
24566851	2014 May
24558358	2014
24556692	2014 Feb 20
24550287	2014 Feb 18
24529376	2014 Feb 13
24502636	2014 Feb
24497499	2014 May
24490617	2014 Feb 4
24486342	2014 Apr
24482165	2014
24479481	2014 Jan 31
24479426	2014 Jan 31
24473905	2014 Aug
24470419	2014 Mar 6
24470303	2014 May
24470226	2014 May
24466161	2014
24463008	2014 May
24457103	2014 Mar
24453178	2014 Mar
24449579	2014 Jan
24449269	2014 Jan 15
24448347	2015 Jun
24438745	2014 Jan 20
24428864	2014 Jan 15
24418675	2014 Mar
24418674	2014 Mar
24401101	2014 May
24392129	2014
24386478	2013
26155113	2014
26120493	2014
26069685	2014 Jan
24373735	2014 Jan 15
24365198	2014 Jan
24353248	2014
24347567	2015 Mar
24344131	2014 Jan 31
24339176	2014 Feb
24333297	2014 Feb
24323070	2014 Jan
24321436	2014 Jan
24316289	2014 Feb
24312420	2013
24309371	2014 Feb
24297380	2015 Feb
24296676	2014 Jan
24289792	2013 Oct 9
24286458	2013 Nov 4
24280247	2014 Feb
24269635	2014 Jan
24257023	2015 Jan
24248346	2013 Dec 3
24241034	2014 Mar
24199619	2013 Nov 7
24194321	2014
24185109	2014 Jan
24185105	2014 Jan
24184155	2014 Feb
24180431	2013 Nov 1
24167068	2014 Feb
24166243	2013 Dec
24161707	2013 Dec
24161698	2014 Jan
24135912	2014 May
24120491	2013 Dec
24111862	2013 Oct
24108661	2014 Jan
24108368	2013 Oct 8
24098149	2013
24096178	2013 Dec
24095939	2015 Jan
24091160	2013 Dec
24086840	2013 Aug
24056368	2013 Nov 8
24044578	2014 Feb
24041966	2013 Dec
24022823	2013 Dec
24019199	2014 Jan
24018042	2013 Dec
24016310	2013 Oct
24007463	2013 Sep 5
24002865	2013 Nov 6
23984453	2013 Aug
23983046	2013 Dec
23982761	2013 Dec
23973525	2013 Oct 1
23973150	2013 Sep
23963448	2013 Oct 4
23958822	2013 Nov
23954701	2013 Nov
23954517	2013 Nov
23951406	2013 Aug 15
23951098	2013
23939426	2013 Aug 9
23928557	2014 Aug
23918694	2013 Nov
23912900	2014 Mar
23903061	2013
23896777	2013 Sep
23895679	2014
23883619	2013 Jul 25
23861563	2013
23852692	2014 Sep
23843355	2013 Oct
23839930	2013 Oct
23817999	2013 Oct
23791756	2013 Oct
23782924	2013 Jun 19
23778340	2013 Apr
23777533	2013 Jul
23773816	2013 Sep
23762114	2013
23756208	2013 Oct
23755017	2013
23750475	2013 Jun
23744481	2013 Dec
23744273	2013 Sep
23740825	2013 Sep
23723318	2014 Jul
23715552	2013 Jun
23705804	2013
23688035	2013 May 20
23685840	2013 Jun
23666827	2013 Aug
23658491	2013
23625977	2014 May
23624390	2013 Aug
23623324	2013 Jul
23606170	2013 Jul
23595953	2013 Dec
23593289	2013
23590340	2013 Jun
23587642	2013 Dec
23585475	2013 May
23575963	2013 Jul
23567033	2013 Jun 21
23552998	2013 Jul
24937860	2013 Apr
23534442	2013 Apr 25
23530215	2013 Apr 9
23530037	2013 May 10
23518238	2013 Sep
23511227	2014 Jan
23505234	2014 Jan
23497529	2013 Mar 9
23486780	2013 Mar 13
23468973	2013
23467034	2013 May
23436303	2013 Jun
23436205	2013 Jun
23417988	2013 Nov
23414097	2013 Mar
23391443	2013 Apr 28
23389752	2013 Feb 7
23382930	2013
23375622	2013 Apr
23374428	2013 Apr
23371349	2013 May
23356643	2013 Jan 29
23339896	2013 Apr 24
23339021	2013 Sep
23319657	2013 Jan 29
23313477	2013 Feb 8
23310948	2013 Apr
23298463	2013 Jan 8
23297404	2013 Feb 22
23295731	2013 Apr 24
23291184	2013 Feb 1
23285079	2012
23280308	2013 Apr
27006923	2013
25003010	2013
23268369	2013 Sep 1
23261541	2013 Mar 10
23257244	2013 Mar
23248728	2012
23233348	2013 Mar
23233327	2013 Mar
23233270	2013 Mar
23231346	2013 Sep
23219730	2013 Feb
23194156	2013 Jan 14
23192248	2013 Jan
23185004	2012 Dec 11
23178209	2013 Feb
23174992	2012 Dec 21
23173750	2013 Nov
23169679	2013 Apr
23151457	2013 Feb
23151456	2013 Feb
23148681	2012 Nov 13
23133648	2012
23124962	2013 Jan
23124828	2013 Jan
23124630	2013 Feb
23116713	2013 Feb
23115336	2012 Nov 20
23070644	2012 Nov
23069856	2013 Jan
23050690	2012 Nov 6
23041841	2013 May
23011466	2013 Jan
22995428	2012 Sep 20
22985876	2012 Dec 18
22967398	2012 Sep 11
22961401	2012 Nov
22952769	2012
22939867	2012 Nov
22936752	2012 Aug 31
22933232	2012 Dec
22902540	2012 Nov
22890185	2012 Nov
22889498	2013
22885814	2012 Sep
22869368	2012 Sep 28
22859926	2012 Aug
22854286	2012 Sep
22850184	2012 Nov
22846713	2012 Nov
22833446	2012 Nov
22833278	2012 Dec
22833266	2012 Oct
22833219	2012 Dec
22832873	2012 Sep
22828992	2012 Jul 24
22825254	2012 Oct
22819243	2012 Oct
22818981	2012 Oct
22818426	2013 Apr
22781206	2012 Oct
22777888	2012 Dec
22768242	2012
22767605	2012 Aug 17
22738103	2012 Jun 28
22721434	2012 Jun 21
22692895	2012 Nov
22692007	2012 Sep 1
22674505	2012 Oct
22674176	2012 Oct
22674011	2012 Oct
22668504	2012 Aug 1
22664108	2012 Jun 29
22636321	2012 Aug
22629448	2012
22623332	2012 Jul 1
22609479	2012 Aug
22595227	2012 Aug
22595226	2012 Aug
22576962	2012 Oct
22576842	2012 Oct
22575362	2012 Jul
22572461	2012
22566624	2012 May 22
22554793	2012 Aug
22542924	2012 Aug
22539837	2012 Apr 25
22531459	2012 Jul
22531458	2012 Aug
22525135	2012 Jun 28
22510396	2012 Jul
22491093	2012 May 11
22488261	2012 Aug
22484689	2012 Jun
22459696	2012 May
22455987	2012 Apr
22448243	2012
22447075	2012 Mar 25
22444025	2012 May
22442340	2012 May
22440827	2012 Jun
22432033	2012
22430489	2012 Apr 9
22415882	2012 Jul
22414620	2012 Jul
22399297	2012 Apr 27
22394585	2012 Mar 6
22391889	2012 Aug
22361237	2012 Jun
22343171	2012 May
22342421	2012 May
22342065	2012 Dec
22337563	2012 May
22330250	2011 Aug
22328140	2012 Aug
22308173	2011 Oct 1
22307759	2012 Jul
22298781	2012 Apr 6
22294469	2012 Jul
22293673	2012
22275233	2012 Jul
22271086	2012 Aug
22267189	2012 Mar
22258484	2012 Apr
22225630	2012 Jan 8
22197997	2012 Aug
22179029	2012 Feb
22179028	2012 Feb
22173325	2012 Feb
22170561	2012 Jun
22158614	2012 Jan 27
22155431	2012 May
22152451	2011
22148954	2012
22146554	2012 Aug
22143922	2012 May
22143896	2012 Jun
22131019	2012 May
22127701	2011 Dec
22127696	2011 Dec
22122987	2012 Feb
22117761	2011
22102413	2012 Jan 6
22095691	2012 Mar 1
22084394	2012 Apr
22083516	2012 May
22081995	2012 May
22076918	2012 Apr
22072539	2012 Jun
22065367	2012 Mar
22057346	2011 Nov 6
22051322	2011 Nov 3
22034049	2012 Apr
22028304	2012 Feb
22019508	2011 Dec 8
22007227	2011
22001658	2012 Feb
21982587	2012 Jan
21972019	2012 Mar
21968827	2012 Feb
21965529	2011 Oct 15
26069594	2011 Oct
21953366	2012 Feb
21953304	2011 Dec
21937758	2011 Sep 21
21917603	2011 Nov
21911068	2011 Nov
21905020	2012 Feb
21905007	2012 Jan
21905006	2012 Jan
21899735	2011 Sep 7
21898359	2012 Jan
21890638	2011 Dec 2
21887706	2011 Dec
21880736	2011 Oct 28
21872590	2011 Oct 3
21871094	2011 Aug 26
21869830	2012 Mar
21856950	2011 Sep 6
21855682	2011 Sep
21855558	2011 Dec 11
21847614	2012 May
21834068	2011 Nov
21804193	2011 Sep
21802499	2011 Oct 13
21798287	2011 Oct 30
21796704	2012 Mar
21795282	2011 Sep
21775152	2011 Aug 15
21749827	2011 Jul
21745460	2011 Oct 1
21739426	2011 Oct
21739421	2011 Nov
26069585	2011 Jul
21702024	2011 Nov
21690378	2011 Jul 5
21678482	2012 Jan
21652695	2011 Aug 5
21643724	2011 Aug
21633911	2012 Feb
21624478	2011 Aug
21619936	2011 Jul
21619935	2011 Jul
21613312	2011 Sep
21590680	2011 Sep
21586441	2011 Aug
21566131	2011 Jul 22
21539915	2011 May
21537831	2011 Sep
21506092	2011 Aug
21474483	2011 Jul
21472777	2011 Aug
21452283	2011 Aug
21437875	2011 Jul
21420501	2011 Jun
21418601	2011 Mar 20
21417219	2011 Apr 28
21410959	2011 Mar 16
21405978	2011 Oct
21383200	2011 Mar 22
21376128	2011 Jun
21374709	2011 Aug
21372000	2011 Jul
21360519	2011 Sep
22977492	2011 Mar
21353395	2011 Apr 15
21351054	2011 Feb 24
21337391	2011 Apr
21325780	2011
21312269	2011 Jul
21310253	2011 Jun
21308980	2011 Apr
21305500	2011 Apr
21291351	2011 May
21290130	2012 May
21285164	2011 May
21266028	2011
21262368	2011 Apr
21251990	2011 Apr
21239716	2011 Feb 15
21216815	2011 Apr
21197320	2010 Sep 6
21159208	2010 Dec 16
21145552	2011 Mar 15
21119180	2010 Dec
21118138	2010 Dec
21110395	2011 Jun
21098883	2010 Dec
21094690	2011 Feb
21094262	2011 Feb
21057832	2011 May
21036236	2010
20954191	2011 Jan
20945354	2011 May
20943778	2011 Jan
20923566	2010
20921145	2010 Dec
20882669	2011 Jan
20864020	2010 Oct
20861497	2011 Nov
20847738	2010 Oct
20843796	2010 Nov 12
20840794	2010 Sep 15
20820927	2011 Sep
20805298	2011 Jan
20738224	2010 Dec
20708680	2010 Nov 30
20701740	2010
20669139	2010 Jun
20643199	2010 Sep 15
20625379	2010 Sep
20604941	2010
20592283	2010 Aug 1
22131742	2010 Jul
20584806	2010 Nov
20583111	2010 Oct
20583100	2010 Oct
20556559	2010 Jun
20525838	2010 Aug
20518074	2010 Sep
20516192	2010 Jun 1
20506524	2010 Jul
20506309	2010 Jul
20506224	2010 Jul
20506210	2010 Aug
20506137	2010 Aug
20498218	2010 Oct
20495570	2010 Jun
20495569	2010 Jun
20479257	2010 Jun 1
20474087	2010 Jan
20472086	2010 Aug
20466812	2010 Jun 1
20460191	2010 Jun
20432462	2010 Sep
20376510	2010 Nov
20360435	2010 Jul
20350782	2010 May
20346402	2010 Jul
20309955	2010 Oct
20238298	2010 May
20201078	2010 Jun
20196782	2009 Sep
20187655	2010 May 21
20187155	2010 Mar
20187128	2010 Mar
20181277	2010
20155835	2010 May
20133709	2010 Feb 23
20131274	2010 Apr
20131235	2010 Mar
20112372	2010 Feb
20112360	2010 Feb
20112357	2010 Feb
20111593	2010 Jan 25
20110518	2010 Mar
20110505	2010 Jan 29
20105291	2010
20104937	2010 Feb 1
20101617	2010 Apr
20093129	2010 Feb 27
22778804	2010 Jan 20
20077500	2010 Mar
20054692	2011 May
20052601	2010 Jul
20043873	2010 Jan 29
22163547	2010
21368873	2010 Nov 11
20036347	2010 Apr
20035055	2010 Feb
20033473	2010 May
20021689	2009 Dec 19
19950295	2009 Dec
19950019	2010
19944200	2010 Mar
19932218	2010 Jan
19921088	2010 Jan
19918048	2010 Jan
19915594	2009 Dec
19896116	2009 Dec
19877062	2009 Nov
19877043	2009 Nov
19833177	2010 Jan 29
19808781	2010 Jan 1
19805379	2009 Sep 29
19790076	2009 Oct
19790074	2009 Oct
19790065	2009 Oct
19790050	2009 Oct
19786147	2010 Jan
19771181	2009 Sep 7
19770515	2009 Oct
19765281	2009
19747998	2010 Jun
19714635	2009 Sep
19714629	2009 Sep
19704783	2008
19684582	2009 Sep
19644889	2009 Aug
19637060	2009
19632680	2009 Aug 25
19615963	2009 Dec
19604444	2009 May-Jun
19587162	2009 Jun
19565484	2009 Jul
19565481	2009 Jul
19562571	2009 Dec
19526482	2009 Oct
19504467	2010 Feb
19494318	2009 Jun 15
19491304	2009 Aug
19486942	2009 Jul
19485522	2009 May
19481620	2009 Sep
19481076	2009 Aug 15
19478656	2009 Jun 1
19448342	2009 Apr
19427928	2009 Oct
19410028	2009 Oct
19405002	2009 May 15
19404941	2009 May
19379487	2009 Apr 20
19364543	2009 Aug
19343112	2009
19342682	2009 Apr 15
19332175	2009 Sep
19328881	2009 Aug
19307458	2009 Jun
19301580	2009 Jan
19296087	2009 Jun
19265849	2009 Mar
19265839	2009 Mar
19254740	2009 Aug
19248115	2009 Mar
19230720	2009 Jul
19229324	2009
19213744	2010 Jan
19195025	2009 Aug
19180491	2009 Feb
19180479	2009 Feb
19173746	2009
19165732	2009 Aug
19147955	2008 Oct-Dec
19146892	2009 Apr 2
19139395	2009 Jan 27
19136283	2009 Jun
19135797	2009 Mar
19135244	2009 Mar
19116932	2009 Jan
19116917	2009 Jan
19116905	2009 Jan
19095472	2009 May
19070514	2009 Jun
19035511	2008 Dec
19027328	2009 May
19017993	2008 Dec 1
19016582	2009 Jan
19010693	2009 May
19010067	2009 May
19001550	2009 Jan
18991285	2008 Nov
18979157	2008
18975335	2008 Nov
18975318	2008 Nov
18974013	2009 Apr
18958885	2008 Oct
18947434	2008
18849588	2008 Sep 1
18836240	2008
18836239	2008
18836236	2008
18836232	2008
18835879	2008 Dec
18821706	2008 Oct
18821694	2008 Oct
18821665	2008 Oct
18819822	2009 Mar
18799089	2008 Jul-Aug
18789726	2009 Mar
18789153	2008
18786831	2008 Sep 15
18785169	2007 Jul
18767925	2009 Jan
18760941	2009 Mar
18759291	2008 Sep
18684647	2009 Feb
18668550	2008 Aug
18662930	2009 Jun
18632849	2008 Oct
18584285	2009 Apr
18578867	2008
18576389	2008 Jul
18576323	2008 Jul
18576322	2008 Jul
18550523	2008 Aug 22
18544639	2008 Jul 1
18541144	2008 Aug 22
18538588	2008 Dec
18523305	2008 Jun 15
18507859	2008
18501644	2008 Dec
18467703	2008 Jun
18465812	2008 Nov
18455447	2008 Nov
18438860	2008 May
18383364	2008 Apr
18374640	2008 Jun
18358504	2008 May
18344557	2008 Jul 1
18297226	2008 Mar
18287210	2008 May
18268076	2008 May
18261936	2008 Sep
18240253	2008 Feb
18240210	2008 Feb
18227807	2008 Mar
18226559	2008 Jun
18203067	2007 Dec
18172013	2008 Apr
18163499	2008 Jan
18163498	2008 Jan
18066133	2007 Sep
18056042	2007 Nov
18052755	2008 Apr
18050218	2007 Dec
18050203	2007 Dec
18050192	2007 Dec
18036590	2008 Jan 28
17983156	2007
17968948	2007 Nov
17968946	2007 Nov
17942634	2008 Jan
17942111	2007 Dec 1
17937464	2007 Nov
17931911	2008 May
17927818	2007
17922907	2007
17907190	2007 Oct
17907189	2007 Oct
17907187	2007 Oct
17900935	2008 Apr
17888690	2008 Jan
17827158	2007 Nov 2
17822719	2007 Aug 23
17804408	2007 Nov 2
17763422	2007 Sep
17707661	2008 Mar
17707214	2007 Aug
17665456	2007 Aug
17656374	2007 Oct 1
17638576	2007 Nov
17638573	2007 Nov
17621910	2007 Jun
17621549	2007
17612407	2007
17599750	2007 Jul
17596264	2007
17588960	2007 Sep 1
17564307	2004
17549029	2007 Sep
17545192	2008 Feb
17530644	2007 Jun
17522060	2007 Aug 10
17517694	2007 Jul 15
17510707	2007 Jun
17470400	2007 Sep
17445771	2007 Jun 8
17416344	2007 May 25
17383158	2007 Mar-May
17334701	2007 Mar
17331019	2007 Mar
17328064	2007 Mar
17328048	2007 Mar
17328045	2007 Mar
17317039	2007 May 1
17316439	2007
17307136	2007 Apr 13
17266145	2007 May
17265492	2007 Feb
17237793	2007 Feb
17213231	2007 Mar 1
17211519	2007 Dec
17207643	2007 Jun
17200322	2007 Jan
17195217	2007 Jan
17195212	2007 Jan
17145758	2007 Feb 9
17125729	2007 Jun
17094130	2007 Mar
17059665	2006 Oct
17056813	2006 Nov
17052922	2007 Apr
17009259	2006 Oct
16997584	2007 Feb
16995764	2006 Oct
16973887	2006 Dec
16949314	2007 Feb
16947773	2006 Sep
16947423	2006 Sep
16927387	2007 Jan 1
16912411	2006
16912410	2006
16893455	2006
16891129	2007 Jan
16888030	2006 Aug 15
16883582	2006 Nov
16877353	2006 Aug
16872525	2006
16868966	2006 Aug
16849500	2006 Aug 1
16819271	2006 Jul
16813664	2006
16802343	2006 Jul
16767550	2006
16751383	2006 Jun 15
16738926	2006 Nov
16680148	2006 Jun
16671586	2005 Winter
16652342	2006 Jun
16647279	2006 Apr
16646978	2006
16646035	2006 May
16616754	2006 Apr
16613631	2006 Apr
16612079	2005
16584530	2006
16580849	2006 Aug
16572453	2006 Apr
16572444	2006 Apr
16563811	2006 Aug
16529878	2006
16526282	2006 Feb
16508941	2006 Mar
16497730	2006 Jul
16493080	2006 Mar 1
16492735	2006 Feb 28
16489565	2006 Jun
16459052	2006 Feb
16449316	2006 Aug
16443378	2006 May
16439443	2006 Nov
16431140	2006 May
16418777	2006 Feb
16406703	2006 Apr
16405885	2006 Feb 15
16393772	2005 Nov-Dec
16393771	2005 Nov-Dec
16391840	2006 Feb
16379642	2005 Dec
16368547	2006 May 1
16356196	2006
16355269	2006 Jan
16301624	2005 Dec 1
16301256	2005 Dec
16286662	2006 Mar
16277687	2005
16264272	2005 Oct 31
16255039	2005 Nov
16203115	2006 Mar 8
16093206	2005 May
16087873	2005 Aug 16
16079379	2005 Aug 4
16046111	2005 Oct
16006154	2005 Sep
15993670	2005 Sep
15993649	2005 Sep
15986342	2005 Jul
15982479	2005 Jul
15968593	2005 Jun 20
15963682	2005 Sep
15934078	2005 Jun
15930455	2005 Jun
15896985	2005 Jul
15882566	2005 May
15882565	2005 May
15879144	2005 May 15
15872395	2005 Apr
15818704	2005 Apr
15800624	2005 Mar 31
15784009	2005 Jul 15
15780645	2005 Apr
15780642	2005 Apr
15777299	2005 Apr
15761990	2005 Feb
15758487	2001 Jun
15758375	2002 Dec
15757961	2005 Jun
15742432	2005 Mar
15738684	2005 Jan-Feb
15727891	2005 Mar
15693998	2005 Feb 4
15681827	2005 Feb
15651731	2005 Jan
15641683	2004
15639639	2005 Jan
15566969	2004 Nov
15563881	2005 Jan
15563592	2004 Dec 7
15509586	2005 Jan 7
15501402	2004 Nov
15496908	2004 Oct 21
15492776	2004 Nov
15476587	2004 Nov
15476249	2004 Oct
15468369	2004 Oct
15468368	2004 Oct
15334469	2004 Aug
15325637	2004 Sep
15299218	2004
15299207	2004
15290728	2004 Aug
15283850	2004 Aug
15262242	2004 Aug
15231019	2004 Aug
15219569	2004 Jul
15180237	2004 Apr
15146416	2004 May
15142270	2004
15140771	2004 Jun
15135139	2004 Jun
15124255	2004 May
15057262	2004 Jun
15023384	2004 Apr
15023383	2004 Apr
14991070	2004 Mar
14979939	2004
14972341	2004 Mar
14749384	2004 Feb
14730606	2004 Jan
14729583	2004 May
14723872	2004 Feb
14697685	2004 Jan
14697680	2004 Jan
14677373	2003
14677185	2003 Nov
14673996	2003 Dec
14673995	2003 Dec
14673992	2003 Dec
14660436	2004 Jan
14644868	2003 Dec
14644850	2003 Dec
14609530	2003 Nov
14558093	2003 Oct
13130470	2003 Sep
13129693	2003 Oct
12943531	2003 Dec 1
12939660	2003 Sep
12902858	2003 Aug
12858435	2003 Jul
12858344	2003 Jul 1
12847280	2003 Jul 15
12827373	2003 Jul
12801484	2003 Jun
12773042	2003 Jun 5
12773041	2003 Jun 5
12738249	2003 Apr
12729128	2003 Apr
12716440	2003
12707039	2003 May
12681949	2003 Apr
12632418	2003 Mar
12632417	2003 Mar
12606540	2003 May 23
12604692	2003 Mar
12527136	2003 Jan
12522038	2003 Jan
12517948	2003 Jan 15
12508768	2002 Nov-Dec
12505485	2003 Jan
12503634	2002 Feb-Nov
12480959	2003 Jan
12479386	2002 Aug
12472238	2002 Nov
12464558	2002 Dec
12464557	2002 Dec
12448767	2002
12432964	2002 Oct
12429542	2002 Dec
12419287	2002 Nov
12415421	2003 Feb
12379497	2002 Oct
12374621	2002 Oct 15
12369789	2002 Oct
12359167	2002 Oct
12359160	2002 Oct
12355481	2002 Sep
12322970	2002 Dec
12297987	2002 Oct
12209516	2002 Aug
12202125	2002 Sep
12202122	2002 Sep
12176806	2002 Sep
12160522	2002 Jun 21
12126975	2002 Jul 12
12123694	2002
12115245	2002 May
12089156	2002 Sep 20
12082181	2002 Jul 9
12079898	2002 Jul
12077282	2002 Jul 1
12060849	2002 Jul
12056852	2002 Jun
12024046	2002 Jun
11978731	2002 May
11966774	2002 Mar
11953970	2002 Apr
11950254	2002 Apr
11928917	2002 Jan
11920421	2002 Mar
11869085	2002 Mar
11869077	2002 Mar
11869071	2002 Feb
11795983	2002 Jan
11795980	2002 Jan
11823537	2002 Feb 15
11790802	2002 Jan 21
11748261	2001 Dec
11680695	2001
11680693	2001
11680692	2001
11680691	2001
11680686	2001
11680681	2001
11680679	2001
11680673	2001
11677139	2001 Nov 19
11668593	2001 Oct
11583972	2001 Oct
11557363	2001 Sep
11488976	2001 Aug
11482532	2001
11440826	2001 Jul 15
11410897	2001
11407708	2001 Jun
11352232	2001 May
11326333	2001 Jun
11315934	2001 Apr
11315923	2001 Apr
11315918	2001 Apr
11285272	2001 Apr 2
11243352	2001 Feb
11237662	2001 Feb
11237660	2001 Feb
11237656	2001 Feb
11158633	2001 Jan 30
11150534	2001 Jan 1
11134178	2001 Jan
11090910	2000 Oct 1
11056662	1999
11050746	2000 Sep-Oct
11003576	2000 Oct
10971036	2000
10943864	2000 Aug
10917836	2000 Jul 14
10903878	2000 Jul
10902766	2000 Jul
10821855	2000 May 26
10810296	2000 May
10806052	2000 May
10777108	2000 Mar
10772538	1999
10772237	2000 Mar
10728754	2000 Mar
10693866	2000 Feb
10607496	2000 Jan
10562301	1999 Nov
10558851	1999 Nov
10559678	1999 Sep-Oct
10555034	1999 Nov
10501417	1999 Aug
10499542	1999 Oct
10477618	1999 Sep 15
10429944	1999 Jun
10419784	1999 Jul
10419767	1999 Jul
10419604	1999 Jul
10367688	1999 Jan-Feb
10343775	1998 Nov
10329460	1999 May 19
10329320	1999 May
10329312	1999 May
10234545	1999 Apr
10225978	1999 May
10211877	1999 Apr
10197165	1998 Sep
10189377	1999 Apr 5
10100939	1998 Dec
10092766	1999 Mar 15
10048708	1999 Jan
10025914	1999 Feb
9920026	1999 Jan
9880185	1998 Dec
9870875	1998 Dec
9857053	1998 Dec 25
9817766	1998 Nov 16
9786430	1998 Sep
9751097	1998 Sep
9737793	1998 Aug
9730060	1998 Fall
9716260	1998 May
9704633	1998 Aug
9678053	1998 Jul
9663487	1998 Jul
9627010	1998 Jun
9616435	1998 Jan
9606425	1998 Apr
9588741	1998 May
9512498	1998 Apr 1
9566669	1998 Mar
9536289	1997 Nov
9514210	1998 Mar
9510855	1998 Mar
9497939	1997 Sep
9497937	1997 Sep
9458196	1998 Jan
9415647	1997 Dec
9433876	1998 Jan
9334355	1997 Oct 20
9299161	1997 Sep 15
9252382	1997 Aug 15
9404467	1997 Jul
9192516	1997 Jul
9185153	1997 May 15
9143347	1997 May 1
9184845	1997 Apr
9173871	1997 Apr 1
9152964	1997 Apr
9061443	1997 Feb
8943052	1996 Nov 26
8909250	1996 Nov
8889652	1996 Oct
8895222	1996 Sep
8892223	1996 Sep
8814070	1996 Sep
8765007	1996 Aug
8823697	1996 Jul
8702176	1996 Jun 8
8971960	1996 Jun
8907255	1996 Mar
8714431	1996 Jan 31
8893376	1996
8853228	1996
8838505	1996 Jan
8832322	1996
8770701	1996 Jan
8717101	1996
8581744	1995 Sep
7650397	1995 Sep 1
7582718	1995 Sep
7472758	1995 Sep
8548361	1995 Aug
7543921	1995 Aug
7668400	1995 Jun
7584322	1995 Jun
7748223	1995 May
7655998	1995 May
7859284	1995 Feb 10
7752133	1995 Feb
7752121	1995 Feb
7853102	1995 Jan
7791551	1995
7785492	1995
7724995	1995
7488982	1995 Spring
7699637	1994 Dec
7863819	1994 Nov
11550680	1994 Sep
11550678	1994 Sep
8064227	1994 Sep 1
8078307	1994 Aug
7983639	1994 Aug
7955604	1994 Jul-Aug
11548227	1994 Jun
11548226	1994 Jun
8055108	1994 Jun
8197187	1994 May 24
8185693	1994 May
8067948	1994 May
7942330	1994 May
8164088	1994 Mar
7976168	1994
8292560	1993 Dec
8149645	1993 Nov 30
8023746	1993 Nov
8244386	1993 Sep
8411268	1993 Aug 15
8349798	1993 Aug
15449424	1993 Jul
15449423	1993 Jul
8340822	1993 Jul
8464901	1993 Apr 1
8383194	1993 Mar
8436117	1993 Feb 1
8435081	1993 Feb 1
8441138	1993 Jan
8434868	1993 Jan
8291220	1993
8148130	1993 Spring
1281763	1992 Oct 15
1618924	1992 Jul
1606732	1992 Jun
1320394	1992 Jun
1586483	1992 May
1571272	1992 Apr
1351318	1992 Apr
1285067	1992
1896633	1991 Jul
1865107	1991 Jul
2025312	1991 May
2065549	1991 Apr
1827636	1991 Apr
1997647	1991 Mar 1
1994914	1991 Feb
1947669	1991
1800463	1991
2355296	1990 Jul
2339667	1990 Mar
2339666	1990 Mar
2155638	1990 Feb
1689600	1990 Feb
1689582	1990 Feb
2293624	1990 Jan
2288196	1990
2191409	1990
2556924	1989 Dec
2808699	1989 Nov
2559818	1989 Oct 31
2816503	1989 Aug
2782224	1989 Aug
2479287	1989 Aug 1
2472849	1989 Aug
2723460	1989 Jun
2545171	1989 Jun
3219287	1988 Dec
3397624	1988 Aug
3395383	1988 Jul
3258503	1988 Mar
2965280	1988 Jan
2897740	1988
3423022	1987 Dec
3687593	1987 Oct
3625661	1987 May
3494848	1987 Feb
3602982	1987 Jan
2427091	1986 Jul
3947420	1986 Jan
3792428	1986
4083941	1985 Dec
4038356	1985 Sep
2988574	1985 Jun
6701529	1984 Mar 30
6607791	1984 Feb
6528180	1984
6491809	1984
6980556	1982 May
7116952	1982
7085349	1982
6983710	1982
6186128	1982
7028135	1981 Oct 12
7247474	1981 Jun
7344126	1981
7044007	1981
6931886	1980 Sep
6248390	1980
541239	1979 Oct
469642	1979 Apr
428731	1979
643896	1978
844647	1977
60309	1976 Jul
973542	1976
947093	1976
1225296	1975 Dec
169722	1975 Jun 13
1173774	1975 Feb
1228593	1975
4611741	1974
4460502	1974
4413380	1974
4119783	1972
4114290	1971
5433599	1970 Aug
5482369	1970
4254360	1970
5258759	1969 Aug
5360889	1969 Jun
5804775	1969
5372697	1969
4864284	1967 Oct
6023697	1967 Mar
5884813	1965 Dec
14289383	1965 Apr
14259448	1965 Jan
5865221	1965
14120688	1964 May
14178183	1964
14168184	1963 Oct
13992825	1963 Mar
13992824	1963 Mar
13977955	1962 Dec
13912809	1962
13914853	1961 Dec
14446644	1960 Sep
14446646	1960
13520057	1958 Apr
13520056	1958 Apr
13450307	1957 Jul-Aug
13398598	1957 Jan
13354101	1956 Aug
13354100	1956 Aug
13354099	1956 Aug
13301102	1956 Apr
13262068	1955
14954894	1952
14898055	1952 Jan
