10025914
10048708
10068027
10080088
10090178
10090708
10092766
10098694
10100939
10189377
10197164
10197165
10197169
10211877
10222217
10225978
10233854
10234545
10329312
10329320
10329329
10329460
10334506
10342332
10343773
10343775
10358204
10367020
10367688
10374025
10385960
10395320
10411562
10412452
10415782
10419604
10419767
10419774
10419781
10419783
10419784
10419787
10429944
10432320
10442204
10443472
10452831
10477618
10489319
10489323
10499542
10501417
10503932
10506917
10507084
10509237
10521613
10524683
10544844
10544954
10548534
10555034
10557197
10558851
10558852
10559678
10560695
10562301
10607496
10607499
10610693
10623638
10632453
10648013
10661385
10685793
10689873
10693866
10724258
10728754
10738690
10761541
10772237
10772242
10772538
10777108
10792965
1080067
10806047
10806052
10810296
10821855
10831811
10861084
10867027
10871041
10899715
10902766
10903334
10903877
10903878
10912189
10914857
10914859
10917836
10936503
10943864
10947127
10965563
10966841
10966842
10966844
10966845
10971036
10984135
11003576
11005733
11014364
11050746
11056662
11069730
11069731
11083281
11086095
11090910
11127660
11134178
11150165
11150534
11158633
11160347
11163323
11172466
11178944
11178948
11178949
11186168
11192249
11211982
11229466
1123393
11237656
11237660
11237662
11237664
11237665
11237666
11243352
11243562
11247873
1124956
11256237
11285272
11288094
11292039
11296547
11300741
11300742
11300744
11300748
11300749
11314520
11315918
11315923
11315934
11317676
1132180
11325536
11326333
11332442
11334975
11337721
11341433
11352232
11352238
11352397
11355886
11396791
11398850
11398866
11399094
11399099
11399103
11404353
11406617
11407708
11407790
11410897
11415608
11415729
11426673
11440826
11453476
11461663
11465142
11465708
11467893
11467895
11467897
11482525
11482532
11488976
11495195
11508433
11518285
11520169
11520172
11520173
11531396
11548222
11548226
11548227
11550674
11550678
11550680
11550681
11550710
11550711
11550715
11557363
11562124
11583972
11586092
11597174
11603728
1163
1163951
11668593
11677139
11678296
11680673
11680676
11680679
11680681
11680686
11680688
11680690
11680691
11680692
11680693
11680695
11716368
11717181
11732032
11734496
1173774
11748261
11780722
11790802
11791641
11795980
11795983
11795986
11795995
11801247
11810482
11823537
11824951
11852233
11859385
11869070
11869071
11869073
11869077
11869078
11869082
11869084
11869085
11876277
11900196
11920421
11924812
11928917
11936193
11950254
11953970
11953974
11966774
11978731
12002826
12006318
12012032
12024046
12027543
12028657
12029492
12038628
12056850
12056852
12060849
12073103
12076275
12077282
12078873
12079898
12082181
12082287
12089156
12112417
12115245
12123694
12126975
12127833
12160522
12164342
12172719
12175098
12176806
12199365
12202119
12202122
12202125
12209516
1225296
12271357
1228593
12297987
12322970
12355481
12359160
12359161
12359163
12359164
12359165
12359167
12364566
12369789
12374621
12379497
12384917
12400399
12415421
12419287
12426543
12426659
12429542
12432964
12435393
12440790
12440939
12448767
12464557
12464558
12472238
12479386
12479387
12480959
12483727
12486471
12503634
12505483
12505485
12505486
12505488
12508768
12517948
12522038
12527136
12554127
12554128
12555930
12581388
12604692
12606540
12623287
12623289
12623290
12632417
12632418
12635787
12640890
12649027
12658748
12659680
12681949
12703656
12704696
12707039
12709548
12716440
12724680
12729128
12738249
12744937
12752202
12753861
12768483
12773041
12773042
12794826
12796883
12801480
12801481
12801484
12801486
1281763
12827373
12833588
12847280
12847686
1285067
12858344
12858435
12902858
12919881
12921731
12932294
12932295
12932714
12939359
12939660
12939762
12943531
12954234
12954235
12972479
12972491
13129693
13129695
13130470
1320394
13262068
13301102
13354099
13354100
13354101
13354102
13398598
13450307
1351318
13520056
13520057
13773897
13912809
13914853
13918543
13977955
13992824
13992825
1401080
1406451
14120688
14121998
14168184
14178183
1418050
14259448
1426052
1428305
14289383
1441931
14446644
14446646
1447320
14521295
14521296
14528519
1455459
14558093
14564447
14566965
14585729
14609530
14609534
14609535
14613274
14614855
14629960
14629962
14629965
14644850
14644868
14646055
14652478
14660436
14665748
14673992
14673995
14673996
14677185
14677373
14697680
14697685
14698991
14722210
14723872
14729583
14730606
14730630
14746398
14748051
14749384
14758471
14872496
14898055
14954894
14972336
14972338
14972340
14972341
14977440
14979939
14984289
14991070
15013079
15020329
15023380
15023383
15023384
15035799
15045525
15057262
15059281
15064812
15077302
15077304
15094137
15107580
15124255
15135139
15140771
15142270
15146416
15180237
15183429
15188359
15212191
15219569
15219574
15229942
15231019
15232785
15240824
15249318
15261284
15262241
15262242
15262243
15270275
15280602
15283850
15288135
15290728
15292256
15299207
15299211
15299218
15299219
15299285
15304263
1532481
15325637
15325638
15334467
15334469
15353354
15356403
15375755
15380039
15381164
15385784
1540032
1542136
15449423
15449424
15449425
15449426
15449511
15449512
15450527
15450531
15450534
15466401
15468368
15468369
15472397
15476249
15476587
15488329
15492776
15494188
15496908
15501401
15501402
15501403
15501408
15509586
15523898
15541672
15544889
15563592
15563881
15564062
15564066
15564068
15566969
15569620
15579310
15601778
15603819
15607881
15608304
15619570
15636551
15638411
15639639
15641085
15641683
15642141
15649670
15651731
15676082
15681827
15692987
15693998
15694575
15694577
15694579
15703011
15704860
15707241
1571272
15727891
15727893
15727894
15738684
157389
15740638
15742432
1574936
15751088
15757961
15758375
15758487
15761990
1576427
15764839
15765218
15777299
15777671
15777859
15780642
15780643
15780645
15780646
15784009
15788315
15800624
15801027
15818693
15818704
15820145
15837310
15837818
15856277
1586241
1586483
15872395
15879144
15882563
15882564
15882565
15882566
15883039
15883738
15883746
15885477
1588803
15896984
15896985
15905105
15908235
15913943
15922106
1592211
15922182
15930455
15934078
15935401
15935608
1593922
15951202
15963682
15967610
15967685
15968593
15973508
15975834
15979014
15982479
15986342
15987525
15993557
15993649
15993670
16006154
16022984
16023006
16023007
16034188
16036131
16036866
16039054
16046111
16056079
1606732
16079379
16087873
16093206
16099082
16099121
16105911
16114085
16117605
16122644
16122880
16151643
16153550
16154778
16165377
16168680
16169257
16185945
16188466
1618924
16203115
16216515
16234240
16243547
16255039
16255041
16258912
16259722
16264272
16275085
16277687
16286032
16286033
16286662
16288971
16290189
16297642
16301256
16301624
16307185
16344493
16355039
16355269
16356196
16359876
16365691
16368547
16376111
16379642
16385543
16391840
16393771
16393772
16394269
16397735
16405885
16406703
16413501
16418777
16427327
16431140
16433646
16437200
16439443
16443378
16449316
16459052
16463084
16463423
16470459
16478668
16480901
16483806
16485275
16489565
16492735
16493080
16497730
16498013
16500096
16500121
16504737
16508941
16508959
16514626
16514637
16516501
16526282
16529878
16549372
16563811
16563812
16564620
16567454
16572444
16572453
16580848
16580849
16581860
16583446
16584530
1659645
16607552
166095
16612079
16612565
16613631
16616417
16616754
16626979
16632350
16639625
16644246
16646035
16646978
16647279
16652342
1665294
1665295
16671586
16679035
16680148
16689221
16690336
16696325
1670072
16716606
16720098
16720253
16721529
16731008
16736522
16738926
16740257
16740398
16751383
16765606
16767550
16768703
16769229
16797470
16802343
16802354
16813664
16819182
16819271
16820306
16829037
16829766
16843689
16849500
16861013
16868966
16869019
16872525
16877353
16883582
16888030
16891129
16893455
16895758
1689582
1689600
1691192
16912410
16912411
16912413
16912431
16919424
16927387
16934183
16947423
16947773
16949051
16949314
16959360
16965923
1697163
169722
16973887
16979130
16995764
16997584
17002576
1700613
17008111
17009259
17010648
17033834
17052922
17056813
17059665
17063260
17072445
17072658
17082378
17094130
17098451
17109745
17121649
17125729
17126060
17133593
17140817
17143596
17145758
17157038
17157537
17158799
17165036
17174116
17174958
17185834
17185835
17187753
17195212
17195217
17197090
17198754
17200322
17207396
17207643
17207905
17208467
17211519
17213231
17216398
17216471
1723575
17237793
172532
17257416
17261541
17265492
17266145
17267227
17276007
1727936
17284317
17284318
1729286
17295437
17303445
17305324
17307136
17312183
17316439
17317039
17320132
17328045
17328048
17328064
17331019
17334701
17357498
17359944
17368052
17375206
17376710
17379543
173816
17382552
17383158
17385335
17401567
17408983
17409739
17413965
17416344
17416724
17427142
17434520
17445771
17448702
17466542
17469132
17469133
17470400
17477816
1747946
17490897
17500014
17510707
17513137
17517694
17522060
17530644
17530714
17537650
17545192
17549029
17562362
17564307
17576081
17583780
17588960
17590359
17594076
17596264
17599731
17599750
17612407
17612627
17621549
17621910
17623656
17629939
17631391
17638573
17638576
17646269
17656374
17659886
17665456
17686167
17686636
17698374
17707214
17707661
17708519
1771397
17722484
17723296
17763056
17763422
17763450
17804262
17804408
17806152
17822719
17826961
17827158
17852072
17853445
17868097
17875543
17888690
17889569
17896352
17900796
17900933
17900935
17907184
17907187
17907189
17907190
17920302
17922907
17924112
17927818
17931911
17937464
17937475
17942111
17942634
17945515
17947700
17968906
17968943
17968946
17968948
17977753
17983156
17983423
17986983
17991220
1800463
18031725
18032072
18036590
18038435
18050192
18050203
18050218
18052755
18056039
18056042
18060205
18065760
18066133
18072397
18077540
18078697
18088507
181024
18160928
18162190
18163498
18163499
18163511
18164790
18167200
18172013
18175032
18182205
18182309
18196436
18201914
18202097
18203067
18224353
18226558
18226559
18227229
18227807
18234072
18236017
18237379
18240210
18240212
18240240
18240253
18246688
18251495
18253075
18261936
18262804
18268076
18276170
1827636
18277430
18282772
18287210
18289887
18297226
18308591
18311796
18314368
18324355
18328808
18342549
18344557
18358246
18358504
18374640
18378169
18383360
18383364
18406634
18438860
18439846
18440246
18455447
18457369
18464888
18465812
18467703
18472285
18475625
18501644
18507859
1851228
18523305
18523861
18524010
18524637
18524638
18536737
18538588
18541144
18544639
18546028
18548845
18550523
18556223
18571101
18573668
18576322
18576323
18576389
18578867
18584285
18595745
18597092
18601460
18613981
18632849
18635922
18637715
18650131
1865107
18655132
18655133
18662930
18664254
18668550
18672387
18679006
18680771
18684647
18698490
18699993
18720406
18729392
18757215
18759291
18759309
18760638
18760939
18760941
18767925
18780763
18785169
18786831
18786840
18789153
18789726
18789727
18791656
18799089
18817862
18819822
18820312
18821665
18821676
18821694
18821706
18822193
18826579
18835879
18836225
18836232
18836236
18836239
18836240
18836243
18838280
18849174
18849588
18922704
18924142
18941854
18947434
18950940
18955000
18958885
1896633
18974001
18974013
18975039
18975318
18975335
18978578
18979157
18990590
18991285
19001053
19001550
19010066
19010067
19010672
19010693
19016582
19017993
19026578
19027328
19035511
19050895
19052875
19054299
19055838
19056196
19063590
19064326
19065031
19070514
19089540
19095472
19100343
19103502
19110715
19114312
19116905
19116917
19116932
19116973
19118849
19121588
19128988
19132782
19135244
19135797
19136283
19136500
19139060
19139395
19144181
19146892
19146971
19147955
19152788
19157913
19165732
19170094
19173746
19180479
19180491
1918955
19195025
19205043
19213744
19226011
19229324
19230720
19230856
19233337
19236380
19242978
19248108
19248115
19249964
19254740
19265839
19265849
19273027
19293161
19296087
19298533
19301580
19307458
19323466
1932367
19327154
19328881
19332175
19332177
19335556
19342682
19343112
19350690
19357845
19364543
19371268
19376109
19379487
19379726
19381811
19404941
19405002
19409292
19409466
19410028
19422229
19427403
19427928
19447213
19447215
19448342
19457673
19462990
19473558
1947669
19478656
19478889
19481076
19481620
19485522
19486942
19490963
19490965
19491304
19494318
1949913
1949917
19499299
19504467
19513610
19526482
19542681
19562571
19565481
19565484
19565489
19577765
19580807
19587162
19589338
19604444
19615962
19615963
19619632
19621423
19622607
19632680
19637060
19644873
19644889
19655297
19656083
19658157
19664204
19684582
19704783
19711077
19714629
19714635
19714645
19716399
19716503
19718808
19725096
19744590
19745108
19747998
19761884
19765281
19767517
19770515
19771181
19781951
19785765
19786147
19790050
19790055
19790062
19790065
19790074
19790076
19796724
19802679
19805379
19808781
19810106
19822234
19823173
19824607
19825496
19833177
19864150
19876764
19877043
19877062
19877289
19877898
19896116
19915594
19918048
19921088
19932218
19933220
19934807
19937913
19941998
19944200
1994914
19950019
19950295
19958520
1997647
19995451
19997826
20001938
2000502
20005097
20010383
20013164
20021689
20033473
20034712
20035055
20036347
2003855
20043873
20046426
20052601
20054692
20058262
20060234
20060728
20060953
20067413
20067755
20067770
20077126
20077500
20089151
20091349
20093129
20101617
20104937
20105291
20108346
2010837
20110505
20110518
20110528
20111593
20112357
20112360
20112372
20121624
20122723
20131235
20131274
20131282
20133709
20133791
20135673
20148096
20155835
20158049
20171072
20171183
20175971
20181277
20187128
20187155
20187655
20188111
20190401
20191491
20192600
20196782
20201078
20202487
20205719
20206237
20213810
20225288
2023213
20237852
20238298
2025305
2025312
2027128
2027137
2027138
20309955
20346402
20349328
20350782
20354742
20360435
20376510
20377366
20390279
20399435
20399901
20407800
20417294
20420676
20432462
20434574
20434575
20436717
20457212
20460191
20462435
20466812
20472084
20472086
20474087
20479257
2048269
20487004
20488444
20488927
20490805
20495569
20495570
20498218
20506137
20506144
20506210
20506224
20506309
20506524
20509748
20510383
20511611
20516192
20518074
20522967
20525390
20525838
20527083
20533290
20534789
20535432
20538089
20556559
20556813
20583100
20583111
20584806
20591677
20592283
20594346
20603097
20604941
2061382
20621685
20625379
20630114
20633668
20633670
20633675
20633676
20633683
20643199
20646986
20647497
20650328
2065530
2065549
20664832
20664951
20669139
20675358
20678201
20683842
20686209
20691059
20692355
2069926
20701740
20708680
20709180
20722015
20722027
20727126
20728870
20733349
20738224
20797443
20805298
20808236
20809138
20815650
20820927
20825639
20840794
20843796
20847738
20850574
20851201
20851422
20855557
20861497
20863650
20863825
20863899
20864020
20872588
20879383
20882669
20886647
20886656
20889985
20921145
20923566
20930333
20940008
20943778
20944430
20945354
20945906
20946124
20950698
20950722
20951230
20953646
20954191
20967391
20967483
2100375
21035559
21036236
21041994
2104218
21044693
21047496
21055904
21056352
21057832
21063883
21067936
21069255
21071480
21073445
21075020
21088145
21089182
21094262
21094690
21098883
21104136
21108488
21110395
21111752
21118138
21119180
21127340
21141677
21144162
21145552
21147151
21152323
21159208
21162957
21163358
21167838
21175039
21185649
21188382
21197320
21216612
21216815
21239716
21241772
21243971
21251986
21251990
21251992
21258522
21262368
21266028
21267711
21273100
21282215
21284047
21285164
21287781
21290130
21291351
21305336
21305500
21308980
21310253
21312269
21325780
21327438
21327824
21334177
21337391
21343686
21346391
21350959
21351054
21352090
21353395
21360519
21366913
21368873
21372000
21374709
21376128
21378032
21383200
21387139
21397032
21397547
21397669
21398559
21404022
21405978
21406075
21410959
21415641
21417219
21418601
21420501
21428299
21437875
21437949
21445980
21446028
21452283
21462250
21466783
21471417
21471660
21472777
21474483
21479939
21482542
21484226
21497277
21506092
2150740
21516362
21520262
21533617
21536437
21537831
21538326
21539915
21543006
2155638
21557731
21559479
21566131
21567132
21571082
21571083
21575197
21586441
21590680
21599960
21613312
21619935
21619936
21620806
216227
21624478
21624651
21627528
21630246
21633723
21633911
21643724
21652695
21658899
21674258
21674547
21678482
21679094
21679434
21681568
21690378
21691326
21697093
21702024
21708001
21720719
21723952
21724248
21736716
21739421
21739426
21745460
21749827
21750530
21750784
21756207
21762512
21765617
2176623
21769848
21775152
21782922
21783692
21787135
21792361
21795282
21795829
21796704
21798287
21799685
21802499
21804193
21808097
21808721
21820069
21820522
21834068
21841214
21843651
21847614
21847664
21853458
21855139
21855558
21855682
21856950
21858617
21863259
21864409
21869830
21871094
21872590
21874326
21874354
21875676
21880736
21881990
21884808
21885247
21887706
21889876
21890638
2189416
21895501
21898359
21899735
21905006
21905007
21905020
21911044
21911068
2191409
21914215
21917603
21930225
21931681
21937758
21945742
21953085
21953304
21953366
21963244
21965529
21968827
21972019
21982494
21982587
21991344
22001658
22006252
22007227
22018423
22018973
22019508
22028304
22034049
22037051
22044919
22051322
22053992
22057346
22065367
22066827
22071411
22071698
22072539
22076918
22081300
22081995
22083516
22084394
2208864
22093915
22095691
22102374
22102413
22117761
22119214
22120701
22122987
22127696
22127701
22127873
22128105
22131019
22131742
22139679
22141435
22142024
22143896
22143922
22146554
22148954
22152451
22153941
22155431
22158614
22160883
22163547
22167163
22170561
22173309
22173325
22175799
22179028
22179029
22179032
22179678
22184086
22185204
22189147
22197886
22197997
22215151
2222532
22225591
22225630
22231023
22236584
22240502
22240637
22244821
22250717
22252645
2225634
22258484
22267189
22271086
22272053
22275233
22285737
22288847
22289897
22293673
22294024
22294469
22298781
22304985
22307759
22308173
22314877
22328140
22330250
22330350
22333731
22337466
22337563
22342065
22342421
22343171
22344562
22344586
22351096
22353745
22361237
22370362
22373734
22384228
22387095
22391889
22392368
22394585
22396742
22399297
22405078
22407503
22414620
22415882
22425884
22426440
22427270
22429866
22430489
22432033
22435714
22438217
22440827
22440931
22442340
22444025
22445554
22447075
22448243
22455987
22459696
22462241
2246557
22466300
22469847
22469851
22470467
22472698
22474519
22484689
22488261
22490585
22491093
22495600
22496430
22498029
22501024
22504024
22506885
22507082
22507555
22507670
22508407
22510396
22510443
22517267
22525135
22526371
22528754
22528855
22531458
22531459
22531460
22534688
22539837
22542924
22554793
22566624
22571260
22571929
22572461
22575362
22576842
22576962
22579856
22579916
22579917
22581309
225927
22595226
22595227
22606297
22608295
22608545
22609478
22609479
22609837
22611500
22613702
22623332
22629448
22636321
22642304
22645088
22648246
22659637
22664108
22668504
22670655
22674011
22674176
22674505
22678997
22692007
22692895
22704650
22709525
22713471
22721434
22726638
22734248
22736200
22737537
22738103
22739214
22742641
22750746
22750747
22752510
22758598
22759953
22763137
22763343
22765310
22767605
22768242
22769424
22771776
22775466
22777888
22778804
22781206
22785367
22790657
22798269
22809835
22818426
22818981
22819243
22820498
22820731
22821055
22825254
22825641
22827787
22828992
22832873
22833219
22833266
22833278
22833446
22846713
22846714
22849584
22850184
22854286
22859926
22865437
22869368
22877818
2288196
22882937
22885814
22888368
22889498
22890185
22890186
22890187
22891645
22902540
22903188
22908007
22909215
22917745
22920092
22925727
22933232
22935787
2293624
22936752
22939867
22947279
22949956
22952769
22956865
22961089
22961401
22965193
22966427
22967398
22967750
22971527
22976595
22977492
22977770
22982372
22982723
22984604
22985876
22995397
22995428
22996566
23011466
23015356
23020698
23025929
23027577
23041435
23041841
23050690
2305220
23064555
23069855
23069856
23070644
23070996
23074702
23085002
23105805
23107483
23115336
23116713
23118784
23123261
23123358
23124630
23124828
23124962
23124986
23133648
23134577
23148681
23151456
23151457
23154419
23156970
23160848
23164158
23169679
2317121
23173750
23174992
23178209
23183190
23185004
23186943
23192248
23194156
23194887
23218603
23219730
23227940
23231346
23233270
23233327
23233348
23247212
23248728
23257243
23257244
23261541
23263781
23267848
23268369
23273362
23274676
23280308
23285079
23287799
23291184
23291609
23295731
23296253
23297162
23297404
23298463
23310948
23312211
23313477
23319657
23323719
23324784
23326413
23334238
23335181
23338062
23339021
23339896
23340211
23340819
23353668
23353669
23353670
23356403
23356643
23360790
23371349
23374428
23375622
2338011
23382930
23383210
2338498
23385821
23389746
23389752
23391443
2339666
2339667
23399228
23411116
23414097
23417988
23423824
23433227
23436205
23436303
23454400
23458918
23461527
23467034
23468973
23472862
23473785
23473975
23483591
23483596
23483610
23486780
23496155
23497529
2349820
23499675
23503887
23503969
23505234
23511227
23511695
23518238
23519019
23521980
23523901
23523903
23527881
23530037
23530215
23533523
23534442
23543200
23546441
23547214
23550192
2355296
2355297
23552998
23563707
23564690
23567033
23574696
23575963
23585475
23587642
23589102
23589286
23590340
23593289
23595953
23597790
23601658
23602983
23603083
23603905
23606170
23611900
23614573
23623324
23624390
23625977
23634175
23646806
23658491
23664655
23664745
23666827
23666904
23671396
23680875
23680879
23685840
23688035
23697583
23701173
23701828
23701865
23705804
23714389
23715552
23717116
23717124
23723318
23723320
23728192
23731943
23740825
23744273
23744481
23747340
23750475
23755017
23756208
23762114
23769729
23773816
23777533
23778340
23782924
23791756
23792272
23795771
23798647
23799821
23802421
23817999
23821557
23826489
23826657
23827368
23830943
23833442
23836445
23839930
23843150
23843355
23846837
23852692
23852764
23857883
23858046
23861563
23861713
2388113
23883619
23884413
23891396
23891968
23894457
23895679
23896777
23903061
23904482
23912900
23915264
23916076
23916685
23918578
23918694
23927932
23928557
23934157
23939426
239424
23943628
23951098
23951406
23954517
23954701
23958822
23963448
23973147
23973148
23973149
23973150
23973153
23973525
23973917
23979802
23982192
23982761
23983046
23983790
23984453
23990219
23994836
24002865
24007463
24009074
24016310
24016823
24018042
24019199
24022823
24023832
24028507
24036379
24041966
24044578
24056368
24071980
24084190
24084720
24086840
24088175
24091160
24093120
24095939
24096032
24096178
24098149
24108064
24108368
24108661
24109645
24109888
24111862
24119051
24120490
24120491
24122676
24129747
24130267
24135912
24137247
24142722
24151039
24152419
24161698
24161707
24166243
24167068
24173911
24179591
24180431
24184155
24184966
24185105
24185109
24185110
24194321
24195351
24199619
24204653
24204985
24206074
24206615
24215110
2422209
24225059
24228609
24237933
24237934
24239096
24241034
2424461
24248346
24257023
24269276
24269635
2427091
24280245
24280247
24282543
24286344
24286347
24286458
24286607
24289792
24295650
24296676
24297380
24302463
2430748
24309371
24312420
24315981
24316289
24321436
24323070
24333297
24338203
24339176
24343447
24344131
24347567
24353248
24357414
24361795
24365198
24369033
24373735
24375646
24375991
24383533
24384406
24386478
24387059
24392129
24392152
24396291
24401101
24418674
24418675
24423138
24424207
24428864
24438745
24443819
24448347
24448516
24449269
24449579
24453178
24454514
24457103
24463008
24465137
24466161
24470226
24470303
24470361
24470419
24472412
24472689
24473905
24474687
24474754
24479426
24479481
24481743
24482165
24486342
24486381
24490617
24497008
24497499
24499554
24502636
24508775
24512762
24516346
24524826
2452552
24526748
24529376
24534736
24550287
24556692
24558358
24561282
24561313
24566851
24567058
24572376
24574220
24574224
24574225
24574226
24577103
24578214
24578232
24579704
24582795
24586815
24588081
24595230
24600703
24602500
24605080
24607485
24613214
24620998
24623505
24623711
24626785
24630964
24632095
24632762
24633464
24635637
24636482
24638128
24641725
24641944
24648308
24651621
24655056
24658359
24662735
24664185
24667079
24667123
24669849
24670222
24671386
24671491
24675155
24678741
24687997
24692243
24697299
24703622
24703827
24704496
24704497
24712867
24713355
24714625
24719311
24720858
24721459
24727161
2472849
24729965
24732949
24737908
24741569
24742749
24747173
24747174
24748433
24749144
24750874
24753019
24757033
24757139
24760110
24764617
24766775
24767864
24769230
24769231
24786088
24786526
2479078
24792209
24792211
2479287
24795271
24795274
24797570
24797662
24810823
24811827
24813051
24816289
24817933
24818130
24819118
24819400
24822272
24823363
24830649
24834922
24837189
24838610
24839051
24839120
24848439
24852699
24852700
24853775
24857975
24859058
24860700
24867294
24872709
24872832
24875054
24881106
24885745
24889323
24890034
24892719
24895296
24905701
24907345
24909758
24912814
24916718
24926875
24928317
24928318
24928913
24928920
24933343
24933511
24935926
24936585
24937860
24938620
24939049
24943990
24951136
24952978
24955618
24957638
24962501
24963402
24964042
24964749
24965503
24966068
24966136
24966254
24970836
24973958
24974007
24976081
24976609
24977073
24980965
24981112
24981632
24984954
24987156
24994452
24998927
24999110
25001340
25003010
25008204
25008209
25009586
25009597
25009705
25009708
25013448
25015373
2503282
25039883
25043778
25046534
25046535
25047145
25047750
25048871
25062663
25064117
25065008
25065588
25068220
2507757
25078095
25078097
25080367
25081415
2508305
25086402
25087069
25087604
25087745
25087910
25091889
25096601
25099484
25100170
25100568
25100783
25106675
25111192
25115332
25118941
25120312
25123228
25125266
25125695
25128628
25129057
25135252
25135253
25146000
25151083
25153804
25157947
25158232
25169730
25169829
25175765
25176059
25176127
25176272
25179389
25180294
25185368
25187381
25187798
25188282
25189115
25189465
25191747
25191931
25192881
25193704
25196420
25196583
25198230
25200274
25201702
25201731
25202993
25219368
25219641
25219668
25219670
25230745
25236536
25238962
25241157
25242079
25247198
25248323
25256690
25257317
25264131
25264600
25266960
25267432
25273135
25278051
25278053
25278055
25278057
25278073
25279151
25283343
25287160
25287683
25294293
2529859
25299541
25303734
25308850
25311550
25321476
25328086
25330343
25330932
25331049
25331050
25331953
25331977
25332857
25339266
25339268
25340802
25341039
25346893
25350566
25354787
25356168
25366485
25368604
25371442
25374446
25376614
25377946
25378349
25381135
25385442
25385580
25385707
25392105
25398247
25398806
25403236
25410057
25410523
25410618
25412149
25415394
25415648
25415768
25417063
25424775
25435376
25435386
25435813
25438155
25445302
25450842
25450854
2545171
25453723
25463442
25464168
2546498
25465897
25466177
25466264
25466931
25469820
25471680
25475114
25479166
25488844
25491303
25496568
25497864
25498590
25503611
25512009
25515248
25516005
25517798
25518303
25519508
25521919
25523754
25529198
25533381
25534363
25538060
25541297
25541309
25541697
25545425
25549200
25550340
25559623
25565665
25569085
2556924
25573665
25573797
25575468
25576403
25576671
25585625
25588586
25589512
25592029
25592743
25592835
25593283
25596416
25596949
25597243
2559818
25600705
25600960
25604429
25608048
25613062
25617057
25623624
25628667
25628784
25629889
25631385
25655021
25655679
25656376
25656460
25659654
25659656
25659934
25666331
25667638
25675406
25677108
25677204
25680539
25680651
25680653
25683149
25687637
25687638
25693634
25697137
25701166
25702530
25707934
25708245
25708836
25712012
25712888
25714387
25715677
25719612
25724134
25725391
25728278
25729331
25732515
25733665
25733872
25736064
25736365
25736607
25737402
25748082
25749104
25749876
25754021
25754287
25755716
25764208
25771150
25776872
25777293
25777613
25780732
25782157
25785087
25785088
2579224
25792809
25797646
25799352
25800415
25802546
25807537
25815520
25815638
25817332
25817731
25818052
25818190
25818452
25820864
25821313
25824140
25824985
25828538
25835759
25837919
25845347
25846264
25853339
25857705
25858171
25865393
25869133
25874446
25876463
25884951
25885368
25887369
25888442
25888819
25889158
25889371
25889639
25890366
25891852
25892273
25892493
25893393
25899547
25900303
25903377
25903444
25908625
25909759
25916553
25917196
25917637
25921548
25932159
25933963
25934426
25935347
25937027
25937028
25939329
25939531
25939612
25940877
25940958
25945040
25953896
25957254
2596380
25964075
2596570
25966657
25967971
25969431
25971876
25973028
25975052
25976248
25977571
25985971
25986068
25989359
25993981
25997526
26000299
26002585
26010756
26015264
26016689
26018435
26023716
26025096
26028135
26028138
26028140
26033165
26033166
26033998
26045176
26045743
26045761
26046639
26062798
26067584
26069535
26069585
26069594
26069596
26069620
26069642
26069685
26074364
26079860
26083352
26089642
26090476
26092928
26097038
26097542
26099282
26103880
2610713
26108147
26108578
26109786
26111768
26112847
26117175
26117694
26120493
26120841
26133911
26134451
26134453
26134502
26135713
26135886
26136062
26136893
26138240
26138248
26138996
26141762
26147652
26151638
26152200
26155113
26159056
26165348
26166548
26170306
26171147
26174175
26182366
26184498
26194917
26197088
26198356
26198357
26201748
26208633
26209889
26213210
26214407
26216049
26219508
26220516
26224539
26228537
26229774
26235583
26239837
26240991
26241778
26241779
26244598
26244981
26245235
26245312
26245691
26247612
26247695
26253096
26254236
26256195
26256766
26256767
26257191
26271607
26272361
26275694
26279273
26279447
26279449
26285672
26285913
26286016
26290588
26296921
26303725
26309557
26309781
26312474
26315393
26321377
26325015
26329269
26336584
26336958
26340084
26343586
26344001
26350037
26350038
26355014
26357438
26360647
26361381
26362183
26362410
26365972
26369477
26376125
26377571
26379827
26386127
26388558
26395917
26396170
26400621
26401159
26403062
26403700
26405834
26406452
26408027
26409512
26410555
26424216
26424839
26433038
26434683
26438374
26438631
26442595
26445328
26450946
26454050
26455998
26458773
26462474
26466556
26470720
26473405
26485068
26492575
26493329
26493330
26496668
26496825
26497741
26497769
26499267
26499268
26499313
26505386
26505891
26506502
26507256
26516689
26520886
26521733
26521744
26521745
26521746
26521748
26521750
26521785
26522700
26524084
26524412
26525853
26530111
26531672
26535700
26538834
26542671
26542776
26546411
26550169
26550441
26560133
26560184
26562438
26563344
26572064
26573409
26573557
26576262
26578310
26584570
26585241
26585246
26586481
26589614
26596790
26600478
26604215
26605536
26605758
26608362
26617688
26617711
26620090
26622502
26625129
26629963
26631347
26631351
26631363
26634249
26636289
26636652
26637220
26637428
26639318
26639398
2663990
26642431
26647105
26653735
26655743
26657859
26663140
26668592
26671580
26673737
26674424
26675329
26683663
26686833
26687115
26687823
26687824
26687825
26687826
26689653
26694132
26697956
26698846
26703073
26703223
26704447
26706677
26707987
26712566
26713606
26713680
26714479
26717557
26720513
26721735
26722436
26722440
26722492
26728350
26732579
26740052
26741062
26742739
26746148
26746150
26746151
26746673
26751999
26752378
26752990
26769161
26771387
26773662
26774733
26778531
26782475
26783110
26784366
26792705
26794603
26794830
26794862
26794964
26797130
26805018
26806292
26806976
26807032
26807491
26808542
26810784
26815411
26815610
26817025
26826014
26826302
26828357
26830207
26832187
26837060
26838881
26844597
26850822
26851252
26851274
26851314
26851450
26852666
26853108
26853752
26860366
26864066
26866626
26866935
26868380
26871903
26872897
26872979
26873249
26878059
26880531
26881207
26883979
26884829
26884921
26888708
26890138
26893055
26895619
26895663
26896841
26896926
26898122
26898767
26901193
26901593
26902085
26903200
26903297
26903440
26905565
26910618
26915044
26915639
26924420
26932821
26934480
26936086
26936196
26937219
26939846
26944279
26944403
26945456
26945831
26947886
26956364
26963090
26963384
26969024
26970286
26973329
26975998
26978347
26980243
26980374
26983696
26991527
26992380
26994554
27003736
27006923
27009967
27015369
27017891
27018594
27019285
27022552
27023516
27026802
27030100
27031305
27031945
27032670
27036883
27039182
27040636
27041063
27041213
27042186
27044820
27052304
27055478
27060082
27063559
27066786
27066995
27068285
27069407
27069504
27070563
27075702
27077804
27082436
27085969
27086115
27086145
27086847
27087498
27088242
27092487
27098310
27099487
27104565
27108237
27109206
27114348
27114801
27115490
27118120
27118194
27118398
27122313
27123995
27127843
27129040
27129293
27132778
27142000
27142133
27147295
27147707
27147711
27153222
27155345
27155347
27158347
27159076
27159257
27163789
27164955
27165180
27173350
27178054
27178341
27183198
27183538
27183574
27194025
27194201
27208420
27211863
27211864
27214709
27220395
27227030
27233606
27234527
2723460
27235904
27236261
27236646
27238423
27240953
27245323
27247228
27247722
27256712
27260322
27261750
27266646
27270603
27271273
27275015
27279147
27280771
27285121
27301478
27305832
27312547
27312650
27314696
27315306
27321049
27321194
27322244
27338815
27340791
27345362
27346544
27347022
27347945
27349460
27349462
27356303
2735969
27363337
27365987
27367673
27368432
27377816
27380522
27381034
27382377
27385944
27388238
27388701
27390028
27390029
27391810
27391970
27400672
27411565
27412524
27415616
27416075
27427985
27430254
27431944
27445236
27447821
27449593
27452863
27454254
27454655
27457421
27459679
27463229
27465877
27473558
27475840
27477830
27480933
27482294
27483347
27484345
27485850
27499126
27500994
27501482
27505251
27509914
2751098
27514996
27515513
27515912
27516624
27517056
27518788
27521747
27539076
27539752
27541035
27542282
27543413
27543839
27543842
27548066
27548493
27549172
27550416
27554674
27558955
27563877
27564840
27567476
27567942
27568574
27574462
27574898
27575371
27579819
27580425
27583436
27584727
27587077
27589850
27590063
27591401
27592041
27594677
27597397
27601010
27601064
27603333
27606264
27611831
27621213
27624384
27624724
27627706
27635406
27638130
27640147
27640363
27642127
27644875
27646532
27646982
27647009
27650754
27651153
27654963
27662821
27663233
27664939
27664978
27666725
27676099
27680963
27682596
27682878
27686453
27688095
27688842
27688845
27689003
27690009
27693501
27693502
27696748
27696794
27698707
27699225
27703516
27706690
27707109
27709316
27709418
27709491
27716333
27716396
27720885
27726040
27726041
27727159
27729291
27729913
27732085
27734384
27737345
27737814
27737897
27743046
27746376
27747190
27748894
27752702
27752829
27752896
27756697
27756698
27756901
27758860
27766031
27766035
27768832
27769098
2777750
27778194
27779640
27780308
27784871
2778766
27789339
27789465
27792866
27793538
27797605
27805288
27808352
27816790
27820852
27821962
2782224
27825552
27825604
27829414
27829535
27830706
27832355
27832815
27836674
27836707
27840128
27845067
27845876
27851782
27851983
27851984
27853940
27855162
27856169
27856294
27860453
27863298
27876074
27878995
27879566
27882124
27882132
27882938
27902701
27903449
27904047
27904143
27904712
27908189
27908544
27909553
27911782
27916555
27916560
27918314
27922941
27925221
27926509
27932245
27935109
27937051
27941314
27941690
27941926
27942109
27955699
27965139
27965260
27965322
27980494
27982265
27986622
27989826
27992368
27993154
27994917
28005437
28005443
28011101
28012003
28025555
28026095
28030474
28035982
28036032
28042326
28043938
28049462
2805684
28059868
28063212
28063227
28064223
28066137
28070626
28070636
28071693
28086000
2808699
28091618
28097228
28097525
28097685
28101475
28102161
28104539
28106517
28108560
28109308
28111103
28112382
28114800
28117674
28120109
28122526
28122611
28128866
28129516
28131784
28133485
28137413
28137664
28139016
28139355
28141918
28145597
28147322
28153003
28164729
2816503
28165497
28167976
28168658
28181577
28185846
28189827
28193542
28194447
28202914
28213268
28214084
28214840
28220902
28223125
28225075
28225087
28225870
28230313
28237185
28239846
28242173
28242648
28243085
28250578
28251487
28252005
28252046
28254683
28259960
28259976
28265573
28278383
28279188
28280413
28282029
28284832
28284998
28284999
2828615
28287423
28297568
2829908
28301858
28303595
28303909
28314754
28317846
28318324
28320059
28320092
28320093
28323137
28325340
28326927
28326938
28332497
28334010
28334504
28338415
28339018
28343287
28345597
28347649
28348422
28349987
28351717
28355351
28355681
28358372
28358416
28362543
28366649
28367081
28370591
28374574
28380690
28383548
28384173
28388908
28389425
28391163
28396243
28397529
28405000
28406954
28407495
28409828
28409895
28410217
28410428
28413731
28418007
28419155
28419987
28420082
28420447
28421969
28426699
28427172
28430129
28435151
28436958
28437129
28437887
28442110
28450318
28456437
28457885
28457902
28463061
28464560
28471533
28474628
28476879
28480401
28482921
28487981
28492224
28492349
28495577
28496359
28500074
28504116
28504144
28506841
28507472
28508006
28513840
28513981
28514714
28520086
28520463
28521989
28529106
28532603
28533591
28533592
28535500
28539595
28542404
28542897
28544002
28544542
28544596
28545594
28545880
28545881
28548102
28548679
28554494
28564689
28565823
28565845
28579418
28579434
28582908
28583899
28584879
28585864
28587333
28587374
28588485
28593930
28594958
28599103
28606072
28609022
28611369
28613895
28614801
28616752
28616978
28619022
28620193
28622746
28627522
28627582
28627596
28633971
28638676
28638681
28640163
28643466
28643904
28646530
28647370
28647468
28647469
28647646
28647729
28648299
28649440
28659793
28662337
28663035
28666239
28666466
28668542
28669597
28670109
28671352
28671685
28674255
28675666
28676845
28677145
28677757
28677799
28678406
28684076
28684192
28684418
28688215
28688538
28690479
28691484
28694081
28695367
28700003
28705238
28715494
28716756
28724217
28725908
28729639
28730231
28732855
28735021
28735299
28735352
28736799
28743292
28744712
28751919
28752263
28757192
28757388
28758108
28759313
28760350
28764769
28765519
28765635
28765925
28765966
28767178
28768536
28769981
28778596
28782172
28785392
28785878
28793056
28798050
28798097
28801209
28802150
28803211
28804568
28806392
28807034
28808696
28810618
28810851
28810995
28811491
28813497
28815179
28817810
28823024
28823646
28823647
28829233
28829242
28831668
28835277
28840952
28844566
28844955
28849083
28849084
28849222
28849229
28852776
28858724
28859108
28859619
28860852
28865213
28877431
28878468
28882752
28884332
28885454
28886084
28886316
28888901
28888902
28890259
28892260
28893232
28898438
28898893
28904358
28904551
28905711
28910961
28912864
28914956
28915439
28915521
28915567
28917083
28919376
28919430
28921725
28923043
28926590
28928664
28933476
28939526
28941045
28942223
28943207
28944864
28945000
28949389
28951745
28955486
28956662
28957801
28957807
28960309
28960426
28963813
28968949
28969686
28971529
28974461
2897740
28977876
28980719
28981117
28987725
28988205
28992367
28994112
29017608
29017758
29020659
29022900
29024567
29026147
29028430
29030067
29030641
29031199
29033951
29035380
29039445
29039501
29039525
29040066
29042963
29044705
29049670
29053693
29055957
29056291
29057471
29058776
29061494
29067461
29067744
29068480
29069539
29070587
29072283
29072705
29073363
29074298
29074299
29075814
29088666
29091874
29092817
29093428
29094382
29095435
29096521
29097208
29100502
29100801
29101035
29101804
29101808
29103324
29104478
29104661
29105354
29107695
29108480
29110786
29111161
29111592
29126427
29131268
29133260
29134405
29136765
29138829
29142423
29143973
29145453
29145712
29149841
29150268
29154876
29155252
29156946
29157984
29161460
29164146
29166937
29168867
29171968
29174854
29176667
29183039
29191088
29191221
29192123
29195834
29196459
29196708
29196833
29198047
29201194
29205258
29205898
29207603
29208566
29210312
29214554
29215722
29219023
29224976
29226725
29227045
29228594
29228600
29230102
29233086
29233184
29233641
29243030
29245931
29247144
29247173
29247798
29250145
29250157
29251361
29251375
29255152
29255591
29257269
29257344
29258611
29259753
29263013
29270716
29284451
29285104
29286096
29286133
29286152
29291543
29298566
29299122
29299344
29300716
29301300
29305974
29308811
29309831
29310791
29311146
29311503
29313174
29314205
29315262
29315787
29317453
29317792
29317848
29318481
29319178
29319609
29323130
29323204
29323710
29327364
29327460
29329496
29331761
29332174
29343182
29343508
29346012
29348767
29352619
29357491
29357891
29359666
29364174
29366335
29366446
29373032
29373806
29376494
29377313
29379010
29380171
29387635
29391276
29393342
29393346
29393439
29393693
29402405
29407201
29408488
29412694
29413962
29415582
29415892
29417902
29422077
29423330
29430715
29432995
29434185
29434267
29434299
29434641
29434702
29434766
29435116
29436471
29437147
29438227
29438883
29440889
29444976
29448248
29450729
29453795
29460078
29463254
29473075
29474860
29476740
29477035
29478074
29484338
29484390
29485013
29485196
29485639
29488175
29488610
29489828
29493355
29510478
29511435
29513553
29513755
29514675
29520169
29520686
29522657
29523155
29524442
29524675
29528264
29530720
29532889
29534084
29534535
29534754
29535518
29539753
29540226
29540697
29540857
29543781
29547721
29548914
29549054
29549951
29550827
29554480
29554973
29555825
29556366
29557244
29559252
29563338
29564448
29565642
29572481
29575548
29575932
29576802
29581742
29587623
29589441
29599826
29601910
29603329
29604191
29604245
29604337
29605083
29608013
29610999
29617878
29618652
29618773
29621761
29622035
29624738
29636082
29636687
29636866
29637484
29641501
29650413
29652075
2965280
29653943
29656073
29656239
29656315
29661110
29663644
29665134
29667227
29667446
29667462
29669931
29670657
29673343
29678417
29678719
29679904
29681797
29682561
29684084
29684624
29686224
29687303
29687871
29691281
29691435
29693122
29694389
29694646
29698461
29702220
29708818
29709011
29710506
29710511
29712620
29712778
29717217
29718273
29720262
29722355
29723651
29725360
29739985
29740093
29744983
29746861
29747385
29747748
29748528
29748647
29750304
29752100
29755657
29757957
29761560
29766025
29768985
29770595
29774080
29775231
29779621
29781506
29782979
29783732
29784003
29785089
29789008
29794403
29797102
29797602
29802156
29803977
29806726
29808374
29808705
29842918
29843156
29843440
29843768
29845461
29849491
29852167
29857156
29857819
29858052
29861524
29864899
29864946
29867478
29867945
29868252
29869015
29870552
2987465
29874688
29875586
29878401
29878993
29879379
29883943
29885465
2988574
29888808
29890416
29890922
29891807
29891965
29892579
29892899
29894913
29896219
29898378
29898872
29898959
29901017
29905361
29905408
29908959
29913441
29915560
29917178
29917216
29920476
29921656
29922442
29922443
29922445
29923522
29923670
29925506
29925634
29926706
29928231
29928576
29930022
29938527
29940143
29940267
29944927
29948602
29949137
29949791
29950992
29953665
29956271
29956284
29956782
29961054
29966748
29971011
29972184
29974310
29976187
29978613
29980577
29982662
29983942
29986604
29987897
29991473
29992982
29997113
30003932
30010080
30015238
30015923
30016600
30018076
30019597
30022370
30023332
30031224
30031925
30031926
30033246
30035050
30035060
30035080
30035091
30035745
30042178
30043596
30044827
30044894
30046312
30048987
30050432
30055642
30057417
30059491
30060740
30061065
30061164
30067136
30069445
30070147
30070297
30070692
30071128
30071308
30071410
30074264
30074814
30075007
3007526
30075312
30075737
30076153
30076457
30078186
30079380
30082761
30086379
30087236
30088034
30090244
30092352
30093011
30093946
30098273
30099277
30101191
30103115
30104576
30105061
30106092
30106112
30106113
30110088
30110204
30110401
30111653
30115046
30115587
30116335
30116400
30117186
30119032
30119244
30121673
30121928
30122974
30125096
30125727
30134310
30135182
30135624
30139714
30140293
30140705
30143643
30144066
30144298
30144364
30145794
30145831
30146893
30148052
30149233
30154423
30160166
30160278
30174601
30179205
30185781
30185988
30193893
30193926
30195046
30196232
30201491
30204915
30205482
30206206
30208927
30209244
30210670
30210898
30218055
30218608
30220231
30220711
30224931
30225954
30232322
30232451
30234227
30235245
30237062
30237492
30237578
30240153
30240938
30242147
30243066
30244259
30246031
30247799
30248505
30251031
30252968
30257711
30258570
30258877
30259137
30261492
30261507
30262135
30264402
30264681
30267404
30271853
30272266
30272322
30273654
30273917
30275684
30276528
30277570
30278915
30280200
30282957
30283333
30283898
30287396
30287418
30287858
30288634
30292414
30299441
30302948
30304692
30305302
30305454
30311192
30311846
30315524
30315711
30317108
30321247
30322672
30324848
30326428
30327006
30327434
30335903
30338787
30339839
30340603
30341166
30342192
30345823
30349873
30365059
30365114
30366509
30372803
30375565
30378173
30379418
3038223
30385786
30387401
30388100
30396488
30398288
3040324
30404032
30405206
30408629
30412852
30412853
30414849
30415972
30415975
30416646
30417459
30419485
30425476
30429089
30429885
30430453
30430645
30443190
30448533
30448827
30456844
30461296
30461363
30462647
30464073
30465058
30468454
30471358
30471381
30471420
30474763
30474872
30480335
30483733
30484378
30485126
30485272
30486657
30486903
30487252
30496623
30496783
30498731
30500068
30502449
30506914
30507075
30510442
30510445
30511903
30513362
30519575
30519936
30521117
30521368
30521964
30522383
30523147
30524167
30525072
30526325
30529425
30530994
30534627
30534634
30537737
30538762
30542285
30542413
30542421
30542428
30542499
30543056
30544714
30548602
30550637
30550885
30551031
30551412
30551734
30554495
30557884
30561041
30562742
30564065
30566959
30568481
30569118
30572121
30579353
30581556
30582743
30583576
30584213
30584942
30585422
30585984
30586667
30587175
30592265
30596714
30600470
30600472
30600473
30603567
30603587
30604480
30606217
30606638
30609097
30610061
30610922
30611247
30611819
30611904
30612118
30615897
30617615
30618615
30618801
30619261
30621446
30622281
30623241
30623804
30624015
30626725
30628591
30629441
30629676
30635030
30635602
30638309
30642012
30644158
30644168
30644575
30644773
30648360
30649473
30651759
30651779
30652828
30654118
30654932
30655688
30656598
30659184
30662339
30662362
30662631
30663676
30663793
30664999
30665716
30666561
30671145
30674985
30679644
30682804
30685487
30685700
30691048
30691120
30692016
30692826
30693466
30698325
30703768
30703868
30704288
30705526
30706033
30707846
30716535
30717402
30718470
30718510
30720093
30728500
30728776
30729471
30729479
30729487
30729704
30730609
30731321
30732913
30734541
30740905
30744620
30745310
30746895
30755787
30759446
30761007
30767746
30770640
30771585
30771739
30773420
30775942
30776329
30776646
30779717
30782019
30783864
30784067
30784197
30791741
30791745
30792936
30795769
30797016
30797145
30798606
30808624
30808932
30811038
30813547
30815381
30816583
30820353
30822327
30825594
30826358
30826485
30826524
30828764
30834523
30836057
30837642
3083854
30841560
30842121
30843733
30844228
30846801
30847744
30854241
30854676
30857415
30858101
30858696
30861010
30861394
30861471
30862504
30862648
30862915
30863061
30864698
30867044
30867061
30868494
30871292
30871515
30872407
30873124
30873504
30881475
30885225
30886197
30887556
30890456
30891766
30891782
30894907
30895028
30895865
30896583
30896805
3089703
30897138
30897501
30899364
30899609
30900717
30903772
30903825
30906129
30909133
30912140
30915115
30915215
30915890
30917318
30919211
30922122
30922982
30923232
30923347
30925135
30926645
30926814
30927255
30927660
30927715
30930294
30931327
30932160
30933975
30936160
30937838
30938133
30938722
30940879
30942447
30942801
30944034
30944169
30944259
30945071
30945580
30953645
30954385
30954915
30957437
30959278
30965143
30965235
30968404
30970861
30972174
30972197
3097286
30973882
30976283
30977542
30977553
30978319
30979862
30981080
30981839
30982336
30982756
30983153
30986528
30993486
31002692
31002699
31007149
31010247
31015473
31019213
31020644
3102376
31025923
31026554
31026650
31031401
31032948
31032997
31033070
31033977
31034758
31034922
31037830
31040782
31042406
31044181
31044415
31046158
31046168
31046827
31046883
31051168
31051241
31052237
31054068
31055086
31055848
31061278
31062604
31063807
31065841
31068441
31075235
31084709
31085006
31088681
31089001
31089136
31092864
31094031
31095777
31097875
31102286
31103876
31104480
31105831
31107137
31107916
31108241
31110568
31111559
31113964
31115161
31115524
31115925
31117504
31119776
31121225
31124640
31125133
31128080
31130863
31131046
31131874
31132316
31132406
31134620
31134817
31136803
31137797
31142603
3114487
31146014
31146351
31148341
31150275
31152077
31155849
31158282
31160553
31161622
31162482
31164994
31168540
31169312
31173033
31176015
31176016
31176017
31177036
31177794
31177809
31177887
31182152
31182934
31183123
31186141
31189030
31189572
31190561
31191517
31196172
31198977
31201586
31201921
31204523
31204557
3120585
31205941
31207966
31208715
31208723
31209459
31209645
31210406
31211955
31211985
31212619
31213610
31214026
31217867
31222033
31223428
31226261
31228458
31228817
31229684
31231454
31233890
31236745
31238006
31239244
31239673
31249264
31251987
31253842
31255600
31256148
31256666
31258481
31258642
31261789
31262076
31265447
31265883
31268737
31269875
31272360
31273625
31274342
31276817
31278964
31280053
31283041
31283983
31283994
31285188
31285423
31287023
31287025
31291980
31293216
31297620
31298072
31298308
31298359
31298408
31299270
31302422
31302828
31304164
31304988
31306979
31307784
31308631
31310910
31310911
31311115
31312686
31313630
31313823
31316574
31323297
31324245
31325494
31325727
31326553
31326554
31327492
31331074
31332781
31339809
31342791
31343261
31345099
31350386
31351471
31351964
31353019
31353084
31353568
31354246
31355276
31357086
31357246
31359010
31362078
31362475
31362725
31362738
31364719
31368870
31369700
31369767
31371812
31374866
31378925
31380381
31381554
31382618
31384309
31384819
31389579
31390373
31394185
31396630
31401788
31402800
31402982
31404098
31407595
31408372
31410125
31410487
31412104
31412648
31419488
31422941
31424112
31430262
31430878
31431607
31432995
31435629
31435813
31437580
31438731
31438735
31447845
31451219
31452704
31454155
31454418
31464310
31466462
31468163
31472053
31472145
31474179
31475206
31475944
3147827
31479064
31480031
31481898
31482846
3148407
31484919
31485657
31486476
31492126
31495059
31495394
31496660
31497826
31500508
31500751
31502578
31505901
31511005
31511053
31511072
31512108
31513919
31520482
31521691
31530037
31534047
31534049
31534552
31535058
31536815
31538672
31539109
31539804
31542485
31545916
31547612
31548177
31549776
31549920
31550528
31553428
31554894
31554953
31557589
31557835
31559470
31560411
31563117
31564232
31565788
31565996
31568634
31568919
31569601
31569963
31569995
31575035
31577939
31578839
31582897
31586040
31586161
31586725
31586865
31587011
31590658
31590845
31597574
31601862
31606533
31606726
31608307
31608494
31608495
31608709
31609601
31610189
3161266
31620012
31625201
31629032
31629102
31631977
31632200
31633791
31634584
31634652
31635173
31636264
31638238
31638337
31638855
31639491
31640732
31642732
31644429
31646013
31646754
31647983
31648137
31648929
31649847
31652455
31653858
31654748
31655387
31659586
31659964
31661144
31661326
31662319
31666602
31666999
31672600
31673109
31678498
31679508
31681730
31682385
31684073
31684092
31686786
31690022
31695255
31695756
31696218
31696655
31700695
31701670
31705125
31711313
31711715
31711940
31718284
31726172
31730120
31735552
31740016
31742919
31746366
31748609
31749941
31752825
31754732
31756130
31757676
31760158
31760502
31764352
31765607
31765739
31768001
31770663
31771623
31771658
31772142
31774188
31774632
31778752
31779692
31780931
31781343
31783149
31784400
31784401
31785390
31788947
31789105
31790972
31791585
31794570
31799697
31804010
31806974
31814175
31814887
31814923
31815524
31819923
31822750
31823179
31826327
31827595
31827706
31827742
31827985
31828128
31828429
31829201
31830592
31836142
31837247
31837258
31837326
31837574
31838140
31840428
31841119
31841992
31842639
31844612
31849213
31849953
31853294
31855117
31857163
31860662
31861690
31863959
31868209
31870428
31874197
31875872
31876072
31876323
31881177
31883860
31885823
31888661
31888697
31889132
31894302
31895692
31897918
31901095
31903618
31903621
31905764
31906765
31907788
3190784
31910305
31911151
31915516
31916291
31916546
31918209
31918221
31918279
31922219
31925860
31926089
31926268
31926346
31926929
31927559
31928851
31932325
31932746
31934282
31934329
31935848
31937149
31937359
31939630
31940132
31940860
31945013
31945456
31945707
31949286
31949599
31949990
31950348
31956378
31958453
31958497
31961065
31962170
31963938
31964233
31966426
31971058
31972221
31975545
31976816
31977158
31978040
31978557
31980519
31981416
31982563
31982564
31983036
31985604
31988026
31989845
31992029
31992036
31992038
31992827
31992922
31993924
31998403
32000463
32003441
32003758
32004084
32004585
32005844
32006078
32006659
32007503
32007797
32010148
32012117
32013856
32016449
32020624
32020892
32025239
32028021
32030828
32034262
32037689
32038242
32040598
32044353
32045824
32045921
32047580
32052890
32054968
32057894
32058211
32059379
32059749
32060941
32061965
32062610
32064134
32064982
32067417
32069441
32069893
32070117
32073014
32083119
32083237
32084364
32085385
32087740
32089778
32090454
32092588
32092739
32094158
32098291
32099450
32099720
32099721
32099804
32101625
32101827
32103372
32104396
32107493
32108917
32112120
32112264
32113051
32117068
32117912
32122385
32123154
32124251
32124494
32124869
32124939
32129514
32129515
32132930
32134140
32134473
32138842
32140066
32140758
32141530
32146150
32146507
32147535
32147536
32151961
32154622
32156482
32156705
32159191
32159840
32161544
32162789
32163510
32163857
32164328
32165317
32167952
32171788
32173627
32173658
32175635
32181981
32182210
32183900
32186046
32186772
32192320
32192519
3219287
32196852
32197418
32199975
32200413
32201950
32203488
32204600
32205337
32208385
32210280
32210738
32211385
32214220
32214800
32214804
32216270
32217157
32220312
32222415
32222871
32228637
32233176
32235555
32235618
32235804
32242388
32247266
32247641
32248331
32249508
32249762
32256772
32258036
32263430
32265733
32269734
32270890
32271401
32271407
32272195
32273685
32276503
32276877
32277513
32278830
32279160
32280355
32281401
32281500
32283184
32284824
32285971
32286705
32287299
32290085
32294140
32295616
32295649
32295898
32298781
32302289
3230567
32306945
32308389
32308770
32309598
32311485
32313003
32313200
32315711
32315715
32315726
32315736
32319197
32319621
32321579
32321631
32323440
32323821
32324278
32326143
32326610
32330138
3233039
32330796
32331555
32332252
32332704
32334102
32334386
32334715
32335541
32336048
32336589
32339698
32339712
32341638
32341895
32343998
32345916
32348838
32350292
32351784
32353689
32355794
32357909
32359386
32360505
32360537
32361653
32371389
32371954
32373192
32375174
32377874
32381549
32381754
3238356
3238371
32388789
32392916
32393335
32394143
32394696
32395520
32396508
32398124
32404018
32404427
32409323
32411129
32413742
32416098
32416221
32416224
32418287
32420902
32420987
32426059
32426485
32428685
32430054
32431699
32432314
32433276
32433520
32435673
32435676
32435909
32437968
32438772
32439403
32440501
32441256
32442041
32445705
324481
32449702
32453422
32455113
32466159
3246890
32470596
32470597
32474743
32474881
32476071
32476443
32478188
32485353
32486506
32486519
32488683
32490376
32492888
32495857
32497388
32497450
32499111
32510505
32514515
32515588
32517436
32518385
32518750
32519886
32521454
32526967
32528301
32529755
32532182
32532183
32533926
32534115
32542100
32542333
32544091
32545631
32546009
32548322
32550912
32555459
32556386
32556726
32558123
32560815
32561472
32564401
32564468
32565872
32566090
32570114
32572077
32573417
32573694
32576047
32580167
32581428
32581777
32582961
32584470
3258503
32586093
32587244
32590144
32590318
32591239
32592208
32596691
32597443
32600700
32602242
32602381
32603538
32605161
32606898
32608995
32611834
32612184
32614635
32615822
32616521
32619649
32620866
32622201
32622872
32622876
32626917
32626995
32627602
32628132
32629162
32629163
32632306
32633950
32634159
32634440
32635404
32635763
32636527
32637608
32637750
32638534
3263891
32640182
32641147
32643707
32647171
32647691
32650828
32652826
32654176
32656644
32658313
32659345
32660984
32665267
32665406
32668663
32678020
32679132
32683043
32691066
32693125
32693649
32695803
32696209
32697398
32702358
32703413
32705174
32705795
32706193
32706497
32709223
32713662
32714401
32716572
32716577
32723351
32724821
32726122
32728288
32730652
32732957
32737772
32738890
32745911
32747064
32747242
32747445
32749853
32750029
32754258
32757664
32759913
32761684
32762553
32763417
32763434
32764573
32764579
32764880
32765610
32765755
32765756
32767602
32768686
32768958
32770199
32774019
32776418
32776432
32778764
32778777
32782506
32789555
32790946
32792951
32794641
32795379
32801641
32802182
32803252
32805694
32805696
32807933
32812575
32814390
32816052
32818603
32822332
32824204
32824442
32824575
32832965
32839804
32840387
32841203
32843582
32843678
32848727
32854712
32855675
32855725
32856377
32858189
32858593
32859470
32859940
32860098
32866644
32866681
32870006
32871523
32877976
32878462
32878463
32878982
32882584
32884953
32886146
32887644
32888652
32894532
32895234
32899361
32901645
32912277
32914937
32916025
32917285
32919575
32924290
32924528
32925869
32925989
32926854
32931933
32934295
32938794
32938906
32940053
32940061
32940181
32943744
32946669
32949662
32950705
32952950
32954793
32955387
32955487
32959133
32963046
32963278
32964944
32965793
32976505
32977456
32978775
32979204
32979207
32979209
32981415
32982218
32985762
32991618
32992283
32992936
32993662
32997532
32997535
33013396
33014527
33022131
33022338
33023972
33026410
33027770
33028117
33029956
33031875
33034147
33036283
33037617
33039343
33042421
33042472
33043625
33045318
33049960
33050005
33053109
33053220
33054557
33057779
3305935
33060735
33060739
33062167
33062701
33063168
33063931
33066270
33075482
33076883
33079387
33079604
33080315
33093903
33096361
33099538
33099657
33101657
33102504
33103838
33107629
33109253
33109602
33111549
33112509
33115953
33118211
33127654
33127964
33130473
33133598
33136410
33137380
33139312
33140920
33144571
33144900
33146410
33147653
33149551
33155655
33161099
33161100
33164235
33164842
33166449
33168412
33169745
33171176
33175932
33177241
33177650
3317796
33178671
33183210
33185724
33187014
33190006
33191853
33192200
33192568
33193840
33194044
33195691
33197010
33197425
33199631
33201766
33203108
33203975
33210027
33211383
33214607
33215637
33217001
33224204
33224251
33224431
33224982
33227396
33227438
33228708
33231490
33233504
33233966
33238047
33238379
33239909
33240955
33241027
33241814
33242601
33243424
33246158
33247195
33247959
33249722
33254972
33255398
33259777
33261216
33270017
33270961
33274763
33285491
33287871
33289541
33289706
33291715
33291821
33292128
33294294
33295680
33295881
33296408
33296783
33297333
33300062
33300913
33301945
33301961
33303055
33303743
33307770
33310311
33311755
33312358
33313232
33313256
33315194
33315199
33315205
33316267
33320893
33321982
33325039
33326341
33326693
33327733
33335572
33336820
33338640
33345901
33346009
33347967
33350519
33350983
33356503
33356729
33359610
33359852
33359913
33361528
33361529
33364061
33364748
33371279
33372388
33374730
33374841
33375366
33376672
33377585
33378213
33378983
33381766
33381767
33381768
3338218
33382341
33382789
33383288
33387118
33388431
33390926
33392201
33392807
33398932
33399476
33399485
33400367
33401221
33404840
33407721
33407870
33408335
33408787
33411938
33412895
33413649
33414452
33416120
33417067
33417956
33421527
33421600
33422700
33423862
33424189
33424243
33424281
33426205
33426805
33427619
33432584
33433641
33434210
33434630
33435104
33437372
33437629
33437632
33440880
33441426
33441836
33443201
33443518
33446277
33448311
33448319
33450132
33450259
33452305
33452687
33452968
33455260
33456343
33459503
33459997
33460793
33461534
33463160
33464061
33464397
33466246
33468174
33469353
33469535
33469783
33471008
33473114
33477357
33479807
33480322
33482192
33482616
33485930
33485983
3348826
33488803
33490841
33491257
33493345
33493980
33494617
33495836
33497593
33498966
33499145
33503223
33511556
33512030
33517187
33520980
33526653
33526719
33526743
33527023
33531920
33532039
33532587
33533202
33534613
33535605
33536347
33537813
33539913
33543180
33553822
33553826
33556400
33559324
33561540
33561541
33562356
33563269
33567474
33567897
33567949
33568523
33569722
33570460
33572124
33573387
33573682
33574696
33576000
33576470
33577958
33580529
33580538
33580730
33582913
33584299
33586252
33586778
33588127
33588606
33588909
33593365
33594314
33597301
33600943
33603831
33606899
33609695
33609696
33610821
33614593
33615102
33617044
33617050
33617226
33617553
33618587
33621866
33624774
33627637
33628096
33629239
33634095
33634117
33636171
33640582
33646053
33646122
33648469
33650224
33651836
33652170
33657761
33658936
33663609
33668140
33672354
33673583
33678633
33683776
33684536
3368750
33689077
33691527
33691628
33692439
33704322
33706812
33707504
33708876
33708990
33714889
33719441
3372097
33722697
33725224
33726807
33727429
33727849
33731712
33734514
33735716
33737085
33737098
33737173
33738239
33738280
33739851
33742215
33744392
33744432
33744850
33744859
33748207
33749677
33750441
33750486
33751809
33752715
33752736
33757298
33757858
33758095
33759195
33762205
33765556
33766356
33767361
33769459
33772768
33774341
33774357
33775807
33776996
33780905
33781898
33782948
33786819
33793684
33795795
33798706
33799167
33799537
33799588
33800441
33802005
33804203
33806315
33808727
33809253
33810460
33811860
33812379
33814979
33817283
33818795
33821497
33827672
33827816
33829012
33829022
33829057
33830541
33832532
33833406
33833854
33835672
33841009
33841653
33843153
33844985
33846783
33850295
33850554
33850710
33850953
33853645
33853646
33857741
33859494
33859822
33860572
33869900
33870507
33872738
33874948
33876419
33878544
33878859
33879790
33880054
33881378
33881683
33884024
33890588
33891624
33892137
33893944
33897442
33898435
33907208
33910401
33910538
33912721
33913543
33914354
33915069
33915295
33915333
33915911
33916108
33916928
33918436
33926568
33927614
33927631
33927645
33933140
33935044
33935789
33936363
33937236
33937412
33939302
33939310
33940137
33942503
33942537
33945396
33946919
33953172
33953184
33953685
3395383
33957357
33958682
33960555
33962484
33967763
33968164
33969044
33973110
33974280
3397624
33977074
33977183
33982891
33984464
33986262
33987361
33988222
33988757
33989507
33990219
33991950
33995052
33995548
34002829
34006821
34006826
34006989
34014552
34015366
34015701
34016181
34017409
34020031
34022466
34023528
34024188
34026950
34031369
34031844
34032607
34037306
34039624
34040358
34049110
34050807
34052462
34052737
34055194
34058434
34061360
34063749
34071594
34074301
34078931
34082132
34082858
34085175
34085927
34086763
34090897
34093756
34094638
34094856
34094861
34098983
34101970
34102226
34102487
34103584
34103964
34105258
34105311
34107348
34108432
34116024
34116187
34117571
34117708
34122080
34126199
34126239
34127028
34131243
34134780
34136155
34136574
34137218
34139256
34142176
34144150
34144159
34144542
34145810
34147072
34149433
34152615
34153254
34153786
34155675
34158084
34159843
34160515
34160894
34162150
34165157
34165367
34166809
34167449
34167632
34171515
34171516
34172007
34173271
34176242
34181201
34182246
34182799
34184072
34185967
34191353
34193158
34194439
34195707
34196525
34197081
34199631
34200880
34201327
34202137
34204404
34206900
34207917
34209006
34211396
34213976
34214783
34217311
34221446
34222263
34222340
34224496
34226187
34228237
3423022
34230481
34230488
34237707
34238028
34240807
34242236
34242803
34242997
34245949
34248008
34249945
34250725
34254815
34255742
34256841
34266679
34267289
34268381
34270585
34275162
34277596
34279516
34282229
34284715
34285153
34290363
34290513
34295174
34298196
34298323
34298911
34307684
34315248
34315312
34315467
34321048
34321073
34322020
34327200
34330063
34332049
34335042
34335275
34335838
34336354
34340598
34341460
34344989
34350255
34354409
34355225
34355626
34357595
34360007
34360594
34362134
34369548
34371251
34377252
34381182
34383111
34385915
34386509
34387414
34387761
34390681
34392653
34395219
34396019
34400519
34409742
34409794
34409835
34413269
34413494
34417329
34417523
34417537
34419603
34421623
34421630
34422071
34423918
34425229
34426118
34426599
34426743
34427363
34428745
3443045
34430561
34435650
34437631
34438368
34440221
34440538
34440768
34440937
34446107
34448527
34450401
34451873
34452236
34454425
34455406
34457118
34459110
34461226
34463129
34463587
34466014
34466029
34466385
34466714
34466747
34468013
34468900
34470616
34474599
34476923
34480835
34486378
34486477
34488597
34488936
34490639
34491054
34492535
34493119
34494933
34495429
34500105
34500490
34502478
34506942
34506973
34509913
34511883
34512868
34515572
34516821
34518512
34521030
34522160
34522804
34526577
34526904
34528494
34528913
34529586
34530171
34533814
34534663
34535669
34536814
34537377
34537380
34537673
34539013
34539417
34539843
34539991
34542770
34542842
34544313
34546477
34546791
34547383
34548858
34549304
34550907
34551684
34551709
34552480
34553673
34554160
34554354
34555528
34556628
34559207
34561389
34561933
34565285
34565303
34567597
34569725
34572070
34572301
34573065
34575945
34577072
34578024
34581513
34581667
34582032
34583778
34584074
34590154
34602973
34603050
34603477
34605665
34605731
34607107
34608279
34610749
34611513
34612533
34612715
34616850
34620223
34626310
34626798
34626937
34627999
34628269
34628351
34629037
34629040
34638520
34639026
34640324
34641845
34645468
34646331
34649596
34650433
34650772
34650827
34650969
34651666
34653605
34656826
34657320
34658021
34658862
34659230
34665836
34666200
34666502
34670390
34671266
34671794
34671981
34672113
34672227
34673134
34679766
34680516
34681754
34684325
34685839
34687817
34687898
34696628
34697729
34702302
34702854
34704713
34705985
34706537
34706873
34709978
34711707
34715362
34716969
34717689
34719360
34721040
34721588
34721961
34724347
34724799
34727094
34728427
34736242
34738460
34738623
34739982
34745003
34749769
34751734
34751824
34754093
34759325
34760015
34764792
34764819
34765608
34767957
34767958
34767959
34768920
34769441
34772597
34772811
34774790
34775640
34775836
34777682
34777685
34777686
34779488
34779501
34783063
34783292
34784954
34784965
34786041
34787331
34787893
34791735
34792214
34794451
34795843
34795875
34795891
34798298
34802259
34803392
34803488
34806937
34812543
34813965
34815758
34821196
34822412
34824542
34826631
34829531
34834085
34838028
34841538
34845965
3484623
34847824
34847835
34848747
34848799
34853968
34855094
34855756
34856202
34858186
34858187
34859319
34859624
34861782
34862093
34863246
34864169
34867025
34869311
34876212
34876884
34881186
34882836
34885759
34886755
34887675
34891002
34891040
3489227
34893461
34893958
34894103
34901559
34903082
34905737
34906679
34907535
34914744
34915568
34916941
34917303
34920307
34921962
34925020
34925057
34925524
34926690
3492984
34930351
34931844
34932655
34936115
34939390
34939393
34941874
34942464
34943080
34948080
3494848
34953035
34953038
34954133
34956209
34956224
34958937
34960976
34963343
34964303
34970140
34976968
34977596
3497901
34979545
34980076
34981507
34981817
34982732
34983342
34984422
34986843
34987154
34989027
34990878
34992497
34994274
34994469
34997944
34998164
35001833
35002698
35003293
35003796
35003798
35005113
35007233
35008608
35008719
35012034
35017058
35017095
35018959
35020409
35023025
35026522
35028785
35029035
35030816
35031867
35032407
35032910
35033199
35034101
35034537
35035830
35038565
35042267
35043648
35045740
35046053
35046719
35046940
35047645
35048626
35053363
35056734
35057081
35057811
35058228
35058478
35061535
35064306
35068055
35070139
35070686
35073770
35074547
35074577
35075624
35077015
35078447
35082670
35086123
35086536
35088942
35090521
35091077
35091584
35092863
35093078
35093450
35094658
35095488
35095776
35095883
35099493
35101368
35103239
35104478
35104760
35107353
35109699
35112595
35114343
35115824
35118490
35118894
35120538
35122957
35123541
35126711
35126808
35128295
35129051
35129065
35129860
35129942
35139424
35140209
35145063
35147250
35148687
35151027
35151829
35153665
35154568
35155962
35164658
35164837
35165253
35165510
35165902
35167509
35171527
35172438
35175176
35175482
35176588
35177103
35179308
35179619
35179989
35180001
35181731
35182823
35183192
35184139
35184279
35184911
35185905
35186100
35188017
35188225
35188875
35191092
35191223
35191523
35191807
35191811
35196878
35199120
35202579
35202986
35204144
35207465
35209238
35213812
35214015
35216203
35218985
35219139
35220594
35220598
35222699
35223983
35224782
35225151
35226093
35227892
35227974
35228907
3522898
35235416
35235465
35240498
35240891
35242868
35245865
35246217
35247635
35253089
35255737
35256585
35256711
35259418
35259590
35260140
35260562
35264092
35264207
35272487
35277480
35278225
35279877
35281370
35281931
35283765
35284738
35285551
35285977
35288194
35289131
35289232
35297314
35297694
35300071
35305656
35306352
35307533
35309149
35311424
35312120
35318234
35318491
35320827
35322732
35326137
35330945
35334131
35337221
35337368
35344713
35348136
35349226
35353555
35354886
35356271
35358477
35359876
35359946
35362116
3536251
35363484
35365162
35365233
35367826
35370642
35377354
35378300
35378415
35380880
35381294
35382556
35385163
35385713
35387326
35390446
35391646
35399495
35400478
35402663
35404511
35405347
35405969
35406100
35409085
35409238
35410202
35410627
35412939
35416068
35417079
35420503
35421437
35421700
35426372
35427733
35428355
35429248
35430901
35432716
35433786
35436417
35437349
35438034
35439480
35439733
35441352
35441488
35443857
35444462
35447200
35448521
35457064
35457148
35457176
35461155
35466627
35466632
35469160
35470068
35472612
35473339
35474501
35474736
35479080
35480871
35481399
35488245
35488351
35488739
35496642
35501334
35509631
35509635
35509713
35512418
35513246
35513247
35517009
35524421
35526013
35529439
35529473
35534137
35536857
3553761
35539110
35549743
35550528
35551975
35560108
35571243
35571440
35573148
35573252
35574050
35576828
35577279
35578319
35579255
35580540
35581224
35581507
35585042
35585627
35586367
35588172
35588576
35588619
35596790
35600665
35600853
35608871
35609127
35610008
35611765
35613259
35614438
35615665
35616672
35618240
35619306
35623293
35623463
35625649
35628290
35635149
35637489
35637500
35640164
35643339
35644218
35644462
35650306
35657996
35659346
35660787
35660867
35662715
35664072
3566827
35668932
35669511
35671349
35675298
35676242
35681865
35685668
35687708
35689264
35689396
35693701
35697129
35700066
35702092
35707845
35710352
35710820
35711630
35716032
35720033
35720186
35722355
35722806
35724853
35725167
35725994
35726138
35726537
35726637
35727364
35728631
35730119
35730575
35731315
35732230
35732460
35733354
35734099
35736286
35739102
35740105
35740320
35742968
35747360
35747513
35749420
35751529
35756079
35757507
35760458
35761235
35763224
35764040
35765024
35765090
35768581
35774865
35775127
35778837
35779570
35779773
35779774
35781799
35784155
35784690
35787089
35788130
35791923
35795554
35797941
35798413
35801691
35802196
35802206
35803488
35804467
35806272
35807786
35810237
35815270
35815528
35815581
3581578
35818191
35818257
35818275
35818290
35831464
35834942
35836795
35837029
35837034
35837136
35840017
35840018
35842709
35842714
35842727
35843413
35843479
35843877
35847580
35848848
35849954
35854298
35856812
35863592
35865095
35865531
35866033
35866183
35866931
35868770
35870887
35873632
35876037
35876542
35878435
35880352
35880357
35881544
35881692
35883610
35887046
35887281
35894841
35899096
35899925
35900609
35900969
35902802
35903181
35905566
35909337
35910349
35910465
35910845
35915804
35916374
35917632
35922815
35923173
35925448
35931836
35932105
35932304
35933783
35935815
35937573
35937624
35937813
35938491
35942132
35942891
35943688
35945200
35947956
35951358
35952515
35953031
35956346
35958905
35961266
35962413
35962465
35962723
35964457
35965964
35966099
35966730
35967299
35967352
35968240
35972962
35978504
35978511
35981208
35981680
35982488
35983393
35984286
35987145
35988424
3598999
35992559
35993268
35993439
35994012
35994920
35995402
35997219
36000146
36001206
36001977
36004407
36005089
36007353
36007472
36007682
36008706
36012474
36012760
36017131
36026443
36028175
3602982
36030058
36030059
36030381
36031625
36034777
36034791
36036756
36037705
36037785
36041665
36045373
36046031
36046946
36049372
36052873
36053429
36053817
36054172
36054964
36056701
36056857
36058911
36059019
36061148
36064070
36064420
36065971
36066338
36068607
36068644
36068777
36070048
36071864
36072990
3607376
36075143
36075514
36077161
36078169
36078172
36081528
3608308
36084724
36085399
36089087
36090228
36093403
36093744
36095933
36095950
36097281
36097797
36100125
36100947
36102152
36102306
36103412
36104304
36105068
36105611
36106352
36109004
36109140
36109442
36113725
36114544
36114576
36117499
36120492
36120586
36121967
36122169
36122351
36122497
36127685
36133743
36133821
36135193
36137413
36138477
36139857
36145533
36145560
36152537
36153352
36158318
36167718
36168980
36169308
36173680
36175067
36177510
36178080
36178273
36178576
36182100
36184504
36184957
36187764
36188596
36188601
36196448
36198439
36199358
36201235
36202189
36202216
36203618
36204118
36206595
36212013
36214465
36215870
36216240
36224344
36224488
36224572
36228542
36229661
36230897
36231135
36235621
36238555
36238561
36240656
36241136
36241137
36242608
36243708
36250247
36252481
36253145
3625362
36253807
3625661
3625662
3625665
3625666
3625668
3625671
36258202
36259633
36261443
36261653
36262297
36263050
36263144
36263384
36267713
36270478
36271317
36271561
36272490
36274486
36276424
36277163
36282841
36291190
36292950
36299602
36300544
36302323
36306560
36307389
36308906
36310024
36310623
36311191
36312551
36314274
36318110
36318365
36318796
36321414
36328754
36329497
36330908
36330910
36331571
36332479
36334016
36337189
36339585
36342311
36344492
36344944
36345305
36346829
36348189
3634905
36350089
36352408
36353501
36354073
36355303
36355304
36355305
36355306
36357568
36357655
36358921
36359292
36359341
36359375
36364138
36366779
36367487
36367882
36369759
36370134
36370364
36370754
36370958
36371322
36373952
36377077
36378992
36379122
36379392
36380018
36381245
36384557
36384642
36384720
36386227
36386489
36387933
36396777
36396950
36400827
36401840
36402366
36403512
36409758
36410638
36413378
36414226
36414376
36414669
36419093
36424837
36427113
36427299
36428240
36431073
36434787
36435414
36435438
36435562
36435786
36436354
3643734
36437587
36437834
36438802
36439628
36439631
36439689
36439850
36440749
36442605
36442828
36444115
36446911
36449506
36451121
36452329
36453529
36458900
36459007
36459925
36461366
36465935
36466156
36466352
36472726
36473007
36473675
36474470
36474558
36474679
36474684
36474685
36474686
36474787
36474816
36474887
36474982
36475290
36480128
36480365
36481450
36484319
36494860
36495056
36499638
36500713
36503422
36506533
36507558
36508695
36508923
36510269
36510338
36511367
36511897
36512085
36512848
36514714
36514784
36515017
36515677
36516695
36523183
36523496
36526849
36527845
36527878
36528308
36530063
36531454
36532524
36536500
36537124
36537662
36538851
36542696
36542910
36545287
36545678
36552524
36552552
36552791
36552848
36555507
36561044
36561496
36562983
36563736
36565467
36566445
36573135
36573287
36577158
36578046
36578323
36582221
36584575
36584762
36584898
36584922
36588124
36589821
36592706
36592973
36593507
36596433
36598130
36603515
36605767
36613978
36621703
36622202
36625319
36625730
36627169
36628407
36628892
36630614
36630751
36632459
36632467
36634591
36635774
36636109
36638270
36642020
36642417
36643587
36645043
36647547
36647696
36650622
3665251
36657317
36657732
36662701
36670908
36671508
36672165
36681186
36683245
36684078
36684425
36685080
36685663
36693558
36694467
36696941
36700279
36700776
36701776
36702375
36702547
36712136
36714558
36715607
36715686
36716981
36718635
36718653
36719872
36721094
36721767
36722289
36722313
36724964
36731815
36737044
36738173
36743414
36748885
36752205
36752698
36753544
36754251
36755334
36757520
36758340
36760992
36762426
36769037
36769097
36771453
36772893
36773024
36788469
36790146
36793188
36794279
36794668
36796355
36797333
36798782
36802989
36803799
36804438
36804901
36805475
36805735
36806251
36806301
36809635
36809763
36809823
36810185
36810435
36815042
36818585
36828166
36828196
36829930
36830586
36834951
36835852
36838594
36839155
36845968
36848378
36850434
36862227
36863142
36863214
36864206
36864518
36866819
36868238
36868518
36870529
36871937
36871986
36875052
36875721
36875869
3687593
36879303
3688008
36880168
36881321
36882427
36884388
36890785
36891610
36892223
36893673
36893980
36894989
36895264
36895628
36896317
36896417
36896597
36898656
36902256
36902356
36904043
36905112
36906288
36906634
36907253
36909504
36915787
36918542
36919160
36921676
36923091
36924130
36924682
36925039
36925544
36927643
36931029
36931471
36933246
36933487
36933489
36935520
36939962
36941805
36941991
36942663
36942811
36943891
36947594
36948080
36950748
36959556
36959767
36959872
36963293
36969105
36969366
36982442
36984837
36986147
36986590
36989423
36989841
36989902
36990010
36998238
36998601
37002200
37003368
37005694
37005948
37007557
37008038
37008048
37010409
37013829
37016437
3701731
37018403
37019002
37020126
37020714
37021049
37021209
37021698
37024468
37027967
37028460
37030192
37031825
37033917
37034712
37035017
37036562
37036864
37036937
37038152
37044038
37044295
37048137
37049677
37050907
37055483
37055817
37055831
37058473
37058811
37060808
37061147
37061736
37062041
37063929
37065219
37065652
37066028
37066225
37069673
37072059
37076903
37077156
37079558
37079955
37081089
37082688
37083155
37084895
37086004
37086007
37087677
37087680
37087870
37088785
3708985
37091797
37096632
37098717
3709915
37102924
37103335
37104199
37105394
37108239
37109407
37109424
37111757
37117596
37117739
37118134
37118669
37119581
37119767
37120427
37121542
37122828
37123896
37128287
37131836
37132309
37132371
37134114
37143133
37143367
37144506
37144624
37144868
37146960
37149084
37149963
37150265
37151687
37153081
37153898
37156032
37156309
37156857
37159698
37160933
37167638
37167724
37168259
37169474
37169906
37172359
3717875
37179423
37180812
37182095
37182454
37182456
37184045
37186383
37187885
37188001
37189729
37192157
37195554
37196756
37197096
37204627
37206234
37207971
37209629
37217512
37218542
37220632
37224053
37224433
37225052
37226203
37229212
37232576
37237380
37237645
37240086
37240121
37240401
37242647
37245297
37249294
37249374
37249758
37255448
37256203
37257556
37257711
37258510
37259103
37259405
37262955
37270777
37271009
37272023
37286758
37288358
37292436
37293378
37293534
37295026
37295574
37295627
37295640
37298473
37298730
3730734
37308383
37310645
37311826
37313169
37314430
37315775
37318254
37319312
37321426
37326631
37328786
37330028
37335102
37337188
37337779
37340797
37343369
37344157
37345716
37348266
37351173
37352198
3735271
37353141
37354697
37357387
37361231
37366428
37367299
37370114
37371471
37372008
37373251
37380363
37386638
37390363
37392568
37392862
37395388
37396516
37397527
37399606
37400744
37400752
37403239
37403648
37404993
37406483
37406898
37410754
37414224
37417814
37418791
37418985
37422468
37422640
37423156
37423522
37425368
37425490
37428931
37435308
37436700
37437059
37439514
37439722
37442513
37445948
37447284
37450265
37452551
37453588
37454204
37454258
37457883
37458470
37459592
37462361
37462629
37464762
37476067
37477775
37478172
37478628
37482815
37485568
37491820
37492222
37492542
37492739
37492935
37493273
37496731
37499456
37501011
37506502
37508874
37509451
37511425
37516370
37517294
37520829
37521864
37522058
37522619
37524209
37524226
37524872
37525533
37526734
37527970
37528751
37530884
37533971
37534667
37536183
37536412
37537733
37540756
37542771
37544583
37545537
37547183
37548411
37550003
37550401
37550685
37551685
37553918
37555294
37560208
37560235
37560389
37560412
37561757
37562758
37562858
37563688
37566306
37566478
37569290
37569721
37569797
37573656
37578083
37579836
37585914
37587519
37589243
37590222
37598898
37602866
37605203
37605762
37609135
37610277
37611970
37612419
37614305
37620972
37623223
37625369
37625900
37626033
37626753
37627540
37630779
37631386
37632225
37634465
37634474
37635149
37635809
37635810
37638205
37640697
37643315
37647773
37648149
37649532
37651283
37654229
37655800
37657261
37659033
37660361
37660594
37662752
37663478
37664703
37666177
37670256
37671131
37674829
37677036
37679780
37679844
37679986
37681413
37683603
37684025
37685986
37686220
37686412
37686806
37688589
37688747
37688977
37689723
37689763
37690040
37691099
37691117
37691947
3769240
37694150
37694883
37696386
37697034
37697972
37701494
37708238
37710278
37711057
37716404
37716405
37717108
37717314
37717904
37718444
37720103
37723593
37724835
37724954
37725203
37725260
37727896
37729727
37730805
37731080
37731960
37735385
37736726
37739115
37740460
37741049
37741321
37741491
37741535
37742380
37742942
37744058
37744252
37748407
37749650
37749722
37749958
37750171
37750185
37751010
37752608
37755294
37758057
37759478
37759816
37760884
37762430
37762574
37767107
37769389
37770671
37771529
37773720
37774483
37777063
37782061
37782985
37788390
37789884
37790467
37794006
37794470
37795890
37797606
37797712
37799879
3780104
37802174
37802464
37802465
37802985
37803031
37808393
37809453
37810027
37814350
37817544
37820423
37822586
37822916
37827130
37828576
37831115
37831180
37832237
37832549
37836657
37837194
37838829
37839112
37841358
37841504
37842260
37843296
37847690
37855351
37856220
37859690
37865314
37867024
37867223
37867636
37870591
37872706
37873464
37873552
37874329
37878123
37879949
37881649
37881954
3788502
37888448
37890601
37890685
37892013
37892235
37892999
37898909
37904981
37907525
37907921
37908734
37915330
37919852
37921641
3792428
37930003
37932746
37935202
37935794
37937094
37939265
37939310
37940665
37941009
37943572
37946009
37948862
37951197
37952573
37953787
37958526
37958960
37959383
37962287
37966852
37967808
37971469
37974562
37975685
37977262
37978830
37979958
37983852
37984909
37984927
37988908
37992540
37993861
37994560
37994991
37997349
38000494
38001135
38002386
38002439
38003530
38003583
38004429
38006711
38007064
38012096
38012335
38012390
38013468
38015926
38016613
38017556
38019905
38021454
38024839
38031141
38031520
38032278
38032446
38035977
38036301
38036734
38037367
38039715
38041181
38044289
38044413
38046403
38046818
38047118
38047481
38049482
38049518
38049841
38049890
380514
38053342
38054626
38055109
38055770
38057865
38058072
38059300
38060174
38062473
38063098
38064612
38068720
38070024
38070246
38070625
38070808
38071492
38072028
38072172
38073004
38073444
38077417
38078617
38078876
38081212
38081396
38086272
38091638
38093659
38095503
38095638
38098028
38098174
38099276
38099292
38100656
38102666
38102700
38105181
38105759
38106002
38106771
38107076
38107146
38111237
38112591
38113621
38122922
38123662
38124066
38126609
38129488
38132929
38136188
38136204
38137944
38142643
38144567
38146807
38149721
38153253
38153629
38155203
38156057
38156385
38158473
38159166
38161708
38162262
38162513
38163445
38164676
38164685
38165554
38166086
38168298
38168877
38171734
38172258
38172596
38172636
38173197
38173866
38174366
38174997
38176476
38179126
38180634
38183909
38185787
38187306
38190096
38192148
38194722
38195597
38200400
38203768
38206529
38206579
38206679
38211480
38213081
38217021
38217024
38218010
38218011
38218854
38219870
38220141
38223812
38226224
38229660
38235309
38235367
38245251
38251222
38253247
38254101
38254681
38260097
38261743
38262147
38262159
38265817
38266107
38266311
38266448
38266947
38268484
38269355
38273750
38274127
38278314
38279454
38279613
38283982
38284553
38284729
38291253
38292917
38293189
38294258
38295913
38298665
38304614
38305028
38305280
38308345
38309391
38309412
38309612
38310093
38314968
38315262
38316633
38317317
38318490
38318502
38318506
38324802
38328576
38330742
38331303
38338992
38339087
38342566
38342630
38343826
38345195
38346377
38346525
38347683
38348943
38353544
38358041
38363057
38363424
38366885
38366909
38367900
38368102
38368390
38368533
38370466
38371274
38371277
38371711
38372204
38374072
38375280
38378085
38381849
38384563
38384986
38385071
38387697
38389105
38389178
38389322
38390145
38394066
38395992
38396204
38396667
38397516
38402426
38403153
38407978
38408417
38409832
38410126
38410163
38412715
38413029
38414083
38414246
38414449
38415250
38415672
38419097
38420347
38421984
38422741
38423170
38429394
38429848
38430015
38430019
38432607
38433252
38434027
38440110
38443372
38446901
38447334
38447596
38451090
38452214
38454524
38455098
38457498
38460961
38463824
38464287
38466626
38468339
38472616
38473759
38476622
38477444
38477740
38479156
38490726
38492655
38493143
38494837
38496031
38499500
38500177
38500321
38501739
38502232
38503493
38504085
38505310
38508350
38509602
38509852
38513577
38513723
38513770
38517601
38519981
38520084
38520209
38520211
38520666
38520869
38525128
38525935
38526843
38527663
38527988
38528611
38530304
38530647
38531464
38532994
38534340
38537745
38542132
38542192
38545904
38548121
38552182
38554890
38554999
38555153
38555717
38555936
38556837
38561335
38563817
38565085
38566328
38566346
38570055
38570329
38570439
38571919
38573451
38576477
38580748
38581801
38582102
38582335
38582868
38583525
38584583
38586591
38588612
38589505
38591180
38593124
38593309
38593402
38593506
38596341
38596988
38600329
38600628
38600920
38601200
38602270
38604407
38604493
38606875
38607209
38607953
38608288
38608474
38608493
38609896
38612839
38613068
38616762
38617544
38617547
38621329
38621621
38622181
38624135
38626543
38636283
38636375
38639180
38639204
38640238
38641979
38641989
38642047
38642183
38642879
38645030
38645498
38649157
38649190
38649260
38655014
38657788
38658095
38661437
38662932
38664616
38664941
38669084
38673854
38677194
38684182
38685793
38686488
38690715
38694911
38695125
38696450
38697463
38697509
38699012
38704731
38713087
38714267
38718039
38718660
38718891
38719085
38719811
38719877
38720613
38723559
38724958
38725009
38727027
38727800
38729544
38733337
38733647
38734566
38734758
38740234
38741587
38742846
38744373
38745274
38746339
38749179
38749277
38754271
38755672
38759289
38759937
38760576
38760908
38765604
38765877
38766109
38766865
38767630
38769545
38770333
38770735
38773312
38774694
38775854
38779782
38779982
38781213
38781739
38782252
38782253
38783531
38785157
38785813
38786602
38787325
38789434
38790015
38794200
38795835
38798488
38803575
38805545
38808885
38811966
38812033
38813293
38815684
38817242
38818117
38819423
38820587
38822418
38823432
38826308
38828010
38828289
38828660
38831184
38831316
38831839
38832304
38832987
38838155
38842129
38842136
38843517
38844123
38844159
38844896
38844905
38846937
38849876
38850105
38850170
38851098
38851726
38855061
38856671
38856914
38856915
38857679
38858695
38859891
38860745
38860757
38863821
38867741
38873703
38874373
38875922
38875997
38876275
38877353
38877424
38879481
38879753
38880910
38882274
38890638
38890746
38891860
38892202
38892229
38900226
38901508
38904008
38904872
38906009
38907928
38908089
38908346
38910496
38911554
38912570
38913985
38918254
38918843
38923623
38923690
38923865
38924533
38925462
38928219
38928434
38931240
38934781
38935462
38935473
38936470
38943867
38945463
38946534
38946719
38946809
3894795
38948372
38950333
38950695
38952687
38952995
38953843
38953964
38955308
38959010
38962862
38964626
38965674
38969191
38971106
38971448
38973989
38974041
38974597
38974667
38976127
38978353
38978802
38979128
38981227
38981403
38981876
38982914
38986303
38988173
38990042
38992995
38994024
389957
38996934
38996961
38996984
38997070
38997077
38997785
38999769
39000568
39004250
39006498
39007035
39007896
39010104
39013222
39018481
39019845
39024114
39024748
39026271
39029227
39035691
39036830
39037353
39037882
39038323
39040490
39040492
39041921
39042029
39049016
39050151
39054713
39057748
39058329
39059718
39059951
39061952
39062860
39063107
39063583
39064807
39070125
39071897
39073018
39074044
39075502
39076208
39076825
39080620
39081871
39084098
39085510
39086231
39086559
39088322
39090667
39091625
39091806
39092654
39092772
39094365
39095867
39095992
39096166
39096531
39098445
39098466
39098741
39100139
39100446
39101301
39101668
39101942
39103049
39103079
39105347
39106443
39107784
39108841
39109508
39110784
39111145
39114694
39116410
39116493
39120281
39121926
39122063
39123292
39125316
39126207
39126832
39126921
39129231
39129277
39130448
39133964
39134394
39135294
39135391
39135543
39141224
39143134
39143938
39145819
39148121
39150826
3915304
39153567
39153568
39154821
39155382
39155588
39155743
39156795
39157315
39157588
39159149
39159565
39159625
39160590
39161657
39164798
39168422
39169784
39170379
39170555
39172956
39173720
39173791
39175086
39175261
39175874
39178925
39179013
39180420
39180608
39182267
39182667
39188023
39188645
39190086
39191028
39191723
39191890
39192268
39193636
39193778
39194747
39195841
39196784
39199188
39199189
39202725
39204339
39206714
39208260
39209246
39210303
39214071
39217193
39217430
39217884
39218203
39220257
39220883
39221886
39224514
39225365
39225479
39228264
39229102
39229534
39231936
39231947
39232650
39233208
39234669
39236007
39236462
39237298
39246659
39247402
39248388
39251054
39251145
39251394
39255529
39257895
39259800
39260332
39260675
39261080
39261846
39262222
39264083
3927297
39273553
39276449
39280634
39282499
39282962
39284778
39288548
39288622
39288630
39289387
39291892
39293567
39294780
39298571
39299629
39299793
39305580
39307297
39307511
39309636
39311500
39313038
39314058
39314229
39314862
39318150
39318308
39319855
39321429
39321708
39322043
39323636
39324962
39326131
39326362
39326812
39328516
39330495
39330704
39334434
39335519
39335538
39337510
39341323
39342326
39342461
39343238
39344168
39345152
39346538
39346617
39346968
39347017
39349832
39350476
39351091
39351165
39351827
39356214
39357597
39360651
39360672
39362426
39362609
39363112
39363784
39366498
39368343
39370072
39373905
39376016
39378655
39378706
39379866
39383631
39385586
39388709
39388890
39388895
39389988
39393561
39396202
39396563
39396655
39399379
39399840
39400124
39401064
39401356
39402141
39402771
39403980
39404298
39405610
39407273
39408977
39411061
3941138
39413302
39414788
39416169
39416266
39416781
39419101
39419437
39420681
39423944
39426230
39426787
39427239
39427700
39427765
39428562
39430133
39430457
39430502
39432678
39433168
39433265
39434162
39434351
39434543
39438569
39442872
39443554
39444399
39447781
39448001
39448593
39454503
39454680
39456041
39458910
39461237
39465252
39466034
39468197
39469313
39469810
39471714
39472618
39472658
3947420
39479450
39479600
39480787
39482250
39483974
39484792
39486930
39486995
39487527
39488239
39489354
39491137
39494399
39495906
39498143
39498503
39503537
39505144
39509948
39510640
39510846
39512844
39514126
39519121
39521431
39522937
39527654
39528346
39530062
39531048
39531197
39532163
39533324
39533432
39536539
39536879
39539395
39547017
39547683
39553645
39554166
39556329
39556697
39557105
39558161
39560314
39564812
39567501
39567862
39569601
39572483
39572599
39574483
39574959
39576807
39576936
39577362
39578049
39578202
39580858
39582573
39582925
39586228
39586750
39589827
39590787
39592076
39592517
39593826
39595645
39596012
39596549
39599668
39600372
39600854
39604981
39605645
39608050
39608176
39608270
39609755
39611391
39615215
39615373
39615867
39616510
39616734
39617085
39617089
39617202
39617701
39617790
39619871
39622432
39622788
39628956
39629050
39633532
39634288
39638118
39639339
39639386
39640869
39647219
39648484
39649263
39649418
39653135
39656450
39659121
39659898
39660528
39661058
39662267
39662502
39662515
39662776
39664129
39664429
39665739
39666251
39667046
39673685
39674232
39674342
39675196
39677117
39679472
39680708
39687146
39687299
39687801
39692282
39692948
39693952
39694343
39694359
39696562
39700642
39701217
39701459
39702245
39703140
39703816
39704001
39704612
39706062
39706287
39707367
39707543
39709528
39710977
39713453
39713898
39713912
39717366
39717525
39717596
39717946
39718827
39719453
39721037
39726016
39727570
39730094
39730095
39731281
39733138
39736635
39738099
39738316
39738432
39738976
39742533
39744759
39745919
39746407
39746902
39746903
39746943
39747466
39747501
39748384
39752388
39753295
39754163
39755166
39755936
39756162
39756165
39756167
39757463
3976132
39762209
39763468
39764993
39764995
39765309
39766213
39769155
39769163
39771038
39771485
39771498
39773289
39775461
39776127
39776592
39778769
39779817
39779910
39780612
39786170
39786573
39786670
39787690
39790487
39792653
39794380
39794700
39798244
39799877
39800942
39801258
39802514
39804978
39805173
39806427
39808971
39809361
39810328
39811464
39811690
39814287
39815302
39816851
39817152
39818713
39819042
39820028
39820104
39820791
39823538
39827311
39829021
39832630
39833570
39835169
39835491
39835597
39840130
39840483
39840543
39842659
39844298
39844325
39845144
39847187
39848926
39850603
39851120
39851510
39853717
39853943
39854306
39855042
39855425
39855426
39856265
39859204
39859238
39859264
39859298
39861479
39862703
39864690
39864914
39865089
39873724
39874109
39875323
39877352
39880042
39894170
39894200
39894691
39894827
39895575
39895864
39895981
39898539
39898820
39899451
39902346
39903897
39904054
39904978
39904988
39906135
39908269
39910066
39910414
39910626
39911730
39914283
39916866
39919897
39920811
39921035
39922237
39927459
39927476
39928137
39933417
39934774
39935926
39936984
39938633
39940649
39947509
39948108
39952199
39952346
39953605
39953712
39955730
39955869
39959649
39960354
39960544
39964671
39964979
39967931
39969512
39969745
39973340
39973552
39975211
39978572
39978573
39978671
39979891
39979971
39982121
39983344
39984079
39987077
39988892
39990659
39990979
39991659
39991826
39994161
39998739
40000838
40001168
40004191
40008494
40011919
40013619
40013941
40016267
40016746
40016770
40016915
4001876
40020461
40020627
40020990
40022220
40025171
40025588
40026169
40028904
40032006
40033885
40035483
40040621
40042438
40045149
40045368
40045641
40047894
4004971
40050536
40051125
40054376
40055825
40057017
40058106
40060529
40060537
40060830
40069162
40072052
40073326
40073810
40080941
40081708
40081740
40082721
40083665
40084685
40085067
40086109
40087276
40087281
40088137
40089639
40090181
40090277
40090449
40093317
40093804
40094857
40096748
40097127
40097410
40101879
40102704
40102965
40103454
40104642
40107515
40110405
40112602
40113744
40113833
40114320
40119526
40122361
40123115
40123999
40125663
401258
40129610
40129684
40129871
40131994
40132714
40136230
40138455
40138492
40139394
40139644
40139646
40139647
40142050
40143111
40143596
40144306
40148904
40149899
40150862
40154729
40155964
40156068
40159624
40160694
40161479
40161844
40163719
40165083
40166233
40166328
40168275
40169157
40169556
40174634
40176311
40178220
40179178
40179650
40184436
40184476
40186216
40186254
40188009
40190344
40191465
40192172
40192588
40192639
40194607
40195704
40197110
40197728
40204040
40204189
40206399
40206403
40207030
40207563
40209497
40210178
40213660
40213675
40215820
40215904
40220130
40220712
40220945
40221068
40222260
40222272
40222626
40224650
40225130
40226396
40226424
40228703
40229258
40229323
40229791
40231159
40232653
40235431
40237708
40240774
40241815
40243277
40247403
40247654
40250032
40252578
40252739
40253033
40253766
40253827
40254785
40256789
40258527
40259333
40261969
40264489
40264591
40264709
40264984
40272163
40273050
40275189
40276767
40277849
40278049
40279225
40279436
40286845
40287984
40288509
40289171
40290123
40290887
40296351
40304130
40306348
40306447
40307686
40308761
40308880
40308884
40313864
40315404
40316216
40317692
40318007
40318827
40319222
40319261
40321804
40322041
40323359
40324641
40325465
40327988
40329628
40330124
40331087
40331378
40332404
40336188
40337549
40337550
40337969
40339496
40339773
40342810
40343288
40345271
40345585
40345599
40345612
40346121
40346614
40347883
40348022
40349405
40349899
40352296
40354857
40354861
40355406
40356240
40357333
40357339
40358029
40358119
40358971
40360087
40360133
40362332
40366222
40369255
40370470
40374649
40375324
40375346
40375383
40378435
40379111
40379185
40379798
40380984
40381504
40381663
40383351
4038356
40386186
40386290
40387631
40388010
40390302
40391077
40391633
40393100
40394653
40394792
40395084
40396977
40397274
40397763
40398309
40399261
40400312
40401730
40403559
40403938
40407177
40409109
40409582
40410671
40412692
40414473
40417960
40417961
40420355
40421143
40421263
40422917
40425566
40426246
40427396
40428053
40431555
40432289
40433051
40433805
40435578
40436126
40437041
40437758
40439737
40444021
40445329
40446518
40447254
40447860
40448062
40448420
40448769
40448783
40449082
40450237
40450276
40451465
40453922
40455747
40459518
40461512
40462979
40463059
40463116
40463228
40466654
40468162
40473927
40474870
40475787
40476065
40478933
40481727
40483498
40487804
40490703
40490830
40494201
40495490
40496065
40500381
40500748
40501372
40501713
40501760
40502622
40505483
40506565
40509144
40517554
40517915
40517919
40517943
40518852
40519654
40520017
40522441
40527036
40527441
40528928
40534503
40538163
40538164
40538640
40540898
40541454
40541821
40541890
40542398
40543563
40544000
40544314
40544666
40545361
40545529
40546656
40553578
40555911
40559431
40560785
40561002
40569959
40570942
40571028
40576853
40579479
40581888
40582373
40582653
40583170
40583237
40583463
40583471
40584820
40585250
40587399
40591838
40592131
40592720
40595272
40595596
40599407
40602581
40604282
40604758
40605150
40605494
40606845
40607117
40609733
40611375
40611524
40613647
40614381
40616103
40616212
40616299
40618094
40618631
40618705
40618799
40618872
40620356
40620422
40620809
40621694
40623448
40623609
40624668
40628108
40628511
40629418
40629453
40633208
40633452
40634791
40635000
40639017
40640893
40641285
40641371
40645096
40645615
40646376
40646726
40647239
40650059
40651728
40651795
40653275
40654154
40654155
40657039
40664639
40664892
40665304
40666263
40666997
4066725
40669206
40671121
40671422
40673558
40673894
40677439
40678261
40678610
40680126
40681017
40682232
40682253
40682489
40683082
40683210
40683544
40683652
40684207
40684994
40685060
40686193
40689378
40691970
40693494
40694321
40695281
40695377
40698077
40699912
40701030
40702216
40702221
40703353
40703976
40708540
40709559
40710320
40712009
40714033
40714468
40715937
40717961
40721606
40722616
40722985
40727099
40727996
40728163
40730513
40731199
40733772
40735514
40735537
40736261
40737429
40743507
40744145
40744211
40745673
40746264
40749610
40753437
40755158
40757971
40760019
40765307
40765832
40771897
40776599
40777809
40778537
40779002
40779147
40779842
40780140
40781689
40781794
40782567
40783334
40786277
40787173
40790756
40790990
40797087
40797305
40798917
40799005
40799253
40799989
40800728
40801640
40801965
40803200
40809545
40809890
40810224
40812218
40812964
40813306
40816940
40817461
40817785
40818185
40818538
40819752
40820067
40821826
40822351
40824374
40825027
40828515
40829693
40838061
40838484
40838523
4083941
40843172
40844195
40847348
40847478
40848578
40848981
40848982
40852312
40854507
40857963
40859325
40860023
40860425
40860660
40860881
40860947
40861871
40862061
40862354
40865711
40866649
40869019
40869195
40870506
40873115
40875131
40875519
40877980
40878889
40879013
40879923
40880649
40881276
40882551
40885352
40885358
40886326
40887495
40888101
40889796
40890747
40892916
40893665
40896798
40896869
40896957
40898256
40898269
40899317
40902750
40903824
40904253
40905655
40907650
40907875
40913785
40913865
40914424
40914549
40915381
40916734
40916823
40918953
40919498
40919662
40919665
40919882
40924013
40929885
40930294
40930457
40932696
40945544
40946934
40946991
40948117
40951466
40952961
40958892
40960306
4096319
4096320
4096321
40963906
40965462
40966781
40967102
40969950
40970092
40970337
40970517
40972737
40974845
40975506
40976363
40979831
40980538
40981707
40982419
40987460
40993677
40995561
40995851
40997129
40997647
40997714
40999516
40999539
41000702
41001102
41004953
41005058
41005083
41006212
41009383
4101094
41013182
41013655
41014769
41016815
41017094
41017373
41019426
41020295
41022004
41022236
41023508
41024732
41027248
41028499
41031019
41031135
41033242
41035432
41038144
41040155
41041044
41041437
4104147
41042750
41043411
41045618
41046448
41047035
41051362
41051363
41052691
41053656
41053921
41053923
41060973
41063183
41067202
41067282
41068761
41072700
41074161
41075115
41075429
41075743
41076526
41076582
41077081
41077348
41078344
41079991
41080152
41080725
41080734
41082511
41086902
41088346
41089260
41089701
41090154
41090182
41090753
41090796
41093854
41096574
41096604
41096895
41098406
41099471
41102140
41102146
41103413
41103437
41104872
41105472
41106457
41108129
41108151
41110175
41110823
41111150
41111484
41111515
41113215
41113931
41114383
41117256
41122625
41123079
41123278
41123324
41125571
41127857
41130306
41131951
41133454
41139459
4114290
41146463
41146650
41148155
41154575
41155170
41155891
41159712
41159934
41160975
41161589
41163114
41163191
41166906
41170378
41170910
41173032
41173085
41175920
41176002
41176908
41177139
41178714
41180217
41183591
41184228
41185633
41190216
41190713
41192306
41194174
41194652
4119783
41198759
41199119
41200378
41200799
41201079
41205853
4121831
4130143
4133061
4133718
4168366
4188339
420707
4224976
4251203
4254360
425824
425826
4260317
428731
4302621
4317014
4329632
4349712
4413380
4422697
4445161
4458065
4460502
4480417
4528664
4555919
4562192
4571334
4589104
4611741
4612458
4637158
4693868
469642
4701753
4708019
4710840
4716984
472897
4736768
477081
4804991
4806072
4830068
4830069
4830070
4830071
4830072
4838410
4853501
4864284
4991677
4997575
5002457
5047791
5047793
5121721
5258759
5319436
5326438
5360889
5372697
541239
5425638
5427954
5433599
5452318
5464072
5482369
5507896
55584
5562380
5568280
5575973
5578227
5634151
564192
5680988
5721108
5723015
5726902
5770582
5775679
5788905
5793012
5804775
5820782
5825185
582870
5865221
5884813
5889070
594372
5953958
596139
6023697
60309
608292
6083987
6154558
6186128
6191591
6238825
6242443
6242460
6245866
6248390
6271450
6309452
6418269
6421098
6436458
643896
6439003
6491809
6524981
6528180
6547540
6572879
6589804
6592754
6603852
6607791
6623010
6625706
6632992
6638904
6639696
6658397
6663591
6688183
6688529
6701529
6846012
6859071
6931885
6931886
696272
6980556
6983710
7014063
7028135
7044007
7051751
7058292
7064668
7066180
7072836
7082741
7084274
7085349
7086778
7090758
7097689
7105551
7108320
7116952
7136561
7140079
7211310
7217169
7226619
7247474
7295003
7295332
7332379
7340843
7344126
7354466
7371310
7394058
7435863
7449224
7449226
7455620
7458431
7468218
7472758
7488982
7504102
7529315
7531256
7531388
7543921
7564266
7575726
7575762
7582718
7584322
7586003
758919
7604535
7634643
7650397
7655998
7668400
7670936
7677594
7679410
7699637
7703601
7722724
7724995
7741786
7748223
7752118
7752121
7752133
7772639
7785492
7791127
7791551
7799655
7818555
7848310
7850677
7853094
7853102
7859284
7860751
7863819
7889887
7890989
7942329
7942330
7955604
7976168
7983639
8023746
8048323
8053958
8055108
8064227
8067948
8078307
8118900
8118990
8119031
8129797
8148130
8149645
8164088
8166906
8185693
8197187
8207585
8210489
8229383
8230023
8240430
8244386
8273555
8291220
8292560
8334078
8335947
8336311
8340822
8340829
8349798
8366806
8383194
8403540
8410449
8410881
8411268
8434868
8435081
8436117
8441138
844647
8456639
8464901
8472426
8472427
8503095
8504610
8544020
8548356
8548361
8581744
8583053
8596153
8630101
8648258
8670336
868495
8702176
8702386
8702441
8703444
8714431
8717101
8731391
8748521
8748533
8765007
8765389
8770701
8806111
8806112
880770
8814070
8822753
8823697
8832322
8834624
8835244
8838505
8852575
8853228
8854249
8866331
8868297
8889652
8892223
8893376
8893759
8895216
8895222
8907255
8909250
8921246
893514
8943052
8948258
8971960
8979155
8991991
9002024
9061443
9066141
9068283
9090810
9117169
9135032
9135825
9143347
9152964
9167621
9173871
9179398
9181480
9184845
9185153
9189739
9192516
9195525
9228535
9252382
9255109
9258736
9263156
9271160
9286753
9297550
9299161
9322215
9324022
9330942
9332376
9333186
9334355
9361918
9364409
9365097
9365098
938890
9397262
9404467
9404468
9404470
9404472
9408281
9415647
941794
9420595
9425864
9433876
9458196
947093
9480869
9486003
9496714
9497937
9497939
9497941
9497942
9500621
9502411
9510855
9512498
9514210
9519795
9536287
9536289
9536826
9542746
9551411
9556743
9566669
9570218
9581258
9587990
9588741
9606425
9616433
9616434
9616435
9616436
9616439
9616440
9620168
9627010
9632335
9639100
9663485
9663487
9678053
9682784
9692069
9704633
9716260
9730060
9733465
973542
9737793
9743813
9743814
9751097
976816
9778217
9779827
9786430
9798441
9802549
9803153
9807788
981706
9817766
9838963
9852107
985639
9857053
9858423
9870875
9876396
9876398
9877401
9880185
988953
9920026
9972127
9972974
998193
