dir,change,count
results/tsweep_t12_s1/Qwen3-8B,ET1 -> EDN1,1
results/tsweep_t12_s1/Qwen3-8B,miR-877-5p -> MIR-877,1
results/tsweep_t12_s1/Qwen3-8B,XOR -> XDH,1
results/tsweep_t12_s1/Qwen3-8B,miR-9-5p -> MIR-9,1
results/tsweep_t12_s1/Qwen3-8B,Hic-5 -> TGFB1I1,1
results/tsweep_t12_s1/Qwen3-8B,miR-10a-5p -> MIR-10A,2
results/tsweep_t12_s1/Qwen3-8B,Neutrophil elastase -> ELANE,1
results/tsweep_t12_s1/Qwen3-8B,PAR2 -> F2RL1,2
results/tsweep_t12_s1/Qwen3-8B,Sclerostin -> SOST,2
results/tsweep_t12_s1/Qwen3-8B,Rip3 -> RIPK3,1
results/tsweep_t12_s1/Qwen3-8B,Rage -> AGER,1
results/tsweep_t12_s1/Qwen3-8B,CD59a -> CD59,1
results/tsweep_t12_s1/Qwen3-8B,Mig6 -> ERRFI1,2
results/tsweep_t12_s1/Qwen3-8B,SDF-1 -> CXCL12,1
results/tsweep_t12_s1/Qwen3-8B,IL1RA -> IL1RN,1
results/tsweep_t12_s1/Qwen3-8B,Sdf1 -> CXCL12,2
results/tsweep_t12_s1/Qwen3-8B,TGF-β -> TGFB1,1
results/tsweep_t12_s1/Qwen3-8B,Cd11b -> ITGAM,1
results/tsweep_t12_s1/Qwen3-8B,ZCCHC6 -> TUT7,1
results/tsweep_t12_s1/Qwen3-8B,LOX-1 -> OLR1,1
results/tsweep_t12_s1/Qwen3-8B,Il1ra -> IL1RN,1
results/tsweep_t12_s1/Qwen3-8B,Il17 -> IL17A,1
results/tsweep_t12_s1/Qwen3-8B,Alk5 -> TGFBR1,1
results/tsweep_t12_s1/Qwen3-8B,NCAM -> NCAM1,1
results/tsweep_t12_s1/Qwen3-8B,NF-κB -> NFKB1,1
results/tsweep_t12_s1/Qwen3-8B,Ob-Rb -> LEPR,1
results/tsweep_t12_s1/Qwen3-8B,Nrf2 -> NFE2L2,1
results/tsweep_t12_s1/Qwen3-8B,IKKε -> IKBKE,1
results/tsweep_t12_s1/Qwen3-8B,L-PGDS -> PTGDS,1
results/tsweep_t12_s1/Qwen3-8B,PLA2 -> PLA2G1B,1
results/tsweep_t12_s1/Qwen3-8B,JNK -> MAPK8,1
results/tsweep_t12_s1/Qwen3-8B,C-Fos -> FOS,1
results/tsweep_t12_s1/Qwen3-8B,Opg -> TNFRSF11B,1
results/tsweep_t12_s1/Qwen3-8B,Perf -> FABP9,1
results/tsweep_t12_s1/Qwen3-8B,A20 -> TNFAIP3,1
results/tsweep_t12_s1/Qwen3-8B,PCAF -> KAT2B,1
results/tsweep_t12_s1/Qwen3-8B,Rsk3 -> RPS6KA2,2
results/tsweep_t12_s1/Qwen3-8B,Gmcsf -> CSF2,1
results/tsweep_t12_s1/Qwen3-8B,Jmjd3 -> KDM6B,1
results/tsweep_t12_s1/Qwen3-8B,Cox2 -> PTGS2,1
results/tsweep_t12_s1/Qwen3-8B,OPN -> SPP1,1
results/tsweep_t12_s1/Qwen3-8B,p21 -> CDKN1A,1
results/tsweep_t12_s1/Qwen3-8B,TDP-43 -> TARDBP,1
results/tsweep_t12_s1/Qwen3-8B,Pkcδ -> PRRT2,1
results/tsweep_t12_s1/Qwen3-8B,Atf6α -> ATF6,1
results/tsweep_t12_s1/Qwen3-8B,miR-181a-5p -> MIR-181A,2
results/tsweep_t12_s1/Qwen3-8B,miR-18a-3p -> MIR-18A,1
results/tsweep_t12_s1/Qwen3-8B,Nox2 -> CYBB,1
results/tsweep_t12_s1/Qwen3-8B,Glut1 -> SLC2A1,2
results/tsweep_t12_s1/Qwen3-8B,Tankyrase -> TNKS,1
results/tsweep_t12_s1/Qwen3-8B,miR-204-5p -> MIR-204,1
results/tsweep_t12_s1/Qwen3-8B,MiR-455-3p -> MIR-455,1
results/tsweep_t12_s1/Qwen3-8B,PAR-1 -> F2R,1
results/tsweep_t12_s1/Qwen3-8B,PAR-2 -> F2RL1,1
results/q8b_think_v7full/Qwen3-8B,ET1 -> EDN1,1
results/q8b_think_v7full/Qwen3-8B,XOR -> XDH,1
results/q8b_think_v7full/Qwen3-8B,HIC5 -> TGFB1I1,1
results/q8b_think_v7full/Qwen3-8B,ADENOSINEA3RECEPTOR -> ADORA3,1
results/q8b_think_v7full/Qwen3-8B,NEUTROPHIL ELASTASE -> ELANE,1
results/q8b_think_v7full/Qwen3-8B,PAR2 -> F2RL1,3
results/q8b_think_v7full/Qwen3-8B,RIP3 -> RIPK3,2
results/q8b_think_v7full/Qwen3-8B,RAGE -> AGER,1
results/q8b_think_v7full/Qwen3-8B,MIG6 -> ERRFI1,2
results/q8b_think_v7full/Qwen3-8B,IL1RA -> IL1RN,2
results/q8b_think_v7full/Qwen3-8B,VEGFR3 -> FLT4,1
results/q8b_think_v7full/Qwen3-8B,TGFB -> TGFB1,1
results/q8b_think_v7full/Qwen3-8B,CD11B -> ITGAM,1
results/q8b_think_v7full/Qwen3-8B,ZCCHC6 -> TUT7,1
results/q8b_think_v7full/Qwen3-8B,LOX1 -> OLR1,1
results/q8b_think_v7full/Qwen3-8B,IL17 -> IL17A,1
results/q8b_think_v7full/Qwen3-8B,ALK5 -> TGFBR1,1
results/q8b_think_v7full/Qwen3-8B,NCAM -> NCAM1,1
results/q8b_think_v7full/Qwen3-8B,NRF2 -> NFE2L2,1
results/q8b_think_v7full/Qwen3-8B,IKKE -> IKBKE,1
results/q8b_think_v7full/Qwen3-8B,LPGDS -> PTGDS,1
results/q8b_think_v7full/Qwen3-8B,CFOS -> FOS,1
results/q8b_think_v7full/Qwen3-8B,BETA-CATENIN -> CTNNB1,1
results/q8b_think_v7full/Qwen3-8B,OPG -> TNFRSF11B,1
results/q8b_think_v7full/Qwen3-8B,PERF -> FABP9,1
results/q8b_think_v7full/Qwen3-8B,A20 -> TNFAIP3,1
results/q8b_think_v7full/Qwen3-8B,RSK3 -> RPS6KA2,2
results/q8b_think_v7full/Qwen3-8B,JMJD3 -> KDM6B,1
results/q8b_think_v7full/Qwen3-8B,P21 -> CDKN1A,1
results/q8b_think_v7full/Qwen3-8B,TDP43 -> TARDBP,1
results/q8b_think_v7full/Qwen3-8B,ATF6A -> ATF6,1
results/q8b_think_v7full/Qwen3-8B,NOX2 -> CYBB,1
results/q8b_think_v7full/Qwen3-8B,GLUT1 -> SLC2A1,2
results/q8b_think_v7full/Qwen3-8B,TANKYRASE -> TNKS,2
results/q8b_think_v7full/Qwen3-8B,ST2 -> IL1RL1,1
results/q8b_think_v7full/Qwen3-8B,PAR1 -> F2R,1
results/magi_think_v5/Magistral-Small-2509,RIP3 -> RIPK3,2
results/magi_think_v5/Magistral-Small-2509,MIG6 -> ERRFI1,2
results/magi_think_v5/Magistral-Small-2509,ZCCHC6 -> TUT7,1
results/magi_think_v5/Magistral-Small-2509,TNNC -> TNNC1,1
results/magi_think_v5/Magistral-Small-2509,H2 -> FGFR1,1
results/magi_think_v5/Magistral-Small-2509,OPTICIN -> OPTC,1
results/magi_think_v5/Magistral-Small-2509,TGC -> TGM2,1
results/magi_think_v5/Magistral-Small-2509,LPA1 -> LPAR1,2
results/magi_think_v5/Magistral-Small-2509,TANKYRASE -> TNKS,2
results/magi_think_v5/Magistral-Small-2509,Chondroitin sulfate -> CHONDROITINSULFATE,2
results/magi_think_v5/Magistral-Small-2509,glucosamine sulfate -> GLUCOSAMINESULFATE,1
results/magi_think_v5/Magistral-Small-2509,glucosamine hydrochloride -> GLUCOSAMINEHYDROCHLORIDE,1
results/magi_think_v5/Magistral-Small-2509,IL1F9 -> IL36G,3
results/llama31_v3/Llama-3.1-8B-Instruct,ET-1 -> EDN1,1
results/llama31_v3/Llama-3.1-8B-Instruct,ETB -> EDNRB,1
results/llama31_v3/Llama-3.1-8B-Instruct,miR-877-5p -> MIR-877,1
results/llama31_v3/Llama-3.1-8B-Instruct,Xor -> XDH,1
results/llama31_v3/Llama-3.1-8B-Instruct,Beclin-1 -> BECN1,1
results/llama31_v3/Llama-3.1-8B-Instruct,LC3 -> MAP1LC3A,1
results/llama31_v3/Llama-3.1-8B-Instruct,miR-9-5p -> MIR-9,1
results/llama31_v3/Llama-3.1-8B-Instruct,Hic-5 -> TGFB1I1,1
results/llama31_v3/Llama-3.1-8B-Instruct,Adenosine A3 receptor -> ADORA3,2
results/llama31_v3/Llama-3.1-8B-Instruct,COX-2 -> PTGS2,2
results/llama31_v3/Llama-3.1-8B-Instruct,miR-10a-5p -> MIR-10A,1
results/llama31_v3/Llama-3.1-8B-Instruct,Neutrophil elastase -> ELANE,1
results/llama31_v3/Llama-3.1-8B-Instruct,PAR2 -> F2RL1,2
results/llama31_v3/Llama-3.1-8B-Instruct,FPN -> SLC40A1,1
results/llama31_v3/Llama-3.1-8B-Instruct,FLVCR -> FLVCR1,1
results/llama31_v3/Llama-3.1-8B-Instruct,HCP-1 -> SLC46A1,1
results/llama31_v3/Llama-3.1-8B-Instruct,P53 -> TP53,1
results/llama31_v3/Llama-3.1-8B-Instruct,P21 -> NSG1,1
results/llama31_v3/Llama-3.1-8B-Instruct,RAGE -> AGER,1
results/llama31_v3/Llama-3.1-8B-Instruct,Rip3 -> RIPK3,2
results/llama31_v3/Llama-3.1-8B-Instruct,TGF beta -> TGFB1,1
results/llama31_v3/Llama-3.1-8B-Instruct,CD11c -> ITGAX,1
results/llama31_v3/Llama-3.1-8B-Instruct,CD59a -> CD59,1
results/llama31_v3/Llama-3.1-8B-Instruct,p54(nrb) -> NONO,1
results/llama31_v3/Llama-3.1-8B-Instruct,Mig6 -> ERRFI1,1
results/llama31_v3/Llama-3.1-8B-Instruct,Sdf1 -> CXCL12,2
results/llama31_v3/Llama-3.1-8B-Instruct,IL1ra -> IL1RN,2
results/llama31_v3/Llama-3.1-8B-Instruct,VEGFR-3 -> FLT4,1
results/llama31_v3/Llama-3.1-8B-Instruct,BTZ -> CASC3,1
results/llama31_v3/Llama-3.1-8B-Instruct,Sdf1a -> CXCL12,1
results/llama31_v3/Llama-3.1-8B-Instruct,TGF-β -> TGFB1,1
results/llama31_v3/Llama-3.1-8B-Instruct,CD11b -> ITGAM,2
results/llama31_v3/Llama-3.1-8B-Instruct,Zcchc6 -> TUT7,1
results/llama31_v3/Llama-3.1-8B-Instruct,Lox1 -> OLR1,1
results/llama31_v3/Llama-3.1-8B-Instruct,Il17 -> IL17A,1
results/llama31_v3/Llama-3.1-8B-Instruct,Alk5 -> TGFBR1,1
results/llama31_v3/Llama-3.1-8B-Instruct,NCAM -> NCAM1,2
results/llama31_v3/Llama-3.1-8B-Instruct,Cbfa1 -> RUNX2,3
results/llama31_v3/Llama-3.1-8B-Instruct,NF-κB -> NFKB1,1
results/llama31_v3/Llama-3.1-8B-Instruct,Tn -> TNC,2
results/llama31_v3/Llama-3.1-8B-Instruct,TNF-α -> TNF,3
results/llama31_v3/Llama-3.1-8B-Instruct,Caspase-3 -> CASP3,3
results/llama31_v3/Llama-3.1-8B-Instruct,Ob-Rb -> LEPR,1
results/llama31_v3/Llama-3.1-8B-Instruct,Nrf2 -> NFE2L2,1
results/llama31_v3/Llama-3.1-8B-Instruct,TNFalpha -> TNF,3
results/llama31_v3/Llama-3.1-8B-Instruct,IKKε -> IKBKE,3
results/llama31_v3/Llama-3.1-8B-Instruct,L-PGDS -> PTGDS,1
results/llama31_v3/Llama-3.1-8B-Instruct,JNK -> MAPK8,1
results/llama31_v3/Llama-3.1-8B-Instruct,Mig-6 -> ERRFI1,1
results/llama31_v3/Llama-3.1-8B-Instruct,RANKL -> TNFSF11,1
results/llama31_v3/Llama-3.1-8B-Instruct,c-Fos -> FOS,2
results/llama31_v3/Llama-3.1-8B-Instruct,Bcat -> BLNK,1
results/llama31_v3/Llama-3.1-8B-Instruct,Opg -> TNFRSF11B,1
results/llama31_v3/Llama-3.1-8B-Instruct,ERRα -> ESRRA,2
results/llama31_v3/Llama-3.1-8B-Instruct,HSP47 -> SERPINH1,1
results/llama31_v3/Llama-3.1-8B-Instruct,HSP60 -> HSPD1,1
results/llama31_v3/Llama-3.1-8B-Instruct,TNF-alpha -> TNF,1
results/llama31_v3/Llama-3.1-8B-Instruct,Par2 -> F2RL1,3
results/llama31_v3/Llama-3.1-8B-Instruct,perf -> FABP9,1
results/llama31_v3/Llama-3.1-8B-Instruct,A20 -> TNFAIP3,2
results/llama31_v3/Llama-3.1-8B-Instruct,Lubricin -> PRG4,2
results/llama31_v3/Llama-3.1-8B-Instruct,SDF-1 -> CXCL12,1
results/llama31_v3/Llama-3.1-8B-Instruct,PCAF -> KAT2B,2
results/llama31_v3/Llama-3.1-8B-Instruct,Rsk-3 -> RPS6KA2,2
results/llama31_v3/Llama-3.1-8B-Instruct,Jmjd3 -> KDM6B,1
results/llama31_v3/Llama-3.1-8B-Instruct,Gm-csf -> CSF2,1
results/llama31_v3/Llama-3.1-8B-Instruct,Aggrecan -> ACAN,1
results/llama31_v3/Llama-3.1-8B-Instruct,Opn -> SPP1,1
results/llama31_v3/Llama-3.1-8B-Instruct,PI3K -> PIK3CA,1
results/llama31_v3/Llama-3.1-8B-Instruct,miR-142-5p -> MIR-142,1
results/llama31_v3/Llama-3.1-8B-Instruct,p21 -> CDKN1A,1
results/llama31_v3/Llama-3.1-8B-Instruct,NF-kB -> NFKB1,1
results/llama31_v3/Llama-3.1-8B-Instruct,Caspase-7 -> CASP7,1
results/llama31_v3/Llama-3.1-8B-Instruct,TDP-43 -> TARDBP,1
results/llama31_v3/Llama-3.1-8B-Instruct,Pkcδ -> PRRT2,2
results/llama31_v3/Llama-3.1-8B-Instruct,Atf6α -> ATF6,1
results/llama31_v3/Llama-3.1-8B-Instruct,miR-181a-5p -> MIR-181A,3
results/llama31_v3/Llama-3.1-8B-Instruct,miR-18a-3p -> MIR-18A,1
results/llama31_v3/Llama-3.1-8B-Instruct,LPA1 -> LPAR1,2
results/llama31_v3/Llama-3.1-8B-Instruct,Nox2 -> CYBB,1
results/llama31_v3/Llama-3.1-8B-Instruct,Vegf -> VEGFA,1
results/llama31_v3/Llama-3.1-8B-Instruct,Glut1 -> SLC2A1,2
results/llama31_v3/Llama-3.1-8B-Instruct,Tankyrase -> TNKS,1
results/llama31_v3/Llama-3.1-8B-Instruct,Pdgf-bb -> PDGFB,2
results/llama31_v3/Llama-3.1-8B-Instruct,miR-204-5p -> MIR-204,1
results/llama31_v3/Llama-3.1-8B-Instruct,ST2 -> IL1RL1,1
results/llama31_v3/Llama-3.1-8B-Instruct,miR-455-3p -> MIR-455,2
results/llama31_v3/Llama-3.1-8B-Instruct,Par1 -> F2R,1
results/llama31_v3/Llama-3.1-8B-Instruct,C-reactive protein -> CRP,1
results/dev_think_35/Qwen3.5-4B,ZCCHC6 -> TUT7,1
results/dev_think_35/Qwen3.5-4B,LOX-1 -> OLR1,1
results/dev_think_35/Qwen3.5-4B,Nrf2 -> NFE2L2,1
results/dev_think_35/Qwen3.5-4B,Tenascin-C -> TNC,1
results/dev_think_35/Qwen3.5-4B,IKKε -> IKBKE,1
results/dev_think_35/Qwen3.5-4B,L-PGDS -> PTGDS,1
results/dev_think_35/Qwen3.5-4B,PKCδ -> PRRT2,1
results/dev_think_35/Qwen3.5-4B,Nox2 -> CYBB,1
results/dev_think_35/Qwen3.5-4B,PAR-1 -> F2R,1
results/dev_think_35/Qwen3.5-4B,PAR-2 -> F2RL1,1
results/psweep_v1/Qwen3-8B,ET-1 -> EDN1,1
results/psweep_v1/Qwen3-8B,XOR -> XDH,1
results/psweep_v1/Qwen3-8B,miR-9-5p -> MIR-9,1
results/psweep_v1/Qwen3-8B,Hic-5 -> TGFB1I1,1
results/psweep_v1/Qwen3-8B,miR-10a-5p -> MIR-10A,1
results/psweep_v1/Qwen3-8B,PAR2 -> F2RL1,3
results/psweep_v1/Qwen3-8B,Neutrophil elastase -> ELANE,1
results/psweep_v1/Qwen3-8B,S100A8 -> S100A8,1
results/psweep_v1/Qwen3-8B,S100A9 -> S100A9,1
results/psweep_v1/Qwen3-8B,Rip3 -> RIPK3,2
results/psweep_v1/Qwen3-8B,TGF beta -> TGFB1,1
results/psweep_v1/Qwen3-8B,C5 -> C5,1
results/psweep_v1/Qwen3-8B,C6 -> C6,1
results/psweep_v1/Qwen3-8B,CD59a -> CD59,1
results/psweep_v1/Qwen3-8B,Mig6 -> ERRFI1,1
results/psweep_v1/Qwen3-8B,SDF-1 -> CXCL12,2
results/psweep_v1/Qwen3-8B,IL1RA -> IL1RN,1
results/psweep_v1/Qwen3-8B,VEGFR-3 -> FLT4,1
results/psweep_v1/Qwen3-8B,TGF-β -> TGFB1,1
results/psweep_v1/Qwen3-8B,CD11b -> ITGAM,1
results/psweep_v1/Qwen3-8B,ZCCHC6 -> TUT7,1
results/psweep_v1/Qwen3-8B,LOX-1 -> OLR1,1
results/psweep_v1/Qwen3-8B,IL-17 -> IL17A,1
results/psweep_v1/Qwen3-8B,ALK5 -> TGFBR1,1
results/psweep_v1/Qwen3-8B,NCAM -> NCAM1,2
results/psweep_v1/Qwen3-8B,NF-κB -> NFKB1,1
results/psweep_v1/Qwen3-8B,Ob-Rb -> LEPR,1
results/psweep_v1/Qwen3-8B,Nrf2 -> NFE2L2,1
results/psweep_v1/Qwen3-8B,IKKε -> IKBKE,1
results/psweep_v1/Qwen3-8B,L-PGDS -> PTGDS,1
results/psweep_v1/Qwen3-8B,JNK -> MAPK8,1
results/psweep_v1/Qwen3-8B,Mig-6 -> ERRFI1,1
results/psweep_v1/Qwen3-8B,FoxO1 -> FOXO1,4
results/psweep_v1/Qwen3-8B,FoxO3 -> FOXO3,5
results/psweep_v1/Qwen3-8B,FoxO4 -> FOXO4,4
results/psweep_v1/Qwen3-8B,c-Fos -> FOS,1
results/psweep_v1/Qwen3-8B,OPG -> TNFRSF11B,1
results/psweep_v1/Qwen3-8B,CCL2 -> CCL2,1
results/psweep_v1/Qwen3-8B,CCR2 -> CCR2,1
results/psweep_v1/Qwen3-8B,A20 -> TNFAIP3,1
results/psweep_v1/Qwen3-8B,LUBRICIN -> PRG4,2
results/psweep_v1/Qwen3-8B,CXCR4 -> CXCR4,1
results/psweep_v1/Qwen3-8B,TNFalpha -> TNF,2
results/psweep_v1/Qwen3-8B,PCAF -> KAT2B,1
results/psweep_v1/Qwen3-8B,RSK-3 -> RPS6KA2,2
results/psweep_v1/Qwen3-8B,IRF4 -> IRF4,1
results/psweep_v1/Qwen3-8B,CCL17 -> CCL17,1
results/psweep_v1/Qwen3-8B,OPN -> SPP1,1
results/psweep_v1/Qwen3-8B,ApoE -> APOE,1
results/psweep_v1/Qwen3-8B,S100a9 -> S100A9,1
results/psweep_v1/Qwen3-8B,TDP-43 -> TARDBP,1
results/psweep_v1/Qwen3-8B,PKCδ -> PRRT2,1
results/psweep_v1/Qwen3-8B,Atf6α -> ATF6,1
results/psweep_v1/Qwen3-8B,miR-181a-5p -> MIR-181A,2
results/psweep_v1/Qwen3-8B,LPA1 -> LPAR1,1
results/psweep_v1/Qwen3-8B,Nox2 -> CYBB,1
results/psweep_v1/Qwen3-8B,Ccl2 -> CCL2,1
results/psweep_v1/Qwen3-8B,Ccr2 -> CCR2,1
results/psweep_v1/Qwen3-8B,Ccl5 -> CCL5,1
results/psweep_v1/Qwen3-8B,Ccr5 -> CCR5,1
results/psweep_v1/Qwen3-8B,VEGF -> VEGFA,1
results/psweep_v1/Qwen3-8B,sFlt-1 -> SFLT1,1
results/psweep_v1/Qwen3-8B,Glut1 -> SLC2A1,3
results/psweep_v1/Qwen3-8B,Tankyrase -> TNKS,1
results/psweep_v1/Qwen3-8B,miR-204-5p -> MIR-204,1
results/psweep_v1/Qwen3-8B,ST2 -> IL1RL1,1
results/psweep_v1/Qwen3-8B,ADAMTS4 -> ADAMTS4,1
results/psweep_v1/Qwen3-8B,ADAMTS5 -> ADAMTS5,1
results/psweep_v1/Qwen3-8B,PAR-2 -> F2RL1,1
results/psweep_v1/Qwen3-8B,PAR-1 -> F2R,1
results/magi_think_v4/Magistral-Small-2509,Et-1 -> EDN1,1
results/magi_think_v4/Magistral-Small-2509,miR-877-5p -> MIR-877,1
results/magi_think_v4/Magistral-Small-2509,Xor -> XDH,1
results/magi_think_v4/Magistral-Small-2509,miR-9-5p -> MIR-9,1
results/magi_think_v4/Magistral-Small-2509,Hic-5 -> TGFB1I1,1
results/magi_think_v4/Magistral-Small-2509,miR-10a-5p -> MIR-10A,2
results/magi_think_v4/Magistral-Small-2509,Rip3 -> RIPK3,2
results/magi_think_v4/Magistral-Small-2509,Rage -> AGER,1
results/magi_think_v4/Magistral-Small-2509,CD59a -> CD59,1
results/magi_think_v4/Magistral-Small-2509,Mig6 -> ERRFI1,2
results/magi_think_v4/Magistral-Small-2509,Vegfr3 -> FLT4,1
results/magi_think_v4/Magistral-Small-2509,TGF-β -> TGFB1,1
results/magi_think_v4/Magistral-Small-2509,CD11b -> ITGAM,2
results/magi_think_v4/Magistral-Small-2509,Zcchc6 -> TUT7,1
results/magi_think_v4/Magistral-Small-2509,Lox1 -> OLR1,1
results/magi_think_v4/Magistral-Small-2509,Il17 -> IL17A,1
results/magi_think_v4/Magistral-Small-2509,Il1ra -> IL1RN,1
results/magi_think_v4/Magistral-Small-2509,Alk5 -> TGFBR1,1
results/magi_think_v4/Magistral-Small-2509,NCAM -> NCAM1,1
results/magi_think_v4/Magistral-Small-2509,Nfkb -> NFKB1,1
results/magi_think_v4/Magistral-Small-2509,Ob-Rb -> LEPR,1
results/magi_think_v4/Magistral-Small-2509,Nrf2 -> NFE2L2,1
results/magi_think_v4/Magistral-Small-2509,L-PGDS -> PTGDS,1
results/magi_think_v4/Magistral-Small-2509,Mig-6 -> ERRFI1,1
results/magi_think_v4/Magistral-Small-2509,c-Fos -> FOS,1
results/magi_think_v4/Magistral-Small-2509,β-catenin -> CTNNB1,1
results/magi_think_v4/Magistral-Small-2509,Opg -> TNFRSF11B,1
results/magi_think_v4/Magistral-Small-2509,PAR2 -> F2RL1,2
results/magi_think_v4/Magistral-Small-2509,perf -> FABP9,1
results/magi_think_v4/Magistral-Small-2509,A20 -> TNFAIP3,1
results/magi_think_v4/Magistral-Small-2509,calcitonin -> CALCA,1
results/magi_think_v4/Magistral-Small-2509,PCAF -> KAT2B,1
results/magi_think_v4/Magistral-Small-2509,RSK-3 -> RPS6KA2,2
results/magi_think_v4/Magistral-Small-2509,Jmjd3 -> KDM6B,1
results/magi_think_v4/Magistral-Small-2509,Opn -> SPP1,1
results/magi_think_v4/Magistral-Small-2509,p21 -> CDKN1A,1
results/magi_think_v4/Magistral-Small-2509,TDP-43 -> TARDBP,1
results/magi_think_v4/Magistral-Small-2509,Pkcδ -> PRRT2,1
results/magi_think_v4/Magistral-Small-2509,Atf6α -> ATF6,1
results/magi_think_v4/Magistral-Small-2509,miR-181a-5p -> MIR-181A,2
results/magi_think_v4/Magistral-Small-2509,miR-18a-3p -> MIR-18A,1
results/magi_think_v4/Magistral-Small-2509,Nox2 -> CYBB,1
results/magi_think_v4/Magistral-Small-2509,Glut1 -> SLC2A1,2
results/magi_think_v4/Magistral-Small-2509,Tankyrase -> TNKS,1
results/magi_think_v4/Magistral-Small-2509,miR-204-5p -> MIR-204,1
results/magi_think_v4/Magistral-Small-2509,ST2 -> IL1RL1,1
results/magi_think_v4/Magistral-Small-2509,miR-455-3p -> MIR-455,1
results/magi_think_v4/Magistral-Small-2509,PAR-1 -> F2R,1
results/magi_think_v4/Magistral-Small-2509,PAR-2 -> F2RL1,1
results/magi_think_v6lite/Magistral-Small-2509,ET1 -> EDN1,1
results/magi_think_v6lite/Magistral-Small-2509,XOR -> XDH,1
results/magi_think_v6lite/Magistral-Small-2509,RIP3 -> RIPK3,3
results/magi_think_v6lite/Magistral-Small-2509,RAGE -> AGER,1
results/magi_think_v6lite/Magistral-Small-2509,MIG6 -> ERRFI1,2
results/magi_think_v6lite/Magistral-Small-2509,IL1RA -> IL1RN,1
results/magi_think_v6lite/Magistral-Small-2509,SDF1 -> CXCL12,2
results/magi_think_v6lite/Magistral-Small-2509,TGFB -> TGFB1,1
results/magi_think_v6lite/Magistral-Small-2509,CD11B -> ITGAM,1
results/magi_think_v6lite/Magistral-Small-2509,ZCCHC6 -> TUT7,1
results/magi_think_v6lite/Magistral-Small-2509,LOX1 -> OLR1,1
results/magi_think_v6lite/Magistral-Small-2509,IL17 -> IL17A,1
results/magi_think_v6lite/Magistral-Small-2509,ALK5 -> TGFBR1,1
results/magi_think_v6lite/Magistral-Small-2509,NCAM -> NCAM1,1
results/magi_think_v6lite/Magistral-Small-2509,NFKB -> NFKB1,1
results/magi_think_v6lite/Magistral-Small-2509,HDAC -> HDAC9,1
results/magi_think_v6lite/Magistral-Small-2509,TENASCINC -> TNC,1
results/magi_think_v6lite/Magistral-Small-2509,L-PGDS -> PTGDS,1
results/magi_think_v6lite/Magistral-Small-2509,OPG -> TNFRSF11B,1
results/magi_think_v6lite/Magistral-Small-2509,PAR2 -> F2RL1,3
results/magi_think_v6lite/Magistral-Small-2509,COX2 -> PTGS2,2
results/magi_think_v6lite/Magistral-Small-2509,PCAF -> KAT2B,1
results/magi_think_v6lite/Magistral-Small-2509,RSK3 -> RPS6KA2,2
results/magi_think_v6lite/Magistral-Small-2509,JMJD3 -> KDM6B,1
results/magi_think_v6lite/Magistral-Small-2509,NOX2 -> CYBB,1
results/magi_think_v6lite/Magistral-Small-2509,GLUT1 -> SLC2A1,2
results/magi_think_v6lite/Magistral-Small-2509,TANKYRASE -> TNKS,1
results/magi_think_v6lite/Magistral-Small-2509,PAR1 -> F2R,1
results/dyn_k5/Qwen3-8B,ET1 -> EDN1,1
results/dyn_k5/Qwen3-8B,ETB -> EDNRB,1
results/dyn_k5/Qwen3-8B,XOR -> XDH,1
results/dyn_k5/Qwen3-8B,HIC5 -> TGFB1I1,1
results/dyn_k5/Qwen3-8B,miR-10a-5p -> MIR-10A,1
results/dyn_k5/Qwen3-8B,RAGE -> AGER,2
results/dyn_k5/Qwen3-8B,DC -> DCX,2
results/dyn_k5/Qwen3-8B,MIG6 -> ERRFI1,2
results/dyn_k5/Qwen3-8B,VEGFR3 -> FLT4,1
results/dyn_k5/Qwen3-8B,TGF-β -> TGFB1,1
results/dyn_k5/Qwen3-8B,ZCCHC6 -> TUT7,2
results/dyn_k5/Qwen3-8B,LOX1 -> OLR1,1
results/dyn_k5/Qwen3-8B,IL17 -> IL17A,1
results/dyn_k5/Qwen3-8B,ALK5 -> TGFBR1,1
results/dyn_k5/Qwen3-8B,NCAM -> NCAM1,2
results/dyn_k5/Qwen3-8B,CBFA1 -> RUNX2,2
results/dyn_k5/Qwen3-8B,NFκB -> NFKB1,1
results/dyn_k5/Qwen3-8B,IKKε -> IKBKE,3
results/dyn_k5/Qwen3-8B,L-PGDS -> PTGDS,1
results/dyn_k5/Qwen3-8B,JNK -> MAPK8,1
results/dyn_k5/Qwen3-8B,TCTP -> TPT1,2
results/dyn_k5/Qwen3-8B,CFOS -> FOS,2
results/dyn_k5/Qwen3-8B,ERRα -> ESRRA,1
results/dyn_k5/Qwen3-8B,PERF -> FABP9,1
results/dyn_k5/Qwen3-8B,CALCITONIN -> CALCA,1
results/dyn_k5/Qwen3-8B,PCAF -> KAT2B,1
results/dyn_k5/Qwen3-8B,P53 -> TP53,1
results/dyn_k5/Qwen3-8B,P16 -> CDKN2A,1
results/dyn_k5/Qwen3-8B,IL8 -> CXCL8,1
results/dyn_k5/Qwen3-8B,RSK3 -> RPS6KA2,2
results/dyn_k5/Qwen3-8B,Jmjd3 -> KDM6B,1
results/dyn_k5/Qwen3-8B,OPN -> SPP1,1
results/dyn_k5/Qwen3-8B,TDP43 -> TARDBP,1
results/dyn_k5/Qwen3-8B,ATF6A -> ATF6,1
results/dyn_k5/Qwen3-8B,mir-18a-3p -> MIR-18A,1
results/dyn_k5/Qwen3-8B,NOX2 -> CYBB,1
results/dyn_k5/Qwen3-8B,GLUT1 -> SLC2A1,3
results/dyn_k5/Qwen3-8B,ST2 -> IL1RL1,1
results/dyn_k5/Qwen3-8B,miR-455-3p -> MIR-455,1
results/dyn_k5/Qwen3-8B,HIF2A -> EPAS1,1
results/dyn_k5/Qwen3-8B,NFkB -> NFKB1,1
results/dyn_k5/Qwen3-8B,PAR-2 -> F2RL1,1
results/dyn_k5/Qwen3-8B,PAR-1 -> F2R,1
results/magi_think_v7full/Magistral-Small-2509,HYP -> PHEX,1
results/magi_think_v7full/Magistral-Small-2509,XOR -> XDH,1
results/magi_think_v7full/Magistral-Small-2509,A3AR -> ADORA3,1
results/magi_think_v7full/Magistral-Small-2509,PAR2 -> F2RL1,5
results/magi_think_v7full/Magistral-Small-2509,RIP3 -> RIPK3,3
results/magi_think_v7full/Magistral-Small-2509,RAGE -> AGER,1
results/magi_think_v7full/Magistral-Small-2509,MIG6 -> ERRFI1,2
results/magi_think_v7full/Magistral-Small-2509,VEGFR3 -> FLT4,1
results/magi_think_v7full/Magistral-Small-2509,SDF1 -> CXCL12,2
results/magi_think_v7full/Magistral-Small-2509,TGFB -> TGFB1,1
results/magi_think_v7full/Magistral-Small-2509,CD11B -> ITGAM,1
results/magi_think_v7full/Magistral-Small-2509,ZCCHC6 -> TUT7,1
results/magi_think_v7full/Magistral-Small-2509,LOX1 -> OLR1,1
results/magi_think_v7full/Magistral-Small-2509,IL17 -> IL17A,1
results/magi_think_v7full/Magistral-Small-2509,ALK5 -> TGFBR1,1
results/magi_think_v7full/Magistral-Small-2509,NCAM -> NCAM1,2
results/magi_think_v7full/Magistral-Small-2509,NFKB -> NFKB1,1
results/magi_think_v7full/Magistral-Small-2509,NRF2 -> NFE2L2,1
results/magi_think_v7full/Magistral-Small-2509,TN -> TNC,1
results/magi_think_v7full/Magistral-Small-2509,IKKE -> IKBKE,1
results/magi_think_v7full/Magistral-Small-2509,LPGDS -> PTGDS,1
results/magi_think_v7full/Magistral-Small-2509,OPG -> TNFRSF11B,1
results/magi_think_v7full/Magistral-Small-2509,COX2 -> PTGS2,1
results/magi_think_v7full/Magistral-Small-2509,A20 -> TNFAIP3,1
results/magi_think_v7full/Magistral-Small-2509,PATCHED1 -> PTCH1,1
results/magi_think_v7full/Magistral-Small-2509,PCAF -> KAT2B,1
results/magi_think_v7full/Magistral-Small-2509,RSK3 -> RPS6KA2,3
results/magi_think_v7full/Magistral-Small-2509,JMJD3 -> KDM6B,1
results/magi_think_v7full/Magistral-Small-2509,OPN -> SPP1,1
results/magi_think_v7full/Magistral-Small-2509,TGC -> TGM2,1
results/magi_think_v7full/Magistral-Small-2509,NOX2 -> CYBB,1
results/magi_think_v7full/Magistral-Small-2509,GLUT1 -> SLC2A1,2
results/magi_think_v7full/Magistral-Small-2509,ST2 -> IL1RL1,1
results/magi_think_v7full/Magistral-Small-2509,PAR1 -> F2R,1
results/v5_think_8b/Qwen3-8B,ET1 -> EDN1,1
results/v5_think_8b/Qwen3-8B,XOR -> XDH,1
results/v5_think_8b/Qwen3-8B,HIC5 -> TGFB1I1,1
results/v5_think_8b/Qwen3-8B,PAR2 -> F2RL1,4
results/v5_think_8b/Qwen3-8B,CAMK2 -> CAMK2B,2
results/v5_think_8b/Qwen3-8B,RIP3 -> RIPK3,3
results/v5_think_8b/Qwen3-8B,TGFβ -> TGFB1,2
results/v5_think_8b/Qwen3-8B,RAGE -> AGER,1
results/v5_think_8b/Qwen3-8B,MIG6 -> ERRFI1,2
results/v5_think_8b/Qwen3-8B,IL1RA -> IL1RN,2
results/v5_think_8b/Qwen3-8B,ZCCHC6 -> TUT7,1
results/v5_think_8b/Qwen3-8B,IL17 -> IL17A,1
results/v5_think_8b/Qwen3-8B,ALK5 -> TGFBR1,1
results/v5_think_8b/Qwen3-8B,NCAM -> NCAM1,1
results/v5_think_8b/Qwen3-8B,IKKE -> IKBKE,1
results/v5_think_8b/Qwen3-8B,LPGDS -> PTGDS,1
results/v5_think_8b/Qwen3-8B,JNK -> MAPK8,1
results/v5_think_8b/Qwen3-8B,CFOS -> FOS,1
results/v5_think_8b/Qwen3-8B,PERF -> FABP9,1
results/v5_think_8b/Qwen3-8B,SDF1 -> CXCL12,1
results/v5_think_8b/Qwen3-8B,PCAF -> KAT2B,1
results/v5_think_8b/Qwen3-8B,COX2 -> PTGS2,1
results/v5_think_8b/Qwen3-8B,NOX2 -> CYBB,1
results/v5_think_8b/Qwen3-8B,ST2 -> IL1RL1,1
results/v5_think_8b/Qwen3-8B,HIF2A -> EPAS1,1
results/dev_think_8b/Qwen3-8B,ET1 -> EDN1,1
results/dev_think_8b/Qwen3-8B,miR-877-5p -> MIR-877,1
results/dev_think_8b/Qwen3-8B,XOR -> XDH,1
results/dev_think_8b/Qwen3-8B,miR-9-5p -> MIR-9,1
results/dev_think_8b/Qwen3-8B,Hic-5 -> TGFB1I1,1
results/dev_think_8b/Qwen3-8B,miR-10a-5p -> MIR-10A,2
results/dev_think_8b/Qwen3-8B,Neutrophil elastase -> ELANE,1
results/dev_think_8b/Qwen3-8B,PAR2 -> F2RL1,2
results/dev_think_8b/Qwen3-8B,TNF-alpha -> TNF,1
results/dev_think_8b/Qwen3-8B,Rip3 -> RIPK3,1
results/dev_think_8b/Qwen3-8B,ASC -> PYCARD,1
results/dev_think_8b/Qwen3-8B,RAGE -> AGER,1
results/dev_think_8b/Qwen3-8B,CD59a -> CD59,1
results/dev_think_8b/Qwen3-8B,Mig6 -> ERRFI1,3
results/dev_think_8b/Qwen3-8B,SDF-1 -> CXCL12,1
results/dev_think_8b/Qwen3-8B,Il1ra -> IL1RN,1
results/dev_think_8b/Qwen3-8B,TGF-β -> TGFB1,1
results/dev_think_8b/Qwen3-8B,Cd11b -> ITGAM,1
results/dev_think_8b/Qwen3-8B,ZCCHC6 -> TUT7,1
results/dev_think_8b/Qwen3-8B,LOX1 -> OLR1,1
results/dev_think_8b/Qwen3-8B,Il17 -> IL17A,1
results/dev_think_8b/Qwen3-8B,Alk5 -> TGFBR1,1
results/dev_think_8b/Qwen3-8B,NCAM -> NCAM1,1
results/dev_think_8b/Qwen3-8B,NF-κB -> NFKB1,2
results/dev_think_8b/Qwen3-8B,Ob-Rb -> LEPR,1
results/dev_think_8b/Qwen3-8B,Nrf2 -> NFE2L2,1
results/dev_think_8b/Qwen3-8B,IKKε -> IKBKE,1
results/dev_think_8b/Qwen3-8B,L-PGDS -> PTGDS,1
results/dev_think_8b/Qwen3-8B,JNK -> MAPK8,1
results/dev_think_8b/Qwen3-8B,Opg -> TNFRSF11B,1
results/dev_think_8b/Qwen3-8B,Perf -> FABP9,1
results/dev_think_8b/Qwen3-8B,A20 -> TNFAIP3,1
results/dev_think_8b/Qwen3-8B,PCAF -> KAT2B,1
results/dev_think_8b/Qwen3-8B,RSK3 -> RPS6KA2,1
results/dev_think_8b/Qwen3-8B,Gmcsf -> CSF2,1
results/dev_think_8b/Qwen3-8B,Jmjd3 -> KDM6B,1
results/dev_think_8b/Qwen3-8B,Cox2 -> PTGS2,1
results/dev_think_8b/Qwen3-8B,p38α/β -> MAPK14,1
results/dev_think_8b/Qwen3-8B,p21 -> CDKN1A,1
results/dev_think_8b/Qwen3-8B,TDP-43 -> TARDBP,1
results/dev_think_8b/Qwen3-8B,Pkcd -> PRRT2,1
results/dev_think_8b/Qwen3-8B,Atf6α -> ATF6,1
results/dev_think_8b/Qwen3-8B,miR-181a-5p -> MIR-181A,2
results/dev_think_8b/Qwen3-8B,MiR-18a-3p -> MIR-18A,1
results/dev_think_8b/Qwen3-8B,Nox2 -> CYBB,1
results/dev_think_8b/Qwen3-8B,Glut1 -> SLC2A1,2
results/dev_think_8b/Qwen3-8B,Tankyrase -> TNKS,2
results/dev_think_8b/Qwen3-8B,miR-204-5p -> MIR-204,1
results/dev_think_8b/Qwen3-8B,MiR-455-3p -> MIR-455,1
results/dev_think_8b/Qwen3-8B,HIF-2α -> EPAS1,1
results/dev_think_8b/Qwen3-8B,PAR-1 -> F2R,1
results/dev_think_8b/Qwen3-8B,PAR-2 -> F2RL1,1
results/simple_35/Qwen3.5-4B,Hyp -> PHEX,1
results/simple_35/Qwen3.5-4B,XOR -> XDH,1
results/simple_35/Qwen3.5-4B,miR-10a-5p -> MIR-10A,2
results/simple_35/Qwen3.5-4B,RIP3 -> RIPK3,2
results/simple_35/Qwen3.5-4B,Mig6 -> ERRFI1,1
results/simple_35/Qwen3.5-4B,IL-1ra -> IL1RN,1
results/simple_35/Qwen3.5-4B,ZCCHC6 -> TUT7,1
results/simple_35/Qwen3.5-4B,LOX-1 -> OLR1,1
results/simple_35/Qwen3.5-4B,Alk5 -> TGFBR1,1
results/simple_35/Qwen3.5-4B,Ob-Rb -> LEPR,1
results/simple_35/Qwen3.5-4B,IKKε -> IKBKE,1
results/simple_35/Qwen3.5-4B,Mig-6 -> ERRFI1,1
results/simple_35/Qwen3.5-4B,β-catenin -> CTNNB1,1
results/simple_35/Qwen3.5-4B,A20 -> TNFAIP3,1
results/simple_35/Qwen3.5-4B,Calcitonin -> CALCA,1
results/simple_35/Qwen3.5-4B,p21 -> CDKN1A,1
results/simple_35/Qwen3.5-4B,miR-18a-3p -> MIR-18A,1
results/simple_35/Qwen3.5-4B,Nox2 -> CYBB,1
results/simple_35/Qwen3.5-4B,MiR-455-3p -> MIR-455,1
results/nothink_8b/Qwen3-8B,ET1 -> EDN1,1
results/nothink_8b/Qwen3-8B,miR-877-5p -> MIR-877,1
results/nothink_8b/Qwen3-8B,Xor -> XDH,1
results/nothink_8b/Qwen3-8B,miR-9-5p -> MIR-9,1
results/nothink_8b/Qwen3-8B,Hic-5 -> TGFB1I1,1
results/nothink_8b/Qwen3-8B,A3AR -> ADORA3,2
results/nothink_8b/Qwen3-8B,PAR2 -> F2RL1,3
results/nothink_8b/Qwen3-8B,Neutrophil elastase -> ELANE,1
results/nothink_8b/Qwen3-8B,Rip3 -> RIPK3,1
results/nothink_8b/Qwen3-8B,TGF beta -> TGFB1,1
results/nothink_8b/Qwen3-8B,CD59a -> CD59,1
results/nothink_8b/Qwen3-8B,Mig6 -> ERRFI1,2
results/nothink_8b/Qwen3-8B,SDF-1 -> CXCL12,2
results/nothink_8b/Qwen3-8B,Il1ra -> IL1RN,1
results/nothink_8b/Qwen3-8B,VEGFR-3 -> FLT4,1
results/nothink_8b/Qwen3-8B,BTZ -> CASC3,1
results/nothink_8b/Qwen3-8B,TGF-β -> TGFB1,1
results/nothink_8b/Qwen3-8B,Cd11b -> ITGAM,1
results/nothink_8b/Qwen3-8B,Zcchc6 -> TUT7,1
results/nothink_8b/Qwen3-8B,Lox1 -> OLR1,1
results/nothink_8b/Qwen3-8B,Alk5 -> TGFBR1,1
results/nothink_8b/Qwen3-8B,Ncam -> NCAM1,2
results/nothink_8b/Qwen3-8B,NF-κB -> NFKB1,1
results/nothink_8b/Qwen3-8B,TNF-α -> TNF,1
results/nothink_8b/Qwen3-8B,caspase-3 -> CASP3,1
results/nothink_8b/Qwen3-8B,Ob-Rb -> LEPR,1
results/nothink_8b/Qwen3-8B,Nrf2 -> NFE2L2,1
results/nothink_8b/Qwen3-8B,IKKε -> IKBKE,1
results/nothink_8b/Qwen3-8B,L-PGDS -> PTGDS,1
results/nothink_8b/Qwen3-8B,JNK -> MAPK8,1
results/nothink_8b/Qwen3-8B,c-Fos -> FOS,1
results/nothink_8b/Qwen3-8B,Opg -> TNFRSF11B,1
results/nothink_8b/Qwen3-8B,Perf -> FABP9,1
results/nothink_8b/Qwen3-8B,A20 -> TNFAIP3,1
results/nothink_8b/Qwen3-8B,Lubricin -> PRG4,2
results/nothink_8b/Qwen3-8B,PCAF -> KAT2B,1
results/nothink_8b/Qwen3-8B,Rsk3 -> RPS6KA2,2
results/nothink_8b/Qwen3-8B,Gmcsf -> CSF2,1
results/nothink_8b/Qwen3-8B,OPN -> SPP1,1
results/nothink_8b/Qwen3-8B,p21 -> CDKN1A,1
results/nothink_8b/Qwen3-8B,TDP-43 -> TARDBP,1
results/nothink_8b/Qwen3-8B,Pkcd -> PRRT2,1
results/nothink_8b/Qwen3-8B,Atf6α -> ATF6,1
results/nothink_8b/Qwen3-8B,miR-181a-5p -> MIR-181A,2
results/nothink_8b/Qwen3-8B,MiR-18a-3p -> MIR-18A,1
results/nothink_8b/Qwen3-8B,Nox2 -> CYBB,1
results/nothink_8b/Qwen3-8B,Glut1 -> SLC2A1,3
results/nothink_8b/Qwen3-8B,Tankyrase -> TNKS,1
results/nothink_8b/Qwen3-8B,miR-204-5p -> MIR-204,1
results/nothink_8b/Qwen3-8B,St2 -> IL1RL1,1
results/nothink_8b/Qwen3-8B,Akt -> AKT1,1
results/nothink_8b/Qwen3-8B,MiR-455-3p -> MIR-455,1
results/nothink_8b/Qwen3-8B,PAR-2 -> F2RL1,1
results/nothink_8b/Qwen3-8B,PAR-1 -> F2R,1
results/qthink_v2/Qwen3-8B,ET1 -> EDN1,1
results/qthink_v2/Qwen3-8B,miR-877-5p -> MIR-877,1
results/qthink_v2/Qwen3-8B,XOR -> XDH,1
results/qthink_v2/Qwen3-8B,miR-9-5p -> MIR-9,1
results/qthink_v2/Qwen3-8B,Hic-5 -> TGFB1I1,1
results/qthink_v2/Qwen3-8B,miR-10a-5p -> MIR-10A,2
results/qthink_v2/Qwen3-8B,PAR2 -> F2RL1,3
results/qthink_v2/Qwen3-8B,TNF-alpha -> TNF,1
results/qthink_v2/Qwen3-8B,Rip3 -> RIPK3,1
results/qthink_v2/Qwen3-8B,TGF beta -> TGFB1,1
results/qthink_v2/Qwen3-8B,RAGE -> AGER,1
results/qthink_v2/Qwen3-8B,CD59a -> CD59,1
results/qthink_v2/Qwen3-8B,Mig6 -> ERRFI1,1
results/qthink_v2/Qwen3-8B,SDF-1 -> CXCL12,2
results/qthink_v2/Qwen3-8B,IL1RA -> IL1RN,1
results/qthink_v2/Qwen3-8B,VEGFR3 -> FLT4,1
results/qthink_v2/Qwen3-8B,TGF-β -> TGFB1,1
results/qthink_v2/Qwen3-8B,CD11b -> ITGAM,1
results/qthink_v2/Qwen3-8B,ZCCHC6 -> TUT7,1
results/qthink_v2/Qwen3-8B,LOX-1 -> OLR1,1
results/qthink_v2/Qwen3-8B,Il1ra -> IL1RN,1
results/qthink_v2/Qwen3-8B,Il17 -> IL17A,1
results/qthink_v2/Qwen3-8B,Alk5 -> TGFBR1,1
results/qthink_v2/Qwen3-8B,NCAM -> NCAM1,1
results/qthink_v2/Qwen3-8B,NF-κB -> NFKB1,1
results/qthink_v2/Qwen3-8B,Ob-Rb -> LEPR,1
results/qthink_v2/Qwen3-8B,Nrf2 -> NFE2L2,1
results/qthink_v2/Qwen3-8B,OSM -> OSM,1
results/qthink_v2/Qwen3-8B,TNFalpha -> TNF,1
results/qthink_v2/Qwen3-8B,IKKε -> IKBKE,1
results/qthink_v2/Qwen3-8B,L-PGDS -> PTGDS,1
results/qthink_v2/Qwen3-8B,Mig-6 -> ERRFI1,1
results/qthink_v2/Qwen3-8B,FoxO1 -> FOXO1,4
results/qthink_v2/Qwen3-8B,FoxO3 -> FOXO3,4
results/qthink_v2/Qwen3-8B,FoxO4 -> FOXO4,4
results/qthink_v2/Qwen3-8B,Opg -> TNFRSF11B,1
results/qthink_v2/Qwen3-8B,CCL2 -> CCL2,1
results/qthink_v2/Qwen3-8B,CCR2 -> CCR2,1
results/qthink_v2/Qwen3-8B,Lumican -> LUM,1
results/qthink_v2/Qwen3-8B,Fibromodulin -> FMOD,1
results/qthink_v2/Qwen3-8B,Perforin -> PRF1,1
results/qthink_v2/Qwen3-8B,A20 -> TNFAIP3,1
results/qthink_v2/Qwen3-8B,TNFα -> TNF,1
results/qthink_v2/Qwen3-8B,PCAF -> KAT2B,1
results/qthink_v2/Qwen3-8B,RSK3 -> RPS6KA2,2
results/qthink_v2/Qwen3-8B,Gmcsf -> CSF2,1
results/qthink_v2/Qwen3-8B,Jmjd3 -> KDM6B,1
results/qthink_v2/Qwen3-8B,Cox2 -> PTGS2,1
results/qthink_v2/Qwen3-8B,Apoe -> APOE,1
results/qthink_v2/Qwen3-8B,S100a9 -> S100A9,1
results/qthink_v2/Qwen3-8B,TDP-43 -> TARDBP,1
results/qthink_v2/Qwen3-8B,PKCδ -> PRRT2,1
results/qthink_v2/Qwen3-8B,Atf6α -> ATF6,1
results/qthink_v2/Qwen3-8B,miR-181a-5p -> MIR-181A,2
results/qthink_v2/Qwen3-8B,MiR-18a-3p -> MIR-18A,1
results/qthink_v2/Qwen3-8B,Nox2 -> CYBB,1
results/qthink_v2/Qwen3-8B,BMP-4 -> BMP4,2
results/qthink_v2/Qwen3-8B,sFlt-1 -> SFLT1,1
results/qthink_v2/Qwen3-8B,VEGF -> VEGFA,1
results/qthink_v2/Qwen3-8B,Glut1 -> SLC2A1,2
results/qthink_v2/Qwen3-8B,miR-204-5p -> MIR-204,1
results/qthink_v2/Qwen3-8B,MiR-455-3p -> MIR-455,1
results/qthink_v2/Qwen3-8B,Adamts4 -> ADAMTS4,1
results/qthink_v2/Qwen3-8B,Adamts5 -> ADAMTS5,1
results/qthink_v2/Qwen3-8B,PAR-1 -> F2R,1
results/qthink_v2/Qwen3-8B,PAR-2 -> F2RL1,1
results/dyn_k0/Qwen3-8B,ETB -> EDNRB,1
results/dyn_k0/Qwen3-8B,ET1 -> EDN1,1
results/dyn_k0/Qwen3-8B,miR-877-5p -> MIR-877,1
results/dyn_k0/Qwen3-8B,XOR -> XDH,1
results/dyn_k0/Qwen3-8B,miR-9-5p -> MIR-9,1
results/dyn_k0/Qwen3-8B,HIC5 -> TGFB1I1,1
results/dyn_k0/Qwen3-8B,COX2 -> PTGS2,1
results/dyn_k0/Qwen3-8B,miR-10a-5p -> MIR-10A,1
results/dyn_k0/Qwen3-8B,PAR2 -> F2RL1,4
results/dyn_k0/Qwen3-8B,NE -> ELANE,1
results/dyn_k0/Qwen3-8B,P53 -> TP53,1
results/dyn_k0/Qwen3-8B,RIP3 -> RIPK3,2
results/dyn_k0/Qwen3-8B,TGFβ -> TGFB1,1
results/dyn_k0/Qwen3-8B,RAGE -> AGER,1
results/dyn_k0/Qwen3-8B,MIG6 -> ERRFI1,2
results/dyn_k0/Qwen3-8B,VEGFR3 -> FLT4,1
results/dyn_k0/Qwen3-8B,SDF1 -> CXCL12,1
results/dyn_k0/Qwen3-8B,CD11B -> ITGAM,1
results/dyn_k0/Qwen3-8B,ZCCHC6 -> TUT7,1
results/dyn_k0/Qwen3-8B,LOX1 -> OLR1,1
results/dyn_k0/Qwen3-8B,IL17 -> IL17A,1
results/dyn_k0/Qwen3-8B,ALK5 -> TGFBR1,1
results/dyn_k0/Qwen3-8B,NCAM -> NCAM1,2
results/dyn_k0/Qwen3-8B,NFkB -> NFKB1,1
results/dyn_k0/Qwen3-8B,NRF2 -> NFE2L2,1
results/dyn_k0/Qwen3-8B,IKKε -> IKBKE,3
results/dyn_k0/Qwen3-8B,L-PGDS -> PTGDS,1
results/dyn_k0/Qwen3-8B,JNK -> MAPK8,1
results/dyn_k0/Qwen3-8B,CFOS -> FOS,1
results/dyn_k0/Qwen3-8B,OPG -> TNFRSF11B,1
results/dyn_k0/Qwen3-8B,PERF -> FABP9,1
results/dyn_k0/Qwen3-8B,A20 -> TNFAIP3,1
results/dyn_k0/Qwen3-8B,5-LOX -> ALOX5,1
results/dyn_k0/Qwen3-8B,PCAF -> KAT2B,1
results/dyn_k0/Qwen3-8B,RSK3 -> RPS6KA2,2
results/dyn_k0/Qwen3-8B,AKT -> AKT1,1
results/dyn_k0/Qwen3-8B,Jmjd3 -> KDM6B,1
results/dyn_k0/Qwen3-8B,OPN -> SPP1,1
results/dyn_k0/Qwen3-8B,TDP43 -> TARDBP,1
results/dyn_k0/Qwen3-8B,HIF2A -> EPAS1,1
results/dyn_k0/Qwen3-8B,ATF6A -> ATF6,1
results/dyn_k0/Qwen3-8B,LPA1 -> LPAR1,2
results/dyn_k0/Qwen3-8B,NOX2 -> CYBB,1
results/dyn_k0/Qwen3-8B,GLUT1 -> SLC2A1,3
results/dyn_k0/Qwen3-8B,ST2 -> IL1RL1,1
results/dyn_k0/Qwen3-8B,miR-455-3p -> MIR-455,1
results/dyn_k0/Qwen3-8B,PAR1 -> F2R,1
results/psweep_v5/Qwen3-8B,ETB -> EDNRB,2
results/psweep_v5/Qwen3-8B,XOR -> XDH,1
results/psweep_v5/Qwen3-8B,HIC5 -> TGFB1I1,1
results/psweep_v5/Qwen3-8B,PAR2 -> F2RL1,5
results/psweep_v5/Qwen3-8B,NE -> ELANE,1
results/psweep_v5/Qwen3-8B,P53 -> TP53,1
results/psweep_v5/Qwen3-8B,TGFβ -> TGFB1,1
results/psweep_v5/Qwen3-8B,RAGE -> AGER,1
results/psweep_v5/Qwen3-8B,MIG6 -> ERRFI1,2
results/psweep_v5/Qwen3-8B,VEGFR3 -> FLT4,1
results/psweep_v5/Qwen3-8B,SDF1 -> CXCL12,1
results/psweep_v5/Qwen3-8B,ZCCHC6 -> TUT7,1
results/psweep_v5/Qwen3-8B,LOX1 -> OLR1,1
results/psweep_v5/Qwen3-8B,IL17 -> IL17A,1
results/psweep_v5/Qwen3-8B,ALK5 -> TGFBR1,1
results/psweep_v5/Qwen3-8B,NCAM -> NCAM1,2
results/psweep_v5/Qwen3-8B,L-PGDS -> PTGDS,1
results/psweep_v5/Qwen3-8B,JNK -> MAPK8,1
results/psweep_v5/Qwen3-8B,TCTP -> TPT1,2
results/psweep_v5/Qwen3-8B,OPG -> TNFRSF11B,1
results/psweep_v5/Qwen3-8B,PCAF -> KAT2B,1
results/psweep_v5/Qwen3-8B,RSK3 -> RPS6KA2,2
results/psweep_v5/Qwen3-8B,Jmjd3 -> KDM6B,1
results/psweep_v5/Qwen3-8B,TDP43 -> TARDBP,1
results/psweep_v5/Qwen3-8B,HIF2A -> EPAS1,2
results/psweep_v5/Qwen3-8B,ATF6A -> ATF6,1
results/psweep_v5/Qwen3-8B,miR-18a-3p -> MIR-18A,1
results/psweep_v5/Qwen3-8B,NOX2 -> CYBB,2
results/psweep_v5/Qwen3-8B,GLUT1 -> SLC2A1,3
results/psweep_v5/Qwen3-8B,ST2 -> IL1RL1,1
results/psweep_v5/Qwen3-8B,PAR1 -> F2R,1
results/q8b_think_v7lite/Qwen3-8B,ET1 -> EDN1,1
results/q8b_think_v7lite/Qwen3-8B,XANTHINE OXIDOREDUCTASE -> XDH,1
results/q8b_think_v7lite/Qwen3-8B,HIC5 -> TGFB1I1,1
results/q8b_think_v7lite/Qwen3-8B,ADENOSINEA3RECEPTOR -> ADORA3,1
results/q8b_think_v7lite/Qwen3-8B,NE -> ELANE,1
results/q8b_think_v7lite/Qwen3-8B,PAR2 -> F2RL1,2
results/q8b_think_v7lite/Qwen3-8B,RIP3 -> RIPK3,2
results/q8b_think_v7lite/Qwen3-8B,TGFB -> TGFB1,1
results/q8b_think_v7lite/Qwen3-8B,RAGE -> AGER,1
results/q8b_think_v7lite/Qwen3-8B,MIG6 -> ERRFI1,2
results/q8b_think_v7lite/Qwen3-8B,VEGFR3 -> FLT4,1
results/q8b_think_v7lite/Qwen3-8B,CD11B -> ITGAM,1
results/q8b_think_v7lite/Qwen3-8B,ZCCHC6 -> TUT7,1
results/q8b_think_v7lite/Qwen3-8B,LOX1 -> OLR1,1
results/q8b_think_v7lite/Qwen3-8B,IL1RA -> IL1RN,1
results/q8b_think_v7lite/Qwen3-8B,IL17 -> IL17A,1
results/q8b_think_v7lite/Qwen3-8B,ALK5 -> TGFBR1,1
results/q8b_think_v7lite/Qwen3-8B,NCAM -> NCAM1,2
results/q8b_think_v7lite/Qwen3-8B,NRF2 -> NFE2L2,1
results/q8b_think_v7lite/Qwen3-8B,IKKE -> IKBKE,1
results/q8b_think_v7lite/Qwen3-8B,LPGDS -> PTGDS,1
results/q8b_think_v7lite/Qwen3-8B,OPG -> TNFRSF11B,1
results/q8b_think_v7lite/Qwen3-8B,LUMICAN -> LUM,1
results/q8b_think_v7lite/Qwen3-8B,FIBROMODULIN -> FMOD,1
results/q8b_think_v7lite/Qwen3-8B,PERF -> FABP9,1
results/q8b_think_v7lite/Qwen3-8B,A20 -> TNFAIP3,1
results/q8b_think_v7lite/Qwen3-8B,PCAF -> KAT2B,1
results/q8b_think_v7lite/Qwen3-8B,RSK3 -> RPS6KA2,2
results/q8b_think_v7lite/Qwen3-8B,GMCSF -> CSF2,1
results/q8b_think_v7lite/Qwen3-8B,P21 -> CDKN1A,1
results/q8b_think_v7lite/Qwen3-8B,TDP43 -> TARDBP,1
results/q8b_think_v7lite/Qwen3-8B,NOX2 -> CYBB,1
results/q8b_think_v7lite/Qwen3-8B,GLUT1 -> SLC2A1,2
results/q8b_think_v7lite/Qwen3-8B,TANKYRASE -> TNKS,2
results/q8b_think_v7lite/Qwen3-8B,PAR1 -> F2R,1
results/tsweep_t09_s2/Qwen3-8B,Et1 -> EDN1,1
results/tsweep_t09_s2/Qwen3-8B,EtB -> EDNRB,1
results/tsweep_t09_s2/Qwen3-8B,miR-877-5p -> MIR-877,1
results/tsweep_t09_s2/Qwen3-8B,XOR -> XDH,1
results/tsweep_t09_s2/Qwen3-8B,miR-9-5p -> MIR-9,1
results/tsweep_t09_s2/Qwen3-8B,Hic-5 -> TGFB1I1,1
results/tsweep_t09_s2/Qwen3-8B,miR-10a-5p -> MIR-10A,2
results/tsweep_t09_s2/Qwen3-8B,Neutrophil elastase -> ELANE,1
results/tsweep_t09_s2/Qwen3-8B,PAR2 -> F2RL1,3
results/tsweep_t09_s2/Qwen3-8B,TNF-alpha -> TNF,1
results/tsweep_t09_s2/Qwen3-8B,Rip3 -> RIPK3,1
results/tsweep_t09_s2/Qwen3-8B,Rage -> AGER,1
results/tsweep_t09_s2/Qwen3-8B,CD59a -> CD59,1
results/tsweep_t09_s2/Qwen3-8B,Mig6 -> ERRFI1,2
results/tsweep_t09_s2/Qwen3-8B,Sdf1 -> CXCL12,1
results/tsweep_t09_s2/Qwen3-8B,Il1ra -> IL1RN,2
results/tsweep_t09_s2/Qwen3-8B,TGF-β -> TGFB1,1
results/tsweep_t09_s2/Qwen3-8B,Cd11b -> ITGAM,1
results/tsweep_t09_s2/Qwen3-8B,ZCCHC6 -> TUT7,1
results/tsweep_t09_s2/Qwen3-8B,Lox1 -> OLR1,1
results/tsweep_t09_s2/Qwen3-8B,Il17 -> IL17A,1
results/tsweep_t09_s2/Qwen3-8B,Alk5 -> TGFBR1,1
results/tsweep_t09_s2/Qwen3-8B,NCAM -> NCAM1,1
results/tsweep_t09_s2/Qwen3-8B,NF-κB -> NFKB1,1
results/tsweep_t09_s2/Qwen3-8B,Ob-Rb -> LEPR,1
results/tsweep_t09_s2/Qwen3-8B,Nrf2 -> NFE2L2,1
results/tsweep_t09_s2/Qwen3-8B,IKKε -> IKBKE,1
results/tsweep_t09_s2/Qwen3-8B,L-PGDS -> PTGDS,1
results/tsweep_t09_s2/Qwen3-8B,PLA2 -> PLA2G1B,1
results/tsweep_t09_s2/Qwen3-8B,C-Fos -> FOS,1
results/tsweep_t09_s2/Qwen3-8B,Opg -> TNFRSF11B,1
results/tsweep_t09_s2/Qwen3-8B,Perf -> FABP9,1
results/tsweep_t09_s2/Qwen3-8B,A20 -> TNFAIP3,1
results/tsweep_t09_s2/Qwen3-8B,Calcitonin -> CALCA,1
results/tsweep_t09_s2/Qwen3-8B,PCAF -> KAT2B,1
results/tsweep_t09_s2/Qwen3-8B,Rsk3 -> RPS6KA2,2
results/tsweep_t09_s2/Qwen3-8B,Gmcsf -> CSF2,1
results/tsweep_t09_s2/Qwen3-8B,Jmjd3 -> KDM6B,1
results/tsweep_t09_s2/Qwen3-8B,Cox2 -> PTGS2,1
results/tsweep_t09_s2/Qwen3-8B,OPN -> SPP1,1
results/tsweep_t09_s2/Qwen3-8B,p21 -> CDKN1A,1
results/tsweep_t09_s2/Qwen3-8B,TDP-43 -> TARDBP,1
results/tsweep_t09_s2/Qwen3-8B,Pkcd -> PRRT2,1
results/tsweep_t09_s2/Qwen3-8B,Atf6α -> ATF6,1
results/tsweep_t09_s2/Qwen3-8B,miR-181a-5p -> MIR-181A,2
results/tsweep_t09_s2/Qwen3-8B,MiR-18a-3p -> MIR-18A,1
results/tsweep_t09_s2/Qwen3-8B,Nox2 -> CYBB,1
results/tsweep_t09_s2/Qwen3-8B,Glut1 -> SLC2A1,2
results/tsweep_t09_s2/Qwen3-8B,miR-204-5p -> MIR-204,1
results/tsweep_t09_s2/Qwen3-8B,St2 -> IL1RL1,1
results/tsweep_t09_s2/Qwen3-8B,MiR-455-3p -> MIR-455,1
results/tsweep_t09_s2/Qwen3-8B,PAR-1 -> F2R,1
results/tsweep_t09_s2/Qwen3-8B,PAR-2 -> F2RL1,1
results/magistral_v3_new/Magistral-Small-2509,ET-1 -> EDN1,1
results/magistral_v3_new/Magistral-Small-2509,XOR -> XDH,1
results/magistral_v3_new/Magistral-Small-2509,miR-9-5p -> MIR-9,1
results/magistral_v3_new/Magistral-Small-2509,Hic-5 -> TGFB1I1,2
results/magistral_v3_new/Magistral-Small-2509,Adenosine A3 receptor -> ADORA3,1
results/magistral_v3_new/Magistral-Small-2509,miR-10a-5p -> MIR-10A,2
results/magistral_v3_new/Magistral-Small-2509,VEGFR2 -> KDR,1
results/magistral_v3_new/Magistral-Small-2509,P53 -> TP53,1
results/magistral_v3_new/Magistral-Small-2509,Sclerostin -> SOST,3
results/magistral_v3_new/Magistral-Small-2509,Rip3 -> RIPK3,2
results/magistral_v3_new/Magistral-Small-2509,TGF beta -> TGFB1,1
results/magistral_v3_new/Magistral-Small-2509,N/A -> XK,1
results/magistral_v3_new/Magistral-Small-2509,CD59a -> CD59,1
results/magistral_v3_new/Magistral-Small-2509,Mig6 -> ERRFI1,2
results/magistral_v3_new/Magistral-Small-2509,SDF-1 -> CXCL12,2
results/magistral_v3_new/Magistral-Small-2509,IL-1 ra -> IL1RN,2
results/magistral_v3_new/Magistral-Small-2509,VEGFR-3 -> FLT4,1
results/magistral_v3_new/Magistral-Small-2509,BTZ -> CASC3,1
results/magistral_v3_new/Magistral-Small-2509,Tgf-b -> TGFB1,1
results/magistral_v3_new/Magistral-Small-2509,Zcchc6 -> TUT7,1
results/magistral_v3_new/Magistral-Small-2509,Lox1 -> OLR1,1
results/magistral_v3_new/Magistral-Small-2509,Alk5 -> TGFBR1,1
results/magistral_v3_new/Magistral-Small-2509,NCAM -> NCAM1,2
results/magistral_v3_new/Magistral-Small-2509,Nfkb -> NFKB1,1
results/magistral_v3_new/Magistral-Small-2509,Ob-Rb -> LEPR,1
results/magistral_v3_new/Magistral-Small-2509,Nrf2 -> NFE2L2,1
results/magistral_v3_new/Magistral-Small-2509,IKKε -> IKBKE,1
results/magistral_v3_new/Magistral-Small-2509,L-PGDS -> PTGDS,1
results/magistral_v3_new/Magistral-Small-2509,JNK -> MAPK8,1
results/magistral_v3_new/Magistral-Small-2509,Mig-6 -> ERRFI1,1
results/magistral_v3_new/Magistral-Small-2509,c-Fos -> FOS,1
results/magistral_v3_new/Magistral-Small-2509,Opg -> TNFRSF11B,1
results/magistral_v3_new/Magistral-Small-2509,PAR2 -> F2RL1,2
results/magistral_v3_new/Magistral-Small-2509,A20 -> TNFAIP3,1
results/magistral_v3_new/Magistral-Small-2509,Lubricin -> PRG4,2
results/magistral_v3_new/Magistral-Small-2509,Calcitonin -> CALCA,1
results/magistral_v3_new/Magistral-Small-2509,PCAF -> KAT2B,1
results/magistral_v3_new/Magistral-Small-2509,Rsk3 -> RPS6KA2,2
results/magistral_v3_new/Magistral-Small-2509,OPN -> SPP1,1
results/magistral_v3_new/Magistral-Small-2509,p21 -> CDKN1A,1
results/magistral_v3_new/Magistral-Small-2509,TDP-43 -> TARDBP,1
results/magistral_v3_new/Magistral-Small-2509,Atf6α -> ATF6,1
results/magistral_v3_new/Magistral-Small-2509,miR-181a-5p -> MIR-181A,2
results/magistral_v3_new/Magistral-Small-2509,miR-18a-3p -> MIR-18A,1
results/magistral_v3_new/Magistral-Small-2509,Glut1 -> SLC2A1,2
results/magistral_v3_new/Magistral-Small-2509,Tankyrase -> TNKS,1
results/magistral_v3_new/Magistral-Small-2509,miR-204-5p -> MIR-204,1
results/magistral_v3_new/Magistral-Small-2509,ST2 -> IL1RL1,1
results/magistral_v3_new/Magistral-Small-2509,miR-455-3p -> MIR-455,1
results/magistral_v3_new/Magistral-Small-2509,PAR-2 -> F2RL1,1
results/magistral_v3_new/Magistral-Small-2509,PAR-1 -> F2R,1
results/magi_think_v7lite/Magistral-Small-2509,ET1 -> EDN1,1
results/magi_think_v7lite/Magistral-Small-2509,XOR -> XDH,1
results/magi_think_v7lite/Magistral-Small-2509,HIC5 -> TGFB1I1,1
results/magi_think_v7lite/Magistral-Small-2509,PAR2 -> F2RL1,5
results/magi_think_v7lite/Magistral-Small-2509,RIP3 -> RIPK3,3
results/magi_think_v7lite/Magistral-Small-2509,RAGE -> AGER,1
results/magi_think_v7lite/Magistral-Small-2509,MIG6 -> ERRFI1,2
results/magi_think_v7lite/Magistral-Small-2509,VEGFR3 -> FLT4,1
results/magi_think_v7lite/Magistral-Small-2509,SDF1 -> CXCL12,1
results/magi_think_v7lite/Magistral-Small-2509,TGFB -> TGFB1,1
results/magi_think_v7lite/Magistral-Small-2509,CD11B -> ITGAM,1
results/magi_think_v7lite/Magistral-Small-2509,ZCCHC6 -> TUT7,1
results/magi_think_v7lite/Magistral-Small-2509,LOX1 -> OLR1,2
results/magi_think_v7lite/Magistral-Small-2509,IL17 -> IL17A,1
results/magi_think_v7lite/Magistral-Small-2509,ALK5 -> TGFBR1,1
results/magi_think_v7lite/Magistral-Small-2509,NCAM -> NCAM1,2
results/magi_think_v7lite/Magistral-Small-2509,NRF2 -> NFE2L2,1
results/magi_think_v7lite/Magistral-Small-2509,IKKE -> IKBKE,1
results/magi_think_v7lite/Magistral-Small-2509,LPGDS -> PTGDS,1
results/magi_think_v7lite/Magistral-Small-2509,PLA2 -> PLA2G1B,1
results/magi_think_v7lite/Magistral-Small-2509,BCATENIN -> CTNNB1,1
results/magi_think_v7lite/Magistral-Small-2509,A20 -> TNFAIP3,1
results/magi_think_v7lite/Magistral-Small-2509,PCAF -> KAT2B,1
results/magi_think_v7lite/Magistral-Small-2509,RSK3 -> RPS6KA2,3
results/magi_think_v7lite/Magistral-Small-2509,GMCSF -> CSF2,1
results/magi_think_v7lite/Magistral-Small-2509,TDP43 -> TARDBP,1
results/magi_think_v7lite/Magistral-Small-2509,NOX2 -> CYBB,2
results/magi_think_v7lite/Magistral-Small-2509,GLUT1 -> SLC2A1,2
results/magi_think_v7lite/Magistral-Small-2509,ST2 -> IL1RL1,1
results/magi_think_v7lite/Magistral-Small-2509,PAR1 -> F2R,1
results/magi_think_v1/Magistral-Small-2509,ET-1 -> EDN1,1
results/magi_think_v1/Magistral-Small-2509,miR-877-5p -> MIR-877,1
results/magi_think_v1/Magistral-Small-2509,Hyp -> PHEX,2
results/magi_think_v1/Magistral-Small-2509,XOR -> XDH,1
results/magi_think_v1/Magistral-Small-2509,miR-9-5p -> MIR-9,1
results/magi_think_v1/Magistral-Small-2509,Hic-5 -> TGFB1I1,1
results/magi_think_v1/Magistral-Small-2509,miR-10a-5p -> MIR-10A,2
results/magi_think_v1/Magistral-Small-2509,Neutrophil elastase -> ELANE,1
results/magi_think_v1/Magistral-Small-2509,PAR2 -> F2RL1,3
results/magi_think_v1/Magistral-Small-2509,TNF-alpha -> TNF,1
results/magi_think_v1/Magistral-Small-2509,Rip3 -> RIPK3,2
results/magi_think_v1/Magistral-Small-2509,RAGE -> AGER,1
results/magi_think_v1/Magistral-Small-2509,CD59a -> CD59,1
results/magi_think_v1/Magistral-Small-2509,Mig6 -> ERRFI1,1
results/magi_think_v1/Magistral-Small-2509,Vegfr3 -> FLT4,1
results/magi_think_v1/Magistral-Small-2509,SDF-1 -> CXCL12,1
results/magi_think_v1/Magistral-Small-2509,CXCR4 -> CXCR4,1
results/magi_think_v1/Magistral-Small-2509,Tgfb -> TGFB1,1
results/magi_think_v1/Magistral-Small-2509,CD11b -> ITGAM,1
results/magi_think_v1/Magistral-Small-2509,Zcchc6 -> TUT7,1
results/magi_think_v1/Magistral-Small-2509,Lox1 -> OLR1,1
results/magi_think_v1/Magistral-Small-2509,IL-1Ra -> IL1RN,2
results/magi_think_v1/Magistral-Small-2509,IL-17 -> IL17A,1
results/magi_think_v1/Magistral-Small-2509,Alk5 -> TGFBR1,1
results/magi_think_v1/Magistral-Small-2509,NCAM -> NCAM1,1
results/magi_think_v1/Magistral-Small-2509,Cbfa1 -> RUNX2,1
results/magi_think_v1/Magistral-Small-2509,NF-κB -> NFKB1,1
results/magi_think_v1/Magistral-Small-2509,Ob-Rb -> LEPR,1
results/magi_think_v1/Magistral-Small-2509,Nrf2 -> NFE2L2,1
results/magi_think_v1/Magistral-Small-2509,HDAC -> HDAC9,1
results/magi_think_v1/Magistral-Small-2509,ERRγ -> ESRRG,1
results/magi_think_v1/Magistral-Small-2509,Osm -> OSM,1
results/magi_think_v1/Magistral-Small-2509,Tnfa -> TNF,1
results/magi_think_v1/Magistral-Small-2509,IKKε -> IKBKE,1
results/magi_think_v1/Magistral-Small-2509,L-PGDS -> PTGDS,1
results/magi_think_v1/Magistral-Small-2509,Mig-6 -> ERRFI1,1
results/magi_think_v1/Magistral-Small-2509,FoxO1 -> FOXO1,5
results/magi_think_v1/Magistral-Small-2509,FoxO3 -> FOXO3,6
results/magi_think_v1/Magistral-Small-2509,FoxO4 -> FOXO4,6
results/magi_think_v1/Magistral-Small-2509,c-Fos -> FOS,1
results/magi_think_v1/Magistral-Small-2509,OPG -> TNFRSF11B,1
results/magi_think_v1/Magistral-Small-2509,Par2 -> F2RL1,1
results/magi_think_v1/Magistral-Small-2509,CCL2 -> CCL2,1
results/magi_think_v1/Magistral-Small-2509,CCR2 -> CCR2,1
results/magi_think_v1/Magistral-Small-2509,Lum -> LUM,1
results/magi_think_v1/Magistral-Small-2509,Fmod -> FMOD,1
results/magi_think_v1/Magistral-Small-2509,A20 -> TNFAIP3,1
results/magi_think_v1/Magistral-Small-2509,5-LOX -> ALOX5,1
results/magi_think_v1/Magistral-Small-2509,PCAF -> KAT2B,1
results/magi_think_v1/Magistral-Small-2509,Rsk3 -> RPS6KA2,2
results/magi_think_v1/Magistral-Small-2509,Jmjd3 -> KDM6B,1
results/magi_think_v1/Magistral-Small-2509,Apoe -> APOE,1
results/magi_think_v1/Magistral-Small-2509,S100a9 -> S100A9,1
results/magi_think_v1/Magistral-Small-2509,p21 -> CDKN1A,1
results/magi_think_v1/Magistral-Small-2509,C4S -> C4A,1
results/magi_think_v1/Magistral-Small-2509,TDP-43 -> TARDBP,1
results/magi_think_v1/Magistral-Small-2509,PKCδ -> PRRT2,1
results/magi_think_v1/Magistral-Small-2509,Atf6α -> ATF6,1
results/magi_think_v1/Magistral-Small-2509,miR-181a-5p -> MIR-181A,2
results/magi_think_v1/Magistral-Small-2509,miR-18a-3p -> MIR-18A,1
results/magi_think_v1/Magistral-Small-2509,Nox2 -> CYBB,1
results/magi_think_v1/Magistral-Small-2509,BMP-4 -> BMP4,1
results/magi_think_v1/Magistral-Small-2509,sFlt-1 -> SFLT1,1
results/magi_think_v1/Magistral-Small-2509,Glut1 -> SLC2A1,2
results/magi_think_v1/Magistral-Small-2509,Tankyrase -> TNKS,2
results/magi_think_v1/Magistral-Small-2509,Chondroitin sulfate -> CHONDROITINSULFATE,2
results/magi_think_v1/Magistral-Small-2509,Glucosamine sulfate -> GLUCOSAMINESULFATE,1
results/magi_think_v1/Magistral-Small-2509,Glucosamine hydrochloride -> GLUCOSAMINEHYDROCHLORIDE,1
results/magi_think_v1/Magistral-Small-2509,IL-33 -> IL33,1
results/magi_think_v1/Magistral-Small-2509,ST2 -> IL1RL1,1
results/magi_think_v1/Magistral-Small-2509,Akt -> AKT1,1
results/magi_think_v1/Magistral-Small-2509,miR-455-3p -> MIR-455,1
results/magi_think_v1/Magistral-Small-2509,Adamts4 -> ADAMTS4,1
results/magi_think_v1/Magistral-Small-2509,Adamts5 -> ADAMTS5,1
results/magi_think_v1/Magistral-Small-2509,PAR-2 -> F2RL1,1
results/magi_think_v1/Magistral-Small-2509,PAR-1 -> F2R,1
results/tsweep_t03_s1/Qwen3-8B,ET1 -> EDN1,1
results/tsweep_t03_s1/Qwen3-8B,miR-877-5p -> MIR-877,1
results/tsweep_t03_s1/Qwen3-8B,XOR -> XDH,1
results/tsweep_t03_s1/Qwen3-8B,miR-9-5p -> MIR-9,1
results/tsweep_t03_s1/Qwen3-8B,Hic-5 -> TGFB1I1,1
results/tsweep_t03_s1/Qwen3-8B,miR-10a-5p -> MIR-10A,2
results/tsweep_t03_s1/Qwen3-8B,Par2 -> F2RL1,1
results/tsweep_t03_s1/Qwen3-8B,Neutrophil elastase -> ELANE,1
results/tsweep_t03_s1/Qwen3-8B,Rip3 -> RIPK3,1
results/tsweep_t03_s1/Qwen3-8B,RIP3 -> RIPK3,1
results/tsweep_t03_s1/Qwen3-8B,RAGE -> AGER,1
results/tsweep_t03_s1/Qwen3-8B,CD59a -> CD59,1
results/tsweep_t03_s1/Qwen3-8B,Mig6 -> ERRFI1,2
results/tsweep_t03_s1/Qwen3-8B,SDF-1 -> CXCL12,2
results/tsweep_t03_s1/Qwen3-8B,IL1RA -> IL1RN,1
results/tsweep_t03_s1/Qwen3-8B,TGF-β -> TGFB1,1
results/tsweep_t03_s1/Qwen3-8B,Cd11b -> ITGAM,1
results/tsweep_t03_s1/Qwen3-8B,ZCCHC6 -> TUT7,1
results/tsweep_t03_s1/Qwen3-8B,LOX-1 -> OLR1,1
results/tsweep_t03_s1/Qwen3-8B,Il17 -> IL17A,1
results/tsweep_t03_s1/Qwen3-8B,Alk5 -> TGFBR1,1
results/tsweep_t03_s1/Qwen3-8B,NCAM -> NCAM1,2
results/tsweep_t03_s1/Qwen3-8B,NF-κB -> NFKB1,1
results/tsweep_t03_s1/Qwen3-8B,Ob-Rb -> LEPR,1
results/tsweep_t03_s1/Qwen3-8B,Nrf2 -> NFE2L2,1
results/tsweep_t03_s1/Qwen3-8B,IKKε -> IKBKE,1
results/tsweep_t03_s1/Qwen3-8B,L-PGDS -> PTGDS,1
results/tsweep_t03_s1/Qwen3-8B,PLA2 -> PLA2G1B,1
results/tsweep_t03_s1/Qwen3-8B,c-Fos -> FOS,1
results/tsweep_t03_s1/Qwen3-8B,Opg -> TNFRSF11B,1
results/tsweep_t03_s1/Qwen3-8B,PAR2 -> F2RL1,1
results/tsweep_t03_s1/Qwen3-8B,Perf -> FABP9,1
results/tsweep_t03_s1/Qwen3-8B,A20 -> TNFAIP3,1
results/tsweep_t03_s1/Qwen3-8B,PCAF -> KAT2B,1
results/tsweep_t03_s1/Qwen3-8B,RSK3 -> RPS6KA2,1
results/tsweep_t03_s1/Qwen3-8B,Gmcsf -> CSF2,1
results/tsweep_t03_s1/Qwen3-8B,Jmjd3 -> KDM6B,1
results/tsweep_t03_s1/Qwen3-8B,Cox2 -> PTGS2,1
results/tsweep_t03_s1/Qwen3-8B,p21 -> CDKN1A,1
results/tsweep_t03_s1/Qwen3-8B,TDP-43 -> TARDBP,1
results/tsweep_t03_s1/Qwen3-8B,Pkcδ -> PRRT2,1
results/tsweep_t03_s1/Qwen3-8B,Atf6α -> ATF6,1
results/tsweep_t03_s1/Qwen3-8B,miR-181a-5p -> MIR-181A,2
results/tsweep_t03_s1/Qwen3-8B,MiR-18a-3p -> MIR-18A,1
results/tsweep_t03_s1/Qwen3-8B,Nox2 -> CYBB,1
results/tsweep_t03_s1/Qwen3-8B,Glut1 -> SLC2A1,2
results/tsweep_t03_s1/Qwen3-8B,Tankyrase -> TNKS,1
results/tsweep_t03_s1/Qwen3-8B,miR-204-5p -> MIR-204,1
results/tsweep_t03_s1/Qwen3-8B,St2 -> IL1RL1,1
results/tsweep_t03_s1/Qwen3-8B,MiR-455-3p -> MIR-455,1
results/tsweep_t03_s1/Qwen3-8B,PAR-1 -> F2R,1
results/tsweep_t03_s1/Qwen3-8B,PAR-2 -> F2RL1,1
results/psweep_v6full/Qwen3-8B,ET1 -> EDN1,1
results/psweep_v6full/Qwen3-8B,ETB -> EDNRB,1
results/psweep_v6full/Qwen3-8B,XOR -> XDH,1
results/psweep_v6full/Qwen3-8B,HIC5 -> TGFB1I1,1
results/psweep_v6full/Qwen3-8B,PAR2 -> F2RL1,6
results/psweep_v6full/Qwen3-8B,NEUTROPHIL ELASTASE -> ELANE,2
results/psweep_v6full/Qwen3-8B,SCLEROSTIN -> SOST,3
results/psweep_v6full/Qwen3-8B,RIP3 -> RIPK3,3
results/psweep_v6full/Qwen3-8B,MIG6 -> ERRFI1,5
results/psweep_v6full/Qwen3-8B,VEGFR3 -> FLT4,1
results/psweep_v6full/Qwen3-8B,BTZ -> CASC3,1
results/psweep_v6full/Qwen3-8B,SDF1 -> CXCL12,1
results/psweep_v6full/Qwen3-8B,CD11B -> ITGAM,2
results/psweep_v6full/Qwen3-8B,ZCCHC6 -> TUT7,1
results/psweep_v6full/Qwen3-8B,LOX1 -> OLR1,2
results/psweep_v6full/Qwen3-8B,IL17 -> IL17A,1
results/psweep_v6full/Qwen3-8B,ALK5 -> TGFBR1,1
results/psweep_v6full/Qwen3-8B,NCAM -> NCAM1,2
results/psweep_v6full/Qwen3-8B,TENASCINC -> TNC,5
results/psweep_v6full/Qwen3-8B,ERRG -> ESRRG,2
results/psweep_v6full/Qwen3-8B,IKKε -> IKBKE,6
results/psweep_v6full/Qwen3-8B,L-PGDS -> PTGDS,1
results/psweep_v6full/Qwen3-8B,CFOS -> FOS,2
results/psweep_v6full/Qwen3-8B,OPG -> TNFRSF11B,1
results/psweep_v6full/Qwen3-8B,CJUN -> JUN,1
results/psweep_v6full/Qwen3-8B,A20 -> TNFAIP3,1
results/psweep_v6full/Qwen3-8B,LUBRICIN -> PRG4,2
results/psweep_v6full/Qwen3-8B,PCAF -> KAT2B,1
results/psweep_v6full/Qwen3-8B,RSK3 -> RPS6KA2,2
results/psweep_v6full/Qwen3-8B,AKT -> AKT1,1
results/psweep_v6full/Qwen3-8B,Jmjd3 -> KDM6B,1
results/psweep_v6full/Qwen3-8B,OPN -> SPP1,2
results/psweep_v6full/Qwen3-8B,PI3K -> PIK3CA,1
results/psweep_v6full/Qwen3-8B,TDP43 -> TARDBP,1
results/psweep_v6full/Qwen3-8B,PKCδ -> PRRT2,1
results/psweep_v6full/Qwen3-8B,ATF6A -> ATF6,1
results/psweep_v6full/Qwen3-8B,NOX2 -> CYBB,2
results/psweep_v6full/Qwen3-8B,GLUT1 -> SLC2A1,3
results/psweep_v6full/Qwen3-8B,ST2 -> IL1RL1,1
results/psweep_v6full/Qwen3-8B,MIR-455-3P -> MIR-455,1
results/tsweep_t06_s1/Qwen3-8B,ET1 -> EDN1,1
results/tsweep_t06_s1/Qwen3-8B,miR-877-5p -> MIR-877,1
results/tsweep_t06_s1/Qwen3-8B,XOR -> XDH,1
results/tsweep_t06_s1/Qwen3-8B,miR-9-5p -> MIR-9,1
results/tsweep_t06_s1/Qwen3-8B,Hic-5 -> TGFB1I1,1
results/tsweep_t06_s1/Qwen3-8B,miR-10a-5p -> MIR-10A,2
results/tsweep_t06_s1/Qwen3-8B,Neutrophil elastase -> ELANE,1
results/tsweep_t06_s1/Qwen3-8B,PAR2 -> F2RL1,2
results/tsweep_t06_s1/Qwen3-8B,Rip3 -> RIPK3,2
results/tsweep_t06_s1/Qwen3-8B,ASC -> PYCARD,1
results/tsweep_t06_s1/Qwen3-8B,Rage -> AGER,1
results/tsweep_t06_s1/Qwen3-8B,CD59a -> CD59,1
results/tsweep_t06_s1/Qwen3-8B,Mig6 -> ERRFI1,2
results/tsweep_t06_s1/Qwen3-8B,SDF-1 -> CXCL12,3
results/tsweep_t06_s1/Qwen3-8B,IL1Ra -> IL1RN,1
results/tsweep_t06_s1/Qwen3-8B,VEGFR-3 -> FLT4,1
results/tsweep_t06_s1/Qwen3-8B,TGF-β -> TGFB1,1
results/tsweep_t06_s1/Qwen3-8B,Cd11b -> ITGAM,1
results/tsweep_t06_s1/Qwen3-8B,CD11b -> ITGAM,1
results/tsweep_t06_s1/Qwen3-8B,ZCCHC6 -> TUT7,1
results/tsweep_t06_s1/Qwen3-8B,LOX-1 -> OLR1,1
results/tsweep_t06_s1/Qwen3-8B,Il17 -> IL17A,1
results/tsweep_t06_s1/Qwen3-8B,Il1ra -> IL1RN,1
results/tsweep_t06_s1/Qwen3-8B,Alk5 -> TGFBR1,1
results/tsweep_t06_s1/Qwen3-8B,NCAM -> NCAM1,1
results/tsweep_t06_s1/Qwen3-8B,NF-κB -> NFKB1,1
results/tsweep_t06_s1/Qwen3-8B,Tncc -> TNC,2
results/tsweep_t06_s1/Qwen3-8B,Ob-Rb -> LEPR,1
results/tsweep_t06_s1/Qwen3-8B,Nrf2 -> NFE2L2,1
results/tsweep_t06_s1/Qwen3-8B,TNFalpha -> TNF,1
results/tsweep_t06_s1/Qwen3-8B,IKKε -> IKBKE,1
results/tsweep_t06_s1/Qwen3-8B,L-PGDS -> PTGDS,1
results/tsweep_t06_s1/Qwen3-8B,PLA2 -> PLA2G1B,1
results/tsweep_t06_s1/Qwen3-8B,Opg -> TNFRSF11B,1
results/tsweep_t06_s1/Qwen3-8B,Perf -> FABP9,1
results/tsweep_t06_s1/Qwen3-8B,A20 -> TNFAIP3,1
results/tsweep_t06_s1/Qwen3-8B,Lubricin -> PRG4,1
results/tsweep_t06_s1/Qwen3-8B,PCAF -> KAT2B,1
results/tsweep_t06_s1/Qwen3-8B,Rsk3 -> RPS6KA2,1
results/tsweep_t06_s1/Qwen3-8B,Gmcsf -> CSF2,1
results/tsweep_t06_s1/Qwen3-8B,Jmjd3 -> KDM6B,1
results/tsweep_t06_s1/Qwen3-8B,Cox2 -> PTGS2,1
results/tsweep_t06_s1/Qwen3-8B,OPN -> SPP1,1
results/tsweep_t06_s1/Qwen3-8B,TDP-43 -> TARDBP,1
results/tsweep_t06_s1/Qwen3-8B,Pkcδ -> PRRT2,1
results/tsweep_t06_s1/Qwen3-8B,Atf6α -> ATF6,1
results/tsweep_t06_s1/Qwen3-8B,miR-181a-5p -> MIR-181A,2
results/tsweep_t06_s1/Qwen3-8B,Mir18a-3p -> MIR-18A,1
results/tsweep_t06_s1/Qwen3-8B,Nox2 -> CYBB,1
results/tsweep_t06_s1/Qwen3-8B,Glut1 -> SLC2A1,2
results/tsweep_t06_s1/Qwen3-8B,miR-204-5p -> MIR-204,1
results/tsweep_t06_s1/Qwen3-8B,St2 -> IL1RL1,1
results/tsweep_t06_s1/Qwen3-8B,MiR-455-3p -> MIR-455,1
results/tsweep_t06_s1/Qwen3-8B,PAR-2 -> F2RL1,1
results/tsweep_t06_s1/Qwen3-8B,PAR-1 -> F2R,1
results/simple_36/Qwen3.6-27B,ET-1 -> EDN1,1
results/simple_36/Qwen3.6-27B,miR-877-5p -> MIR-877,1
results/simple_36/Qwen3.6-27B,Hyp -> PHEX,1
results/simple_36/Qwen3.6-27B,XOR -> XDH,1
results/simple_36/Qwen3.6-27B,miR-9-5p -> MIR-9,1
results/simple_36/Qwen3.6-27B,Hic-5 -> TGFB1I1,1
results/simple_36/Qwen3.6-27B,Adenosine A3 receptor -> ADORA3,1
results/simple_36/Qwen3.6-27B,miR-10a-5p -> MIR-10A,2
results/simple_36/Qwen3.6-27B,TNF-alpha -> TNF,1
results/simple_36/Qwen3.6-27B,Sclerostin -> SOST,3
results/simple_36/Qwen3.6-27B,Rip3 -> RIPK3,2
results/simple_36/Qwen3.6-27B,RIP3 -> RIPK3,1
results/simple_36/Qwen3.6-27B,RAGE -> AGER,1
results/simple_36/Qwen3.6-27B,S-DCs -> SDC1,1
results/simple_36/Qwen3.6-27B,CD59a -> CD59,1
results/simple_36/Qwen3.6-27B,Mig6 -> ERRFI1,1
results/simple_36/Qwen3.6-27B,SDF-1 -> CXCL12,2
results/simple_36/Qwen3.6-27B,IL1RA -> IL1RN,1
results/simple_36/Qwen3.6-27B,VEGFR3 -> FLT4,1
results/simple_36/Qwen3.6-27B,TGF-β -> TGFB1,1
results/simple_36/Qwen3.6-27B,CD11b -> ITGAM,1
results/simple_36/Qwen3.6-27B,Zcchc6 -> TUT7,1
results/simple_36/Qwen3.6-27B,LOX-1 -> OLR1,1
results/simple_36/Qwen3.6-27B,IL-17 -> IL17A,1
results/simple_36/Qwen3.6-27B,IL-1Ra -> IL1RN,1
results/simple_36/Qwen3.6-27B,Alk5 -> TGFBR1,1
results/simple_36/Qwen3.6-27B,NCAM -> NCAM1,1
results/simple_36/Qwen3.6-27B,NF-κB -> NFKB1,1
results/simple_36/Qwen3.6-27B,Ob-Rb -> LEPR,1
results/simple_36/Qwen3.6-27B,Nrf2 -> NFE2L2,1
results/simple_36/Qwen3.6-27B,IKKε -> IKBKE,1
results/simple_36/Qwen3.6-27B,L-PGDS -> PTGDS,1
results/simple_36/Qwen3.6-27B,H2 -> FGFR1,1
results/simple_36/Qwen3.6-27B,Mig-6 -> ERRFI1,1
results/simple_36/Qwen3.6-27B,c-Fos -> FOS,1
results/simple_36/Qwen3.6-27B,β-catenin -> CTNNB1,1
results/simple_36/Qwen3.6-27B,Opg -> TNFRSF11B,1
results/simple_36/Qwen3.6-27B,PAR2 -> F2RL1,2
results/simple_36/Qwen3.6-27B,Perf -> FABP9,1
results/simple_36/Qwen3.6-27B,Galectin-3 -> LGALS3,1
results/simple_36/Qwen3.6-27B,A20 -> TNFAIP3,1
results/simple_36/Qwen3.6-27B,Calcitonin -> CALCA,1
results/simple_36/Qwen3.6-27B,PCAF -> KAT2B,1
results/simple_36/Qwen3.6-27B,RSK3 -> RPS6KA2,2
results/simple_36/Qwen3.6-27B,Jmjd3 -> KDM6B,1
results/simple_36/Qwen3.6-27B,Cox2 -> PTGS2,1
results/simple_36/Qwen3.6-27B,OPN -> SPP1,1
results/simple_36/Qwen3.6-27B,p21 -> CDKN1A,1
results/simple_36/Qwen3.6-27B,TDP-43 -> TARDBP,1
results/simple_36/Qwen3.6-27B,PKCδ -> PRRT2,1
results/simple_36/Qwen3.6-27B,Atf6α -> ATF6,1
results/simple_36/Qwen3.6-27B,miR-181a-5p -> MIR-181A,2
results/simple_36/Qwen3.6-27B,miR-18a-3p -> MIR-18A,1
results/simple_36/Qwen3.6-27B,Nox2 -> CYBB,1
results/simple_36/Qwen3.6-27B,Vegf -> VEGFA,1
results/simple_36/Qwen3.6-27B,Glut1 -> SLC2A1,2
results/simple_36/Qwen3.6-27B,Tankyrase -> TNKS,2
results/simple_36/Qwen3.6-27B,miR-204-5p -> MIR-204,1
results/simple_36/Qwen3.6-27B,ST2 -> IL1RL1,1
results/simple_36/Qwen3.6-27B,miR-455-3p -> MIR-455,1
results/simple_36/Qwen3.6-27B,PAR-2 -> F2RL1,1
results/simple_36/Qwen3.6-27B,PAR-1 -> F2R,1
results/psweep_v4/Qwen3-8B,ET1 -> EDN1,1
results/psweep_v4/Qwen3-8B,miR-877-5p -> MIR-877,1
results/psweep_v4/Qwen3-8B,XOR -> XDH,1
results/psweep_v4/Qwen3-8B,miR-9-5p -> MIR-9,1
results/psweep_v4/Qwen3-8B,Hic-5 -> TGFB1I1,1
results/psweep_v4/Qwen3-8B,A3AR -> ADORA3,1
results/psweep_v4/Qwen3-8B,miR-10a-5p -> MIR-10A,2
results/psweep_v4/Qwen3-8B,PAR2 -> F2RL1,3
results/psweep_v4/Qwen3-8B,Neutrophil elastase -> ELANE,1
results/psweep_v4/Qwen3-8B,Rip3 -> RIPK3,1
results/psweep_v4/Qwen3-8B,TGF beta -> TGFB1,1
results/psweep_v4/Qwen3-8B,CD59a -> CD59,1
results/psweep_v4/Qwen3-8B,Mig6 -> ERRFI1,1
results/psweep_v4/Qwen3-8B,SDF-1 -> CXCL12,3
results/psweep_v4/Qwen3-8B,IL1RA -> IL1RN,1
results/psweep_v4/Qwen3-8B,VEGFR-3 -> FLT4,1
results/psweep_v4/Qwen3-8B,BTZ -> CASC3,1
results/psweep_v4/Qwen3-8B,TGF-β -> TGFB1,1
results/psweep_v4/Qwen3-8B,Cd11b -> ITGAM,2
results/psweep_v4/Qwen3-8B,Zcchc6 -> TUT7,1
results/psweep_v4/Qwen3-8B,Lox1 -> OLR1,1
results/psweep_v4/Qwen3-8B,Il17 -> IL17A,1
results/psweep_v4/Qwen3-8B,Alk5 -> TGFBR1,1
results/psweep_v4/Qwen3-8B,NCAM -> NCAM1,2
results/psweep_v4/Qwen3-8B,NF-κB -> NFKB1,1
results/psweep_v4/Qwen3-8B,TNF-α -> TNF,1
results/psweep_v4/Qwen3-8B,Caspase-3 -> CASP3,1
results/psweep_v4/Qwen3-8B,Ob-Rb -> LEPR,1
results/psweep_v4/Qwen3-8B,Del1 -> EDIL3,1
results/psweep_v4/Qwen3-8B,Nrf2 -> NFE2L2,1
results/psweep_v4/Qwen3-8B,IKKε -> IKBKE,1
results/psweep_v4/Qwen3-8B,L-PGDS -> PTGDS,1
results/psweep_v4/Qwen3-8B,JNK -> MAPK8,1
results/psweep_v4/Qwen3-8B,Mig-6 -> ERRFI1,1
results/psweep_v4/Qwen3-8B,c-Fos -> FOS,1
results/psweep_v4/Qwen3-8B,Bcat -> BLNK,1
results/psweep_v4/Qwen3-8B,Opg -> TNFRSF11B,1
results/psweep_v4/Qwen3-8B,A20 -> TNFAIP3,1
results/psweep_v4/Qwen3-8B,Lubricin -> PRG4,2
results/psweep_v4/Qwen3-8B,PCAF -> KAT2B,1
results/psweep_v4/Qwen3-8B,Rsk3 -> RPS6KA2,2
results/psweep_v4/Qwen3-8B,Gmcsf -> CSF2,1
results/psweep_v4/Qwen3-8B,p38α/β -> MAPK14,2
results/psweep_v4/Qwen3-8B,OPN -> SPP1,1
results/psweep_v4/Qwen3-8B,p21 -> CDKN1A,1
results/psweep_v4/Qwen3-8B,TDP-43 -> TARDBP,1
results/psweep_v4/Qwen3-8B,Pkcd -> PRRT2,1
results/psweep_v4/Qwen3-8B,Atf6α -> ATF6,1
results/psweep_v4/Qwen3-8B,miR-181a-5p -> MIR-181A,2
results/psweep_v4/Qwen3-8B,MiR-18a-3p -> MIR-18A,1
results/psweep_v4/Qwen3-8B,Nox2 -> CYBB,1
results/psweep_v4/Qwen3-8B,Glut1 -> SLC2A1,3
results/psweep_v4/Qwen3-8B,Tankyrase -> TNKS,1
results/psweep_v4/Qwen3-8B,miR-204-5p -> MIR-204,1
results/psweep_v4/Qwen3-8B,St2 -> IL1RL1,1
results/psweep_v4/Qwen3-8B,Akt -> AKT1,1
results/psweep_v4/Qwen3-8B,PAR-2 -> F2RL1,1
results/psweep_v4/Qwen3-8B,PAR-1 -> F2R,1
results/magi_think_v3/Magistral-Small-2509,Et1 -> EDN1,1
results/magi_think_v3/Magistral-Small-2509,miR-877-5p -> MIR-877,1
results/magi_think_v3/Magistral-Small-2509,XOR -> XDH,1
results/magi_think_v3/Magistral-Small-2509,miR-9-5p -> MIR-9,1
results/magi_think_v3/Magistral-Small-2509,Hic-5 -> TGFB1I1,1
results/magi_think_v3/Magistral-Small-2509,miR-10a-5p -> MIR-10A,2
results/magi_think_v3/Magistral-Small-2509,Sclerostin -> SOST,3
results/magi_think_v3/Magistral-Small-2509,Rip3 -> RIPK3,2
results/magi_think_v3/Magistral-Small-2509,RAGE -> AGER,1
results/magi_think_v3/Magistral-Small-2509,Cd59a -> CD59,1
results/magi_think_v3/Magistral-Small-2509,Mig6 -> ERRFI1,2
results/magi_think_v3/Magistral-Small-2509,Sdf1 -> CXCL12,1
results/magi_think_v3/Magistral-Small-2509,Tgfb -> TGFB1,1
results/magi_think_v3/Magistral-Small-2509,CD11b -> ITGAM,1
results/magi_think_v3/Magistral-Small-2509,Zcchc6 -> TUT7,1
results/magi_think_v3/Magistral-Small-2509,LOX-1 -> OLR1,1
results/magi_think_v3/Magistral-Small-2509,Il17 -> IL17A,1
results/magi_think_v3/Magistral-Small-2509,Alk5 -> TGFBR1,1
results/magi_think_v3/Magistral-Small-2509,Ncam -> NCAM1,1
results/magi_think_v3/Magistral-Small-2509,Nfkb -> NFKB1,1
results/magi_think_v3/Magistral-Small-2509,Ob-Rb -> LEPR,1
results/magi_think_v3/Magistral-Small-2509,Nrf2 -> NFE2L2,1
results/magi_think_v3/Magistral-Small-2509,HDAC -> HDAC9,1
results/magi_think_v3/Magistral-Small-2509,IKKε -> IKBKE,1
results/magi_think_v3/Magistral-Small-2509,L-PGDS -> PTGDS,1
results/magi_think_v3/Magistral-Small-2509,JNK -> MAPK8,1
results/magi_think_v3/Magistral-Small-2509,Mig-6 -> ERRFI1,1
results/magi_think_v3/Magistral-Small-2509,β-catenin -> CTNNB1,1
results/magi_think_v3/Magistral-Small-2509,Opg -> TNFRSF11B,1
results/magi_think_v3/Magistral-Small-2509,PAR2 -> F2RL1,2
results/magi_think_v3/Magistral-Small-2509,A20 -> TNFAIP3,1
results/magi_think_v3/Magistral-Small-2509,Calcitonin -> CALCA,1
results/magi_think_v3/Magistral-Small-2509,Jmjd3 -> KDM6B,1
results/magi_think_v3/Magistral-Small-2509,PI3K -> PIK3CA,1
results/magi_think_v3/Magistral-Small-2509,p21 -> CDKN1A,1
results/magi_think_v3/Magistral-Small-2509,TDP-43 -> TARDBP,1
results/magi_think_v3/Magistral-Small-2509,PKCδ -> PRRT2,1
results/magi_think_v3/Magistral-Small-2509,miR-181a-5p -> MIR-181A,2
results/magi_think_v3/Magistral-Small-2509,miR-18a-3p -> MIR-18A,1
results/magi_think_v3/Magistral-Small-2509,Nox2 -> CYBB,1
results/magi_think_v3/Magistral-Small-2509,Glut1 -> SLC2A1,2
results/magi_think_v3/Magistral-Small-2509,miR-204-5p -> MIR-204,1
results/magi_think_v3/Magistral-Small-2509,ST2 -> IL1RL1,1
results/magi_think_v3/Magistral-Small-2509,miR-455-3p -> MIR-455,1
results/magi_think_v3/Magistral-Small-2509,PAR-2 -> F2RL1,1
results/magi_think_v3/Magistral-Small-2509,PAR-1 -> F2R,1
results/tsweep_t03_s3/Qwen3-8B,ET1 -> EDN1,1
results/tsweep_t03_s3/Qwen3-8B,miR-877-5p -> MIR-877,1
results/tsweep_t03_s3/Qwen3-8B,Xor -> XDH,1
results/tsweep_t03_s3/Qwen3-8B,miR-9-5p -> MIR-9,1
results/tsweep_t03_s3/Qwen3-8B,Hic-5 -> TGFB1I1,1
results/tsweep_t03_s3/Qwen3-8B,miR-10a-5p -> MIR-10A,2
results/tsweep_t03_s3/Qwen3-8B,Neutrophil elastase -> ELANE,1
results/tsweep_t03_s3/Qwen3-8B,PAR2 -> F2RL1,3
results/tsweep_t03_s3/Qwen3-8B,TNF-alpha -> TNF,1
results/tsweep_t03_s3/Qwen3-8B,Rip3 -> RIPK3,2
results/tsweep_t03_s3/Qwen3-8B,TGF beta -> TGFB1,1
results/tsweep_t03_s3/Qwen3-8B,Rage -> AGER,1
results/tsweep_t03_s3/Qwen3-8B,CD59a -> CD59,1
results/tsweep_t03_s3/Qwen3-8B,Mig6 -> ERRFI1,2
results/tsweep_t03_s3/Qwen3-8B,SDF-1 -> CXCL12,2
results/tsweep_t03_s3/Qwen3-8B,Il1ra -> IL1RN,2
results/tsweep_t03_s3/Qwen3-8B,Sdf1 -> CXCL12,1
results/tsweep_t03_s3/Qwen3-8B,TGF-β -> TGFB1,1
results/tsweep_t03_s3/Qwen3-8B,Cd11b -> ITGAM,1
results/tsweep_t03_s3/Qwen3-8B,ZCCHC6 -> TUT7,1
results/tsweep_t03_s3/Qwen3-8B,LOX-1 -> OLR1,1
results/tsweep_t03_s3/Qwen3-8B,Il17 -> IL17A,1
results/tsweep_t03_s3/Qwen3-8B,Alk5 -> TGFBR1,1
results/tsweep_t03_s3/Qwen3-8B,NCAM -> NCAM1,1
results/tsweep_t03_s3/Qwen3-8B,NF-κB -> NFKB1,2
results/tsweep_t03_s3/Qwen3-8B,Ob-Rb -> LEPR,1
results/tsweep_t03_s3/Qwen3-8B,Nrf2 -> NFE2L2,1
results/tsweep_t03_s3/Qwen3-8B,Tnfa -> TNF,1
results/tsweep_t03_s3/Qwen3-8B,IKKε -> IKBKE,1
results/tsweep_t03_s3/Qwen3-8B,L-PGDS -> PTGDS,1
results/tsweep_t03_s3/Qwen3-8B,JNK -> MAPK8,1
results/tsweep_t03_s3/Qwen3-8B,c-Fos -> FOS,1
results/tsweep_t03_s3/Qwen3-8B,Opg -> TNFRSF11B,1
results/tsweep_t03_s3/Qwen3-8B,Perf -> FABP9,1
results/tsweep_t03_s3/Qwen3-8B,A20 -> TNFAIP3,1
results/tsweep_t03_s3/Qwen3-8B,PCAF -> KAT2B,1
results/tsweep_t03_s3/Qwen3-8B,Rsk3 -> RPS6KA2,2
results/tsweep_t03_s3/Qwen3-8B,Gmcsf -> CSF2,1
results/tsweep_t03_s3/Qwen3-8B,Jmjd3 -> KDM6B,1
results/tsweep_t03_s3/Qwen3-8B,Cox2 -> PTGS2,1
results/tsweep_t03_s3/Qwen3-8B,OPN -> SPP1,1
results/tsweep_t03_s3/Qwen3-8B,p21 -> CDKN1A,1
results/tsweep_t03_s3/Qwen3-8B,TDP-43 -> TARDBP,1
results/tsweep_t03_s3/Qwen3-8B,Pkcδ -> PRRT2,1
results/tsweep_t03_s3/Qwen3-8B,Atf6α -> ATF6,1
results/tsweep_t03_s3/Qwen3-8B,miR-18a-3p -> MIR-18A,1
results/tsweep_t03_s3/Qwen3-8B,Nox2 -> CYBB,1
results/tsweep_t03_s3/Qwen3-8B,VEGF -> VEGFA,1
results/tsweep_t03_s3/Qwen3-8B,Glut1 -> SLC2A1,2
results/tsweep_t03_s3/Qwen3-8B,Tankyrase -> TNKS,1
results/tsweep_t03_s3/Qwen3-8B,miR-204-5p -> MIR-204,1
results/tsweep_t03_s3/Qwen3-8B,St2 -> IL1RL1,1
results/tsweep_t03_s3/Qwen3-8B,MiR-455-3p -> MIR-455,1
results/tsweep_t03_s3/Qwen3-8B,HIF-2α -> EPAS1,1
results/tsweep_t03_s3/Qwen3-8B,PAR-1 -> F2R,1
results/tsweep_t03_s3/Qwen3-8B,PAR-2 -> F2RL1,1
results/tsweep_t09_s1/Qwen3-8B,ET-1 -> EDN1,1
results/tsweep_t09_s1/Qwen3-8B,miR-877-5p -> MIR-877,1
results/tsweep_t09_s1/Qwen3-8B,XOR -> XDH,1
results/tsweep_t09_s1/Qwen3-8B,miR-9-5p -> MIR-9,1
results/tsweep_t09_s1/Qwen3-8B,Hic-5 -> TGFB1I1,1
results/tsweep_t09_s1/Qwen3-8B,miR-10a-5p -> MIR-10A,2
results/tsweep_t09_s1/Qwen3-8B,Neutrophil elastase -> ELANE,1
results/tsweep_t09_s1/Qwen3-8B,PAR2 -> F2RL1,2
results/tsweep_t09_s1/Qwen3-8B,TNF-alpha -> TNF,1
results/tsweep_t09_s1/Qwen3-8B,Rip3 -> RIPK3,2
results/tsweep_t09_s1/Qwen3-8B,Rage -> AGER,1
results/tsweep_t09_s1/Qwen3-8B,CD59a -> CD59,1
results/tsweep_t09_s1/Qwen3-8B,Mig6 -> ERRFI1,2
results/tsweep_t09_s1/Qwen3-8B,SDF-1 -> CXCL12,2
results/tsweep_t09_s1/Qwen3-8B,IL1RA -> IL1RN,1
results/tsweep_t09_s1/Qwen3-8B,TGF-β -> TGFB1,1
results/tsweep_t09_s1/Qwen3-8B,Cd11b -> ITGAM,1
results/tsweep_t09_s1/Qwen3-8B,ZCCHC6 -> TUT7,1
results/tsweep_t09_s1/Qwen3-8B,LOX-1 -> OLR1,1
results/tsweep_t09_s1/Qwen3-8B,Il1ra -> IL1RN,1
results/tsweep_t09_s1/Qwen3-8B,Il17 -> IL17A,1
results/tsweep_t09_s1/Qwen3-8B,Alk5 -> TGFBR1,1
results/tsweep_t09_s1/Qwen3-8B,NCAM -> NCAM1,2
results/tsweep_t09_s1/Qwen3-8B,NF-κB -> NFKB1,1
results/tsweep_t09_s1/Qwen3-8B,Ob-Rb -> LEPR,1
results/tsweep_t09_s1/Qwen3-8B,Nrf2 -> NFE2L2,1
results/tsweep_t09_s1/Qwen3-8B,IKKε -> IKBKE,1
results/tsweep_t09_s1/Qwen3-8B,L-PGDS -> PTGDS,1
results/tsweep_t09_s1/Qwen3-8B,PLA2 -> PLA2G1B,1
results/tsweep_t09_s1/Qwen3-8B,Cfos -> FOS,1
results/tsweep_t09_s1/Qwen3-8B,Opg -> TNFRSF11B,1
results/tsweep_t09_s1/Qwen3-8B,Perforin -> PRF1,1
results/tsweep_t09_s1/Qwen3-8B,A20 -> TNFAIP3,1
results/tsweep_t09_s1/Qwen3-8B,PCAF -> KAT2B,1
results/tsweep_t09_s1/Qwen3-8B,Rsk3 -> RPS6KA2,2
results/tsweep_t09_s1/Qwen3-8B,Gmcsf -> CSF2,1
results/tsweep_t09_s1/Qwen3-8B,Jmjd3 -> KDM6B,1
results/tsweep_t09_s1/Qwen3-8B,Cox2 -> PTGS2,1
results/tsweep_t09_s1/Qwen3-8B,OPN -> SPP1,1
results/tsweep_t09_s1/Qwen3-8B,p21 -> CDKN1A,1
results/tsweep_t09_s1/Qwen3-8B,TDP-43 -> TARDBP,1
results/tsweep_t09_s1/Qwen3-8B,PKCδ -> PRRT2,1
results/tsweep_t09_s1/Qwen3-8B,Atf6α -> ATF6,1
results/tsweep_t09_s1/Qwen3-8B,miR-181a-5p -> MIR-181A,2
results/tsweep_t09_s1/Qwen3-8B,MiR-18a-3p -> MIR-18A,1
results/tsweep_t09_s1/Qwen3-8B,Nox2 -> CYBB,1
results/tsweep_t09_s1/Qwen3-8B,Glut1 -> SLC2A1,2
results/tsweep_t09_s1/Qwen3-8B,Tankyrase -> TNKS,1
results/tsweep_t09_s1/Qwen3-8B,miR-204-5p -> MIR-204,1
results/tsweep_t09_s1/Qwen3-8B,MiR-455-3p -> MIR-455,1
results/tsweep_t09_s1/Qwen3-8B,PAR-2 -> F2RL1,1
results/tsweep_t09_s1/Qwen3-8B,PAR-1 -> F2R,1
results/q8b_think_v6full/Qwen3-8B,XOR -> XDH,1
results/q8b_think_v6full/Qwen3-8B,HIC5 -> TGFB1I1,1
results/q8b_think_v6full/Qwen3-8B,NEUTROPHIL ELASTASE -> ELANE,1
results/q8b_think_v6full/Qwen3-8B,PAR2 -> F2RL1,5
results/q8b_think_v6full/Qwen3-8B,SCLEROSTIN -> SOST,4
results/q8b_think_v6full/Qwen3-8B,RIP3 -> RIPK3,3
results/q8b_think_v6full/Qwen3-8B,RAGE -> AGER,1
results/q8b_think_v6full/Qwen3-8B,MIG6 -> ERRFI1,2
results/q8b_think_v6full/Qwen3-8B,IL1RA -> IL1RN,2
results/q8b_think_v6full/Qwen3-8B,VEGFR3 -> FLT4,1
results/q8b_think_v6full/Qwen3-8B,SDF1 -> CXCL12,2
results/q8b_think_v6full/Qwen3-8B,TGFB -> TGFB1,1
results/q8b_think_v6full/Qwen3-8B,CD11B -> ITGAM,1
results/q8b_think_v6full/Qwen3-8B,ZCCHC6 -> TUT7,1
results/q8b_think_v6full/Qwen3-8B,LOX1 -> OLR1,1
results/q8b_think_v6full/Qwen3-8B,IL17 -> IL17A,1
results/q8b_think_v6full/Qwen3-8B,ALK5 -> TGFBR1,1
results/q8b_think_v6full/Qwen3-8B,NCAM -> NCAM1,2
results/q8b_think_v6full/Qwen3-8B,TENASCINC -> TNC,2
results/q8b_think_v6full/Qwen3-8B,NRF2 -> NFE2L2,1
results/q8b_think_v6full/Qwen3-8B,LPGDS -> PTGDS,1
results/q8b_think_v6full/Qwen3-8B,BETACATENIN -> CTNNB1,1
results/q8b_think_v6full/Qwen3-8B,OPG -> TNFRSF11B,1
results/q8b_think_v6full/Qwen3-8B,PERF -> FABP9,1
results/q8b_think_v6full/Qwen3-8B,GALECTIN3 -> LGALS3,1
results/q8b_think_v6full/Qwen3-8B,A20 -> TNFAIP3,1
results/q8b_think_v6full/Qwen3-8B,LUBRICIN -> PRG4,1
results/q8b_think_v6full/Qwen3-8B,PCAF -> KAT2B,1
results/q8b_think_v6full/Qwen3-8B,RSK3 -> RPS6KA2,2
results/q8b_think_v6full/Qwen3-8B,GM-CSF -> CSF2,1
results/q8b_think_v6full/Qwen3-8B,JMJD3 -> KDM6B,1
results/q8b_think_v6full/Qwen3-8B,OPN -> SPP1,1
results/q8b_think_v6full/Qwen3-8B,P21 -> CDKN1A,1
results/q8b_think_v6full/Qwen3-8B,TDP43 -> TARDBP,1
results/q8b_think_v6full/Qwen3-8B,NOX2 -> CYBB,1
results/q8b_think_v6full/Qwen3-8B,GLUT1 -> SLC2A1,2
results/q8b_think_v6full/Qwen3-8B,ST2 -> IL1RL1,1
results/q8b_think_v6full/Qwen3-8B,MIR-455-3P -> MIR-455,1
results/q8b_think_v6full/Qwen3-8B,PAR1 -> F2R,1
results/tsweep_t06_s2/Qwen3-8B,ET1 -> EDN1,1
results/tsweep_t06_s2/Qwen3-8B,miR-877-5p -> MIR-877,1
results/tsweep_t06_s2/Qwen3-8B,Xor -> XDH,1
results/tsweep_t06_s2/Qwen3-8B,miR-9-5p -> MIR-9,1
results/tsweep_t06_s2/Qwen3-8B,Hic-5 -> TGFB1I1,1
results/tsweep_t06_s2/Qwen3-8B,miR-10a-5p -> MIR-10A,2
results/tsweep_t06_s2/Qwen3-8B,Neutrophil elastase -> ELANE,1
results/tsweep_t06_s2/Qwen3-8B,PAR2 -> F2RL1,3
results/tsweep_t06_s2/Qwen3-8B,Rip3 -> RIPK3,2
results/tsweep_t06_s2/Qwen3-8B,Rage -> AGER,1
results/tsweep_t06_s2/Qwen3-8B,CD59a -> CD59,1
results/tsweep_t06_s2/Qwen3-8B,Mig6 -> ERRFI1,3
results/tsweep_t06_s2/Qwen3-8B,SDF-1 -> CXCL12,2
results/tsweep_t06_s2/Qwen3-8B,Il1ra -> IL1RN,2
results/tsweep_t06_s2/Qwen3-8B,TGF-β -> TGFB1,1
results/tsweep_t06_s2/Qwen3-8B,Cd11b -> ITGAM,1
results/tsweep_t06_s2/Qwen3-8B,ZCCHC6 -> TUT7,1
results/tsweep_t06_s2/Qwen3-8B,Lox1 -> OLR1,1
results/tsweep_t06_s2/Qwen3-8B,Il17 -> IL17A,1
results/tsweep_t06_s2/Qwen3-8B,Alk5 -> TGFBR1,1
results/tsweep_t06_s2/Qwen3-8B,NCAM -> NCAM1,1
results/tsweep_t06_s2/Qwen3-8B,NF-κB -> NFKB1,1
results/tsweep_t06_s2/Qwen3-8B,Ob-Rb -> LEPR,1
results/tsweep_t06_s2/Qwen3-8B,Del1 -> EDIL3,1
results/tsweep_t06_s2/Qwen3-8B,Nrf2 -> NFE2L2,1
results/tsweep_t06_s2/Qwen3-8B,IKKε -> IKBKE,1
results/tsweep_t06_s2/Qwen3-8B,L-PGDS -> PTGDS,1
results/tsweep_t06_s2/Qwen3-8B,PLA2 -> PLA2G1B,1
results/tsweep_t06_s2/Qwen3-8B,c-Fos -> FOS,1
results/tsweep_t06_s2/Qwen3-8B,Opg -> TNFRSF11B,1
results/tsweep_t06_s2/Qwen3-8B,Perf -> FABP9,1
results/tsweep_t06_s2/Qwen3-8B,A20 -> TNFAIP3,1
results/tsweep_t06_s2/Qwen3-8B,PCAF -> KAT2B,1
results/tsweep_t06_s2/Qwen3-8B,RSK3 -> RPS6KA2,2
results/tsweep_t06_s2/Qwen3-8B,Gmcsf -> CSF2,1
results/tsweep_t06_s2/Qwen3-8B,Jmjd3 -> KDM6B,1
results/tsweep_t06_s2/Qwen3-8B,COX2 -> PTGS2,1
results/tsweep_t06_s2/Qwen3-8B,OPN -> SPP1,1
results/tsweep_t06_s2/Qwen3-8B,p21 -> CDKN1A,1
results/tsweep_t06_s2/Qwen3-8B,TDP-43 -> TARDBP,1
results/tsweep_t06_s2/Qwen3-8B,Pkcδ -> PRRT2,1
results/tsweep_t06_s2/Qwen3-8B,Atf6α -> ATF6,1
results/tsweep_t06_s2/Qwen3-8B,miR-181a-5p -> MIR-181A,2
results/tsweep_t06_s2/Qwen3-8B,MiR-18a-3p -> MIR-18A,1
results/tsweep_t06_s2/Qwen3-8B,Nox2 -> CYBB,1
results/tsweep_t06_s2/Qwen3-8B,Glut1 -> SLC2A1,2
results/tsweep_t06_s2/Qwen3-8B,Tankyrase -> TNKS,1
results/tsweep_t06_s2/Qwen3-8B,miR-204-5p -> MIR-204,1
results/tsweep_t06_s2/Qwen3-8B,MiR-455-3p -> MIR-455,1
results/tsweep_t06_s2/Qwen3-8B,PAR-1 -> F2R,1
results/tsweep_t06_s2/Qwen3-8B,PAR-2 -> F2RL1,1
results/qwen36_full/Qwen3.6-27B,ET-1 -> EDN1,1
results/qwen36_full/Qwen3.6-27B,miR-877-5p -> MIR-877,1
results/qwen36_full/Qwen3.6-27B,XOR -> XDH,1
results/qwen36_full/Qwen3.6-27B,miR-9-5p -> MIR-9,1
results/qwen36_full/Qwen3.6-27B,Hic-5 -> TGFB1I1,1
results/qwen36_full/Qwen3.6-27B,Adenosine A3 receptor -> ADORA3,1
results/qwen36_full/Qwen3.6-27B,miR-10a-5p -> MIR-10A,2
results/qwen36_full/Qwen3.6-27B,Par2 -> F2RL1,1
results/qwen36_full/Qwen3.6-27B,TNF-alpha -> TNF,1
results/qwen36_full/Qwen3.6-27B,Rip3 -> RIPK3,2
results/qwen36_full/Qwen3.6-27B,RIP3 -> RIPK3,1
results/qwen36_full/Qwen3.6-27B,CD59a -> CD59,1
results/qwen36_full/Qwen3.6-27B,Mig6 -> ERRFI1,1
results/qwen36_full/Qwen3.6-27B,SDF-1 -> CXCL12,1
results/qwen36_full/Qwen3.6-27B,IL1R -> IL1R1,1
results/qwen36_full/Qwen3.6-27B,VEGFR-3 -> FLT4,1
results/qwen36_full/Qwen3.6-27B,TGF-β -> TGFB1,1
results/qwen36_full/Qwen3.6-27B,CD11b -> ITGAM,1
results/qwen36_full/Qwen3.6-27B,Zcchc6 -> TUT7,1
results/qwen36_full/Qwen3.6-27B,LOX-1 -> OLR1,1
results/qwen36_full/Qwen3.6-27B,Il17 -> IL17A,1
results/qwen36_full/Qwen3.6-27B,Il1rn -> IL1RN,1
results/qwen36_full/Qwen3.6-27B,Alk5 -> TGFBR1,1
results/qwen36_full/Qwen3.6-27B,NCAM -> NCAM1,2
results/qwen36_full/Qwen3.6-27B,NF-κB -> NFKB1,1
results/qwen36_full/Qwen3.6-27B,Ob-Rb -> LEPR,1
results/qwen36_full/Qwen3.6-27B,Nrf2 -> NFE2L2,1
results/qwen36_full/Qwen3.6-27B,HDAC -> HDAC9,1
results/qwen36_full/Qwen3.6-27B,OSM -> OSM,1
results/qwen36_full/Qwen3.6-27B,TNFalpha -> TNF,1
results/qwen36_full/Qwen3.6-27B,L-PGDS -> PTGDS,1
results/qwen36_full/Qwen3.6-27B,JNK -> MAPK8,1
results/qwen36_full/Qwen3.6-27B,Mig-6 -> ERRFI1,1
results/qwen36_full/Qwen3.6-27B,FoxO1 -> FOXO1,7
results/qwen36_full/Qwen3.6-27B,FoxO3 -> FOXO3,7
results/qwen36_full/Qwen3.6-27B,FoxO4 -> FOXO4,7
results/qwen36_full/Qwen3.6-27B,Opg -> TNFRSF11B,1
results/qwen36_full/Qwen3.6-27B,PAR2 -> F2RL1,2
results/qwen36_full/Qwen3.6-27B,Ccl2 -> CCL2,1
results/qwen36_full/Qwen3.6-27B,Ccr2 -> CCR2,1
results/qwen36_full/Qwen3.6-27B,Lum -> LUM,1
results/qwen36_full/Qwen3.6-27B,Fmod -> FMOD,1
results/qwen36_full/Qwen3.6-27B,Perf -> FABP9,1
results/qwen36_full/Qwen3.6-27B,Galectin-3 -> LGALS3,1
results/qwen36_full/Qwen3.6-27B,A20 -> TNFAIP3,1
results/qwen36_full/Qwen3.6-27B,5-LOX -> ALOX5,1
results/qwen36_full/Qwen3.6-27B,Calcitonin -> CALCA,1
results/qwen36_full/Qwen3.6-27B,PCAF -> KAT2B,1
results/qwen36_full/Qwen3.6-27B,RSK-3 -> RPS6KA2,2
results/qwen36_full/Qwen3.6-27B,Jmjd3 -> KDM6B,1
results/qwen36_full/Qwen3.6-27B,OPN -> SPP1,1
results/qwen36_full/Qwen3.6-27B,Cathepsin K -> CTSK,2
results/qwen36_full/Qwen3.6-27B,TDP-43 -> TARDBP,1
results/qwen36_full/Qwen3.6-27B,PKCδ -> PRRT2,1
results/qwen36_full/Qwen3.6-27B,Atf6a -> ATF6,1
results/qwen36_full/Qwen3.6-27B,miR-181a-5p -> MIR-181A,2
results/qwen36_full/Qwen3.6-27B,miR-18a-3p -> MIR-18A,1
results/qwen36_full/Qwen3.6-27B,Nox2 -> CYBB,1
results/qwen36_full/Qwen3.6-27B,sFlt-1 -> SFLT1,1
results/qwen36_full/Qwen3.6-27B,BMP-4 -> BMP4,1
results/qwen36_full/Qwen3.6-27B,Glut1 -> SLC2A1,2
results/qwen36_full/Qwen3.6-27B,Tankyrase -> TNKS,1
results/qwen36_full/Qwen3.6-27B,Chondroitin sulfate -> CHONDROITINSULFATE,2
results/qwen36_full/Qwen3.6-27B,Glucosamine sulfate -> GLUCOSAMINESULFATE,1
results/qwen36_full/Qwen3.6-27B,Glucosamine hydrochloride -> GLUCOSAMINEHYDROCHLORIDE,1
results/qwen36_full/Qwen3.6-27B,miR-204-5p -> MIR-204,1
results/qwen36_full/Qwen3.6-27B,ST2 -> IL1RL1,1
results/qwen36_full/Qwen3.6-27B,miR-455-3p -> MIR-455,1
results/qwen36_full/Qwen3.6-27B,Adamts4 -> ADAMTS4,1
results/qwen36_full/Qwen3.6-27B,Adamts5 -> ADAMTS5,1
results/qwen36_full/Qwen3.6-27B,PAR-1 -> F2R,1
results/qwen36_full/Qwen3.6-27B,PAR-2 -> F2RL1,1
results/tsweep_t12_s2/Qwen3-8B,ET1 -> EDN1,1
results/tsweep_t12_s2/Qwen3-8B,miR-877-5p -> MIR-877,1
results/tsweep_t12_s2/Qwen3-8B,XOR -> XDH,1
results/tsweep_t12_s2/Qwen3-8B,miR-9-5p -> MIR-9,1
results/tsweep_t12_s2/Qwen3-8B,Hic-5 -> TGFB1I1,1
results/tsweep_t12_s2/Qwen3-8B,miR-10a-5p -> MIR-10A,2
results/tsweep_t12_s2/Qwen3-8B,Neutrophil Elastase -> ELANE,1
results/tsweep_t12_s2/Qwen3-8B,PAR2 -> F2RL1,3
results/tsweep_t12_s2/Qwen3-8B,Rip3 -> RIPK3,3
results/tsweep_t12_s2/Qwen3-8B,Rage -> AGER,1
results/tsweep_t12_s2/Qwen3-8B,CD59a -> CD59,1
results/tsweep_t12_s2/Qwen3-8B,Mig6 -> ERRFI1,2
results/tsweep_t12_s2/Qwen3-8B,SDF-1 -> CXCL12,1
results/tsweep_t12_s2/Qwen3-8B,Il1ra -> IL1RN,1
results/tsweep_t12_s2/Qwen3-8B,Sdf1 -> CXCL12,1
results/tsweep_t12_s2/Qwen3-8B,TGF-β -> TGFB1,1
results/tsweep_t12_s2/Qwen3-8B,ZCCHC6 -> TUT7,1
results/tsweep_t12_s2/Qwen3-8B,LOX-1 -> OLR1,1
results/tsweep_t12_s2/Qwen3-8B,Il17 -> IL17A,1
results/tsweep_t12_s2/Qwen3-8B,Alk5 -> TGFBR1,1
results/tsweep_t12_s2/Qwen3-8B,NCAM -> NCAM1,1
results/tsweep_t12_s2/Qwen3-8B,NF-κB -> NFKB1,1
results/tsweep_t12_s2/Qwen3-8B,Tncc -> TNC,2
results/tsweep_t12_s2/Qwen3-8B,Ob-Rb -> LEPR,1
results/tsweep_t12_s2/Qwen3-8B,Nrf2 -> NFE2L2,1
results/tsweep_t12_s2/Qwen3-8B,IKKε -> IKBKE,1
results/tsweep_t12_s2/Qwen3-8B,L-PGDS -> PTGDS,1
results/tsweep_t12_s2/Qwen3-8B,Opg -> TNFRSF11B,1
results/tsweep_t12_s2/Qwen3-8B,Perf -> FABP9,1
results/tsweep_t12_s2/Qwen3-8B,A20 -> TNFAIP3,1
results/tsweep_t12_s2/Qwen3-8B,PCAF -> KAT2B,1
results/tsweep_t12_s2/Qwen3-8B,Rsk3 -> RPS6KA2,2
results/tsweep_t12_s2/Qwen3-8B,Gmcsf -> CSF2,1
results/tsweep_t12_s2/Qwen3-8B,Jmjd3 -> KDM6B,1
results/tsweep_t12_s2/Qwen3-8B,Cox2 -> PTGS2,1
results/tsweep_t12_s2/Qwen3-8B,p21 -> CDKN1A,1
results/tsweep_t12_s2/Qwen3-8B,TDP-43 -> TARDBP,1
results/tsweep_t12_s2/Qwen3-8B,Pkcδ -> PRRT2,1
results/tsweep_t12_s2/Qwen3-8B,Atf6α -> ATF6,1
results/tsweep_t12_s2/Qwen3-8B,miR-181a-5p -> MIR-181A,2
results/tsweep_t12_s2/Qwen3-8B,miR-18a-3p -> MIR-18A,1
results/tsweep_t12_s2/Qwen3-8B,Nox2 -> CYBB,1
results/tsweep_t12_s2/Qwen3-8B,Glut1 -> SLC2A1,2
results/tsweep_t12_s2/Qwen3-8B,Tankyrase -> TNKS,1
results/tsweep_t12_s2/Qwen3-8B,miR-204-5p -> MIR-204,1
results/tsweep_t12_s2/Qwen3-8B,St2 -> IL1RL1,1
results/tsweep_t12_s2/Qwen3-8B,Mir455-3p -> MIR-455,1
results/tsweep_t12_s2/Qwen3-8B,PAR-1 -> F2R,1
results/tsweep_t12_s2/Qwen3-8B,PAR-2 -> F2RL1,1
results/tsweep_t06_s3/Qwen3-8B,ET-1 -> EDN1,1
results/tsweep_t06_s3/Qwen3-8B,XOR -> XDH,1
results/tsweep_t06_s3/Qwen3-8B,miR-9-5p -> MIR-9,1
results/tsweep_t06_s3/Qwen3-8B,Hic-5 -> TGFB1I1,1
results/tsweep_t06_s3/Qwen3-8B,miR-10a-5p -> MIR-10A,2
results/tsweep_t06_s3/Qwen3-8B,Par2 -> F2RL1,1
results/tsweep_t06_s3/Qwen3-8B,Neutrophil elastase -> ELANE,1
results/tsweep_t06_s3/Qwen3-8B,Rip3 -> RIPK3,2
results/tsweep_t06_s3/Qwen3-8B,TGF beta -> TGFB1,1
results/tsweep_t06_s3/Qwen3-8B,RAGE -> AGER,1
results/tsweep_t06_s3/Qwen3-8B,CD59a -> CD59,1
results/tsweep_t06_s3/Qwen3-8B,Mig6 -> ERRFI1,2
results/tsweep_t06_s3/Qwen3-8B,SDF-1 -> CXCL12,1
results/tsweep_t06_s3/Qwen3-8B,Il1ra -> IL1RN,2
results/tsweep_t06_s3/Qwen3-8B,Sdf1 -> CXCL12,1
results/tsweep_t06_s3/Qwen3-8B,TGF-β -> TGFB1,1
results/tsweep_t06_s3/Qwen3-8B,Cd11b -> ITGAM,1
results/tsweep_t06_s3/Qwen3-8B,Zcchc6 -> TUT7,1
results/tsweep_t06_s3/Qwen3-8B,LOX1 -> OLR1,1
results/tsweep_t06_s3/Qwen3-8B,Il17 -> IL17A,1
results/tsweep_t06_s3/Qwen3-8B,Alk5 -> TGFBR1,1
results/tsweep_t06_s3/Qwen3-8B,NCAM -> NCAM1,1
results/tsweep_t06_s3/Qwen3-8B,NF-κB -> NFKB1,1
results/tsweep_t06_s3/Qwen3-8B,Ob-Rb -> LEPR,1
results/tsweep_t06_s3/Qwen3-8B,Nrf2 -> NFE2L2,1
results/tsweep_t06_s3/Qwen3-8B,IKKε -> IKBKE,1
results/tsweep_t06_s3/Qwen3-8B,L-PGDS -> PTGDS,1
results/tsweep_t06_s3/Qwen3-8B,Bcat -> BLNK,1
results/tsweep_t06_s3/Qwen3-8B,Opg -> TNFRSF11B,1
results/tsweep_t06_s3/Qwen3-8B,PAR2 -> F2RL1,2
results/tsweep_t06_s3/Qwen3-8B,Perf -> FABP9,1
results/tsweep_t06_s3/Qwen3-8B,A20 -> TNFAIP3,1
results/tsweep_t06_s3/Qwen3-8B,LUBRICIN -> PRG4,1
results/tsweep_t06_s3/Qwen3-8B,PCAF -> KAT2B,1
results/tsweep_t06_s3/Qwen3-8B,Rsk3 -> RPS6KA2,2
results/tsweep_t06_s3/Qwen3-8B,Gmcsf -> CSF2,1
results/tsweep_t06_s3/Qwen3-8B,OPN -> SPP1,1
results/tsweep_t06_s3/Qwen3-8B,p21 -> CDKN1A,1
results/tsweep_t06_s3/Qwen3-8B,TDP-43 -> TARDBP,1
results/tsweep_t06_s3/Qwen3-8B,Pkcδ -> PRRT2,1
results/tsweep_t06_s3/Qwen3-8B,Atf6α -> ATF6,1
results/tsweep_t06_s3/Qwen3-8B,miR-181a-5p -> MIR-181A,2
results/tsweep_t06_s3/Qwen3-8B,MiR-18a-3p -> MIR-18A,1
results/tsweep_t06_s3/Qwen3-8B,Nox2 -> CYBB,1
results/tsweep_t06_s3/Qwen3-8B,Glut1 -> SLC2A1,2
results/tsweep_t06_s3/Qwen3-8B,Tankyrase -> TNKS,1
results/tsweep_t06_s3/Qwen3-8B,miR-204-5p -> MIR-204,1
results/tsweep_t06_s3/Qwen3-8B,St2 -> IL1RL1,1
results/tsweep_t06_s3/Qwen3-8B,MiR-455-3p -> MIR-455,1
results/tsweep_t06_s3/Qwen3-8B,PAR-1 -> F2R,1
results/tsweep_t06_s3/Qwen3-8B,PAR-2 -> F2RL1,1
results/tsweep_t03_s2/Qwen3-8B,ET1 -> EDN1,1
results/tsweep_t03_s2/Qwen3-8B,miR-877-5p -> MIR-877,1
results/tsweep_t03_s2/Qwen3-8B,XOR -> XDH,1
results/tsweep_t03_s2/Qwen3-8B,miR-9-5p -> MIR-9,1
results/tsweep_t03_s2/Qwen3-8B,Hic-5 -> TGFB1I1,1
results/tsweep_t03_s2/Qwen3-8B,miR-10a-5p -> MIR-10A,2
results/tsweep_t03_s2/Qwen3-8B,PAR2 -> F2RL1,4
results/tsweep_t03_s2/Qwen3-8B,TNF-alpha -> TNF,1
results/tsweep_t03_s2/Qwen3-8B,Rip3 -> RIPK3,2
results/tsweep_t03_s2/Qwen3-8B,ASC -> PYCARD,1
results/tsweep_t03_s2/Qwen3-8B,Rage -> AGER,1
results/tsweep_t03_s2/Qwen3-8B,CD59a -> CD59,1
results/tsweep_t03_s2/Qwen3-8B,Mig6 -> ERRFI1,2
results/tsweep_t03_s2/Qwen3-8B,SDF-1 -> CXCL12,1
results/tsweep_t03_s2/Qwen3-8B,Il1ra -> IL1RN,1
results/tsweep_t03_s2/Qwen3-8B,TGF-β -> TGFB1,1
results/tsweep_t03_s2/Qwen3-8B,Cd11b -> ITGAM,1
results/tsweep_t03_s2/Qwen3-8B,ZCCHC6 -> TUT7,1
results/tsweep_t03_s2/Qwen3-8B,LOX-1 -> OLR1,1
results/tsweep_t03_s2/Qwen3-8B,Il17 -> IL17A,1
results/tsweep_t03_s2/Qwen3-8B,Alk5 -> TGFBR1,1
results/tsweep_t03_s2/Qwen3-8B,NCAM -> NCAM1,1
results/tsweep_t03_s2/Qwen3-8B,NF-κB -> NFKB1,1
results/tsweep_t03_s2/Qwen3-8B,Ob-Rb -> LEPR,1
results/tsweep_t03_s2/Qwen3-8B,Nrf2 -> NFE2L2,1
results/tsweep_t03_s2/Qwen3-8B,IKKε -> IKBKE,1
results/tsweep_t03_s2/Qwen3-8B,L-PGDS -> PTGDS,1
results/tsweep_t03_s2/Qwen3-8B,PLA2 -> PLA2G1B,1
results/tsweep_t03_s2/Qwen3-8B,c-Fos -> FOS,1
results/tsweep_t03_s2/Qwen3-8B,Opg -> TNFRSF11B,1
results/tsweep_t03_s2/Qwen3-8B,Perf -> FABP9,1
results/tsweep_t03_s2/Qwen3-8B,A20 -> TNFAIP3,1
results/tsweep_t03_s2/Qwen3-8B,PCAF -> KAT2B,1
results/tsweep_t03_s2/Qwen3-8B,RSK3 -> RPS6KA2,2
results/tsweep_t03_s2/Qwen3-8B,Gmcsf -> CSF2,1
results/tsweep_t03_s2/Qwen3-8B,Jmjd3 -> KDM6B,1
results/tsweep_t03_s2/Qwen3-8B,COX2 -> PTGS2,1
results/tsweep_t03_s2/Qwen3-8B,p21 -> CDKN1A,1
results/tsweep_t03_s2/Qwen3-8B,TDP-43 -> TARDBP,1
results/tsweep_t03_s2/Qwen3-8B,Pkcδ -> PRRT2,1
results/tsweep_t03_s2/Qwen3-8B,Atf6α -> ATF6,1
results/tsweep_t03_s2/Qwen3-8B,miR-181a-5p -> MIR-181A,1
results/tsweep_t03_s2/Qwen3-8B,MiR-18a-3p -> MIR-18A,1
results/tsweep_t03_s2/Qwen3-8B,Nox2 -> CYBB,1
results/tsweep_t03_s2/Qwen3-8B,Glut1 -> SLC2A1,2
results/tsweep_t03_s2/Qwen3-8B,Tankyrase -> TNKS,2
results/tsweep_t03_s2/Qwen3-8B,miR-204-5p -> MIR-204,1
results/tsweep_t03_s2/Qwen3-8B,St2 -> IL1RL1,1
results/tsweep_t03_s2/Qwen3-8B,MiR-455-3p -> MIR-455,1
results/tsweep_t03_s2/Qwen3-8B,Par1 -> F2R,1
results/tsweep_t03_s2/Qwen3-8B,Par2 -> F2RL1,1
results/q8b_think_v6lite/Qwen3-8B,ET1 -> EDN1,1
results/q8b_think_v6lite/Qwen3-8B,XO -> XDH,1
results/q8b_think_v6lite/Qwen3-8B,HIC5 -> TGFB1I1,1
results/q8b_think_v6lite/Qwen3-8B,ADENOSINEA3RECEPTOR -> ADORA3,1
results/q8b_think_v6lite/Qwen3-8B,PAR2 -> F2RL1,4
results/q8b_think_v6lite/Qwen3-8B,NEUTROPHIL ELASTASE -> ELANE,2
results/q8b_think_v6lite/Qwen3-8B,SCLEROSTIN -> SOST,2
results/q8b_think_v6lite/Qwen3-8B,RIP3 -> RIPK3,2
results/q8b_think_v6lite/Qwen3-8B,RAGE -> AGER,1
results/q8b_think_v6lite/Qwen3-8B,MIG6 -> ERRFI1,2
results/q8b_think_v6lite/Qwen3-8B,VEGFR3 -> FLT4,1
results/q8b_think_v6lite/Qwen3-8B,TGFβ -> TGFB1,1
results/q8b_think_v6lite/Qwen3-8B,CD11B -> ITGAM,1
results/q8b_think_v6lite/Qwen3-8B,ZCCHC6 -> TUT7,1
results/q8b_think_v6lite/Qwen3-8B,LOX1 -> OLR1,1
results/q8b_think_v6lite/Qwen3-8B,IL1RA -> IL1RN,1
results/q8b_think_v6lite/Qwen3-8B,IL17 -> IL17A,1
results/q8b_think_v6lite/Qwen3-8B,ALK5 -> TGFBR1,1
results/q8b_think_v6lite/Qwen3-8B,NCAM -> NCAM1,1
results/q8b_think_v6lite/Qwen3-8B,NF-κB -> NFKB1,1
results/q8b_think_v6lite/Qwen3-8B,TENASCINC -> TNC,2
results/q8b_think_v6lite/Qwen3-8B,NRF2 -> NFE2L2,1
results/q8b_think_v6lite/Qwen3-8B,TENASCIN-C -> TNC,1
results/q8b_think_v6lite/Qwen3-8B,IKKε -> IKBKE,1
results/q8b_think_v6lite/Qwen3-8B,LPGDS -> PTGDS,1
results/q8b_think_v6lite/Qwen3-8B,OPG -> TNFRSF11B,1
results/q8b_think_v6lite/Qwen3-8B,LUMICAN -> LUM,1
results/q8b_think_v6lite/Qwen3-8B,FIBROMODULIN -> FMOD,1
results/q8b_think_v6lite/Qwen3-8B,PERF -> FABP9,1
results/q8b_think_v6lite/Qwen3-8B,A20 -> TNFAIP3,1
results/q8b_think_v6lite/Qwen3-8B,PCAF -> KAT2B,1
results/q8b_think_v6lite/Qwen3-8B,RSK3 -> RPS6KA2,2
results/q8b_think_v6lite/Qwen3-8B,JMJD3 -> KDM6B,1
results/q8b_think_v6lite/Qwen3-8B,OPN -> SPP1,1
results/q8b_think_v6lite/Qwen3-8B,TDP43 -> TARDBP,1
results/q8b_think_v6lite/Qwen3-8B,NOX2 -> CYBB,1
results/q8b_think_v6lite/Qwen3-8B,GLUT1 -> SLC2A1,2
results/q8b_think_v6lite/Qwen3-8B,ST2 -> IL1RL1,1
results/q8b_think_v6lite/Qwen3-8B,PAR1 -> F2R,1
results/magi_think_v2/Magistral-Small-2509,ET-1 -> EDN1,1
results/magi_think_v2/Magistral-Small-2509,XOR -> XDH,1
results/magi_think_v2/Magistral-Small-2509,miR-9-5p -> MIR-9,1
results/magi_think_v2/Magistral-Small-2509,Hic-5 -> TGFB1I1,1
results/magi_think_v2/Magistral-Small-2509,miR-10a-5p -> MIR-10A,2
results/magi_think_v2/Magistral-Small-2509,Rip3 -> RIPK3,2
results/magi_think_v2/Magistral-Small-2509,Tgf beta -> TGFB1,1
results/magi_think_v2/Magistral-Small-2509,RAGE -> AGER,1
results/magi_think_v2/Magistral-Small-2509,CD59a -> CD59,1
results/magi_think_v2/Magistral-Small-2509,Mig6 -> ERRFI1,1
results/magi_think_v2/Magistral-Small-2509,SDF-1 -> CXCL12,2
results/magi_think_v2/Magistral-Small-2509,IL1ra -> IL1RN,1
results/magi_think_v2/Magistral-Small-2509,Tgfβ -> TGFB1,1
results/magi_think_v2/Magistral-Small-2509,CD11b -> ITGAM,1
results/magi_think_v2/Magistral-Small-2509,Zcchc6 -> TUT7,1
results/magi_think_v2/Magistral-Small-2509,LOX-1 -> OLR1,1
results/magi_think_v2/Magistral-Small-2509,IL-1Ra -> IL1RN,1
results/magi_think_v2/Magistral-Small-2509,IL-17 -> IL17A,1
results/magi_think_v2/Magistral-Small-2509,Alk5 -> TGFBR1,1
results/magi_think_v2/Magistral-Small-2509,Ncam -> NCAM1,1
results/magi_think_v2/Magistral-Small-2509,Ob-Rb -> LEPR,1
results/magi_think_v2/Magistral-Small-2509,Nrf2 -> NFE2L2,1
results/magi_think_v2/Magistral-Small-2509,HDAC -> HDAC9,1
results/magi_think_v2/Magistral-Small-2509,OSM -> OSM,1
results/magi_think_v2/Magistral-Small-2509,TNFalpha -> TNF,1
results/magi_think_v2/Magistral-Small-2509,L-Pgds -> PTGDS,1
results/magi_think_v2/Magistral-Small-2509,JNK -> MAPK8,1
results/magi_think_v2/Magistral-Small-2509,Mig-6 -> ERRFI1,1
results/magi_think_v2/Magistral-Small-2509,FoxO1 -> FOXO1,3
results/magi_think_v2/Magistral-Small-2509,FoxO3 -> FOXO3,3
results/magi_think_v2/Magistral-Small-2509,FoxO4 -> FOXO4,3
results/magi_think_v2/Magistral-Small-2509,c-Fos -> FOS,1
results/magi_think_v2/Magistral-Small-2509,β-catenin -> CTNNB1,1
results/magi_think_v2/Magistral-Small-2509,Opg -> TNFRSF11B,1
results/magi_think_v2/Magistral-Small-2509,Par2 -> F2RL1,2
results/magi_think_v2/Magistral-Small-2509,CCL2 -> CCL2,1
results/magi_think_v2/Magistral-Small-2509,CCR2 -> CCR2,1
results/magi_think_v2/Magistral-Small-2509,Lum -> LUM,1
results/magi_think_v2/Magistral-Small-2509,Fmod -> FMOD,1
results/magi_think_v2/Magistral-Small-2509,A20 -> TNFAIP3,1
results/magi_think_v2/Magistral-Small-2509,Tnfa -> TNF,1
results/magi_think_v2/Magistral-Small-2509,PCAF -> KAT2B,1
results/magi_think_v2/Magistral-Small-2509,RSK-3 -> RPS6KA2,2
results/magi_think_v2/Magistral-Small-2509,Jmjd3 -> KDM6B,1
results/magi_think_v2/Magistral-Small-2509,OPN -> SPP1,1
results/magi_think_v2/Magistral-Small-2509,ApoE -> APOE,1
results/magi_think_v2/Magistral-Small-2509,S100a9 -> S100A9,1
results/magi_think_v2/Magistral-Small-2509,p21 -> CDKN1A,1
results/magi_think_v2/Magistral-Small-2509,NFkB -> NFKB1,1
results/magi_think_v2/Magistral-Small-2509,TDP-43 -> TARDBP,1
results/magi_think_v2/Magistral-Small-2509,Atf6α -> ATF6,1
results/magi_think_v2/Magistral-Small-2509,miR-181a-5p -> MIR-181A,2
results/magi_think_v2/Magistral-Small-2509,Mir18a-3p -> MIR-18A,1
results/magi_think_v2/Magistral-Small-2509,LPA1 -> LPAR1,2
results/magi_think_v2/Magistral-Small-2509,Nox2 -> CYBB,1
results/magi_think_v2/Magistral-Small-2509,BMP-4 -> BMP4,1
results/magi_think_v2/Magistral-Small-2509,sFlt-1 -> SFLT1,1
results/magi_think_v2/Magistral-Small-2509,Glut1 -> SLC2A1,2
results/magi_think_v2/Magistral-Small-2509,Tankyrase -> TNKS,2
results/magi_think_v2/Magistral-Small-2509,Chondroitin sulfate -> CHONDROITINSULFATE,2
results/magi_think_v2/Magistral-Small-2509,Glucosamine sulfate -> GLUCOSAMINESULFATE,1
results/magi_think_v2/Magistral-Small-2509,Glucosamine hydrochloride -> GLUCOSAMINEHYDROCHLORIDE,1
results/magi_think_v2/Magistral-Small-2509,miR-204-5p -> MIR-204,1
results/magi_think_v2/Magistral-Small-2509,ST2 -> IL1RL1,1
results/magi_think_v2/Magistral-Small-2509,miR-455-3p -> MIR-455,1
results/magi_think_v2/Magistral-Small-2509,ADAMTS-4 -> ADAMTS4,1
results/magi_think_v2/Magistral-Small-2509,ADAMTS-5 -> ADAMTS5,1
results/magi_think_v2/Magistral-Small-2509,PAR-2 -> F2RL1,1
results/magi_think_v2/Magistral-Small-2509,PAR-1 -> F2R,1
results/psweep_v2/Qwen3-8B,ET-1 -> EDN1,1
results/psweep_v2/Qwen3-8B,XOR -> XDH,1
results/psweep_v2/Qwen3-8B,Hic-5 -> TGFB1I1,1
results/psweep_v2/Qwen3-8B,A3AR -> ADORA3,2
results/psweep_v2/Qwen3-8B,PAR2 -> F2RL1,3
results/psweep_v2/Qwen3-8B,Neutrophil elastase -> ELANE,1
results/psweep_v2/Qwen3-8B,Rip3 -> RIPK3,2
results/psweep_v2/Qwen3-8B,TGF beta -> TGFB1,1
results/psweep_v2/Qwen3-8B,CD59a -> CD59,1
results/psweep_v2/Qwen3-8B,Mig6 -> ERRFI1,1
results/psweep_v2/Qwen3-8B,SDF-1 -> CXCL12,2
results/psweep_v2/Qwen3-8B,IL1RA -> IL1RN,1
results/psweep_v2/Qwen3-8B,VEGFR-3 -> FLT4,1
results/psweep_v2/Qwen3-8B,BTZ -> CASC3,1
results/psweep_v2/Qwen3-8B,TGF-β -> TGFB1,1
results/psweep_v2/Qwen3-8B,Cd11b -> ITGAM,1
results/psweep_v2/Qwen3-8B,ZCCHC6 -> TUT7,1
results/psweep_v2/Qwen3-8B,LOX-1 -> OLR1,1
results/psweep_v2/Qwen3-8B,Il17 -> IL17A,1
results/psweep_v2/Qwen3-8B,Alk5 -> TGFBR1,1
results/psweep_v2/Qwen3-8B,NCAM -> NCAM1,2
results/psweep_v2/Qwen3-8B,NF-κB -> NFKB1,1
results/psweep_v2/Qwen3-8B,Ob-Rb -> LEPR,1
results/psweep_v2/Qwen3-8B,Nrf2 -> NFE2L2,1
results/psweep_v2/Qwen3-8B,IKKε -> IKBKE,1
results/psweep_v2/Qwen3-8B,L-PGDS -> PTGDS,1
results/psweep_v2/Qwen3-8B,Mig-6 -> ERRFI1,1
results/psweep_v2/Qwen3-8B,c-Fos -> FOS,2
results/psweep_v2/Qwen3-8B,β-catenin -> CTNNB1,1
results/psweep_v2/Qwen3-8B,Opg -> TNFRSF11B,1
results/psweep_v2/Qwen3-8B,Perforin -> PRF1,1
results/psweep_v2/Qwen3-8B,A20 -> TNFAIP3,1
results/psweep_v2/Qwen3-8B,LUBRICIN -> PRG4,2
results/psweep_v2/Qwen3-8B,PCAF -> KAT2B,1
results/psweep_v2/Qwen3-8B,Rsk3 -> RPS6KA2,2
results/psweep_v2/Qwen3-8B,Jmjd3 -> KDM6B,1
results/psweep_v2/Qwen3-8B,PKCδ -> PRRT2,1
results/psweep_v2/Qwen3-8B,Atf6α -> ATF6,1
results/psweep_v2/Qwen3-8B,LPA1 -> LPAR1,2
results/psweep_v2/Qwen3-8B,Nox2 -> CYBB,2
results/psweep_v2/Qwen3-8B,VEGF -> VEGFA,1
results/psweep_v2/Qwen3-8B,Glut1 -> SLC2A1,3
results/psweep_v2/Qwen3-8B,Tankyrase -> TNKS,1
results/psweep_v2/Qwen3-8B,miR-204-5p -> MIR-204,1
results/psweep_v2/Qwen3-8B,ST2 -> IL1RL1,1
results/psweep_v2/Qwen3-8B,Adamts4 -> ADAMTS4,2
results/psweep_v2/Qwen3-8B,Adamts5 -> ADAMTS5,2
results/psweep_v2/Qwen3-8B,PAR-2 -> F2RL1,1
results/qwen36_v4/Qwen3.6-27B,ET-1 -> EDN1,1
results/qwen36_v4/Qwen3.6-27B,XOR -> XDH,1
results/qwen36_v4/Qwen3.6-27B,miR-9-5p -> MIR-9,1
results/qwen36_v4/Qwen3.6-27B,Hic-5 -> TGFB1I1,1
results/qwen36_v4/Qwen3.6-27B,miR-10a-5p -> MIR-10A,2
results/qwen36_v4/Qwen3.6-27B,Sclerostin -> SOST,2
results/qwen36_v4/Qwen3.6-27B,Rip3 -> RIPK3,3
results/qwen36_v4/Qwen3.6-27B,RAGE -> AGER,1
results/qwen36_v4/Qwen3.6-27B,CD59a -> CD59,1
results/qwen36_v4/Qwen3.6-27B,Mig6 -> ERRFI1,2
results/qwen36_v4/Qwen3.6-27B,SDF-1 -> CXCL12,3
results/qwen36_v4/Qwen3.6-27B,IL1-ra -> IL1RN,1
results/qwen36_v4/Qwen3.6-27B,VEGFR-3 -> FLT4,1
results/qwen36_v4/Qwen3.6-27B,TGF-β -> TGFB1,1
results/qwen36_v4/Qwen3.6-27B,CD11b -> ITGAM,1
results/qwen36_v4/Qwen3.6-27B,Zcchc6 -> TUT7,1
results/qwen36_v4/Qwen3.6-27B,LOX-1 -> OLR1,1
results/qwen36_v4/Qwen3.6-27B,IL-1Ra -> IL1RN,1
results/qwen36_v4/Qwen3.6-27B,IL-17 -> IL17A,1
results/qwen36_v4/Qwen3.6-27B,Alk5 -> TGFBR1,1
results/qwen36_v4/Qwen3.6-27B,NCAM -> NCAM1,2
results/qwen36_v4/Qwen3.6-27B,NF-κB -> NFKB1,1
results/qwen36_v4/Qwen3.6-27B,Ob-Rb -> LEPR,1
results/qwen36_v4/Qwen3.6-27B,Nrf2 -> NFE2L2,1
results/qwen36_v4/Qwen3.6-27B,IKKε -> IKBKE,1
results/qwen36_v4/Qwen3.6-27B,L-PGDS -> PTGDS,1
results/qwen36_v4/Qwen3.6-27B,JNK -> MAPK8,1
results/qwen36_v4/Qwen3.6-27B,Mig-6 -> ERRFI1,1
results/qwen36_v4/Qwen3.6-27B,c-Fos -> FOS,1
results/qwen36_v4/Qwen3.6-27B,Opg -> TNFRSF11B,1
results/qwen36_v4/Qwen3.6-27B,PAR2 -> F2RL1,2
results/qwen36_v4/Qwen3.6-27B,Perf -> FABP9,1
results/qwen36_v4/Qwen3.6-27B,Galectin-3 -> LGALS3,1
results/qwen36_v4/Qwen3.6-27B,A20 -> TNFAIP3,1
results/qwen36_v4/Qwen3.6-27B,Calcitonin -> CALCA,1
results/qwen36_v4/Qwen3.6-27B,PCAF -> KAT2B,1
results/qwen36_v4/Qwen3.6-27B,RSK-3 -> RPS6KA2,2
results/qwen36_v4/Qwen3.6-27B,Jmjd3 -> KDM6B,1
results/qwen36_v4/Qwen3.6-27B,OPN -> SPP1,1
results/qwen36_v4/Qwen3.6-27B,Cathepsin K -> CTSK,2
results/qwen36_v4/Qwen3.6-27B,p21 -> CDKN1A,1
results/qwen36_v4/Qwen3.6-27B,TDP-43 -> TARDBP,1
results/qwen36_v4/Qwen3.6-27B,PKCδ -> PRRT2,1
results/qwen36_v4/Qwen3.6-27B,Atf6a -> ATF6,1
results/qwen36_v4/Qwen3.6-27B,miR-181a-5p -> MIR-181A,2
results/qwen36_v4/Qwen3.6-27B,miR-18a-3p -> MIR-18A,1
results/qwen36_v4/Qwen3.6-27B,Nox2 -> CYBB,1
results/qwen36_v4/Qwen3.6-27B,Glut1 -> SLC2A1,2
results/qwen36_v4/Qwen3.6-27B,Tankyrase -> TNKS,1
results/qwen36_v4/Qwen3.6-27B,miR-204-5p -> MIR-204,1
results/qwen36_v4/Qwen3.6-27B,ST2 -> IL1RL1,1
results/qwen36_v4/Qwen3.6-27B,miR-455-3p -> MIR-455,1
results/qwen36_v4/Qwen3.6-27B,PAR-1 -> F2R,1
results/qwen36_v4/Qwen3.6-27B,PAR-2 -> F2RL1,1
results/magi_think_v6/Magistral-Small-2509,XOR -> XDH,1
results/magi_think_v6/Magistral-Small-2509,PAR2 -> F2RL1,5
results/magi_think_v6/Magistral-Small-2509,RIP3 -> RIPK3,2
results/magi_think_v6/Magistral-Small-2509,RAGE -> AGER,1
results/magi_think_v6/Magistral-Small-2509,SDF1 -> CXCL12,2
results/magi_think_v6/Magistral-Small-2509,TGFB -> TGFB1,1
results/magi_think_v6/Magistral-Small-2509,CD11B -> ITGAM,1
results/magi_think_v6/Magistral-Small-2509,ZCCHC6 -> TUT7,1
results/magi_think_v6/Magistral-Small-2509,LOX1 -> OLR1,3
results/magi_think_v6/Magistral-Small-2509,IL17 -> IL17A,1
results/magi_think_v6/Magistral-Small-2509,ALK5 -> TGFBR1,1
results/magi_think_v6/Magistral-Small-2509,NFKB -> NFKB1,2
results/magi_think_v6/Magistral-Small-2509,TENASCINC -> TNC,2
results/magi_think_v6/Magistral-Small-2509,LPGDS -> PTGDS,1
results/magi_think_v6/Magistral-Small-2509,MIG6 -> ERRFI1,1
results/magi_think_v6/Magistral-Small-2509,OPG -> TNFRSF11B,1
results/magi_think_v6/Magistral-Small-2509,PERF -> FABP9,1
results/magi_think_v6/Magistral-Small-2509,A20 -> TNFAIP3,1
results/magi_think_v6/Magistral-Small-2509,PCAF -> KAT2B,1
results/magi_think_v6/Magistral-Small-2509,RSK3 -> RPS6KA2,2
results/magi_think_v6/Magistral-Small-2509,JMJD3 -> KDM6B,1
results/magi_think_v6/Magistral-Small-2509,TDP43 -> TARDBP,1
results/magi_think_v6/Magistral-Small-2509,GLUT1 -> SLC2A1,2
results/magi_think_v6/Magistral-Small-2509,ST2 -> IL1RL1,1
results/magi_think_v6/Magistral-Small-2509,PAR1 -> F2R,1
results/tsweep_t12_s3/Qwen3-8B,ET-1 -> EDN1,1
results/tsweep_t12_s3/Qwen3-8B,miR-877-5p -> MIR-877,1
results/tsweep_t12_s3/Qwen3-8B,XOR -> XDH,1
results/tsweep_t12_s3/Qwen3-8B,miR-9-5p -> MIR-9,1
results/tsweep_t12_s3/Qwen3-8B,Hic-5 -> TGFB1I1,1
results/tsweep_t12_s3/Qwen3-8B,miR-10a-5p -> MIR-10A,2
results/tsweep_t12_s3/Qwen3-8B,Rip3 -> RIPK3,3
results/tsweep_t12_s3/Qwen3-8B,Rage -> AGER,1
results/tsweep_t12_s3/Qwen3-8B,CD59a -> CD59,1
results/tsweep_t12_s3/Qwen3-8B,Mig6 -> ERRFI1,3
results/tsweep_t12_s3/Qwen3-8B,SDF-1 -> CXCL12,2
results/tsweep_t12_s3/Qwen3-8B,Il1ra -> IL1RN,2
results/tsweep_t12_s3/Qwen3-8B,Sdf1 -> CXCL12,1
results/tsweep_t12_s3/Qwen3-8B,TGF-β -> TGFB1,1
results/tsweep_t12_s3/Qwen3-8B,Cd11b -> ITGAM,1
results/tsweep_t12_s3/Qwen3-8B,ZCCHC6 -> TUT7,1
results/tsweep_t12_s3/Qwen3-8B,Lox1 -> OLR1,1
results/tsweep_t12_s3/Qwen3-8B,Il17 -> IL17A,1
results/tsweep_t12_s3/Qwen3-8B,Alk5 -> TGFBR1,1
results/tsweep_t12_s3/Qwen3-8B,NCAM -> NCAM1,1
results/tsweep_t12_s3/Qwen3-8B,NF-κB -> NFKB1,1
results/tsweep_t12_s3/Qwen3-8B,Ob-Rb -> LEPR,1
results/tsweep_t12_s3/Qwen3-8B,Nrf2 -> NFE2L2,1
results/tsweep_t12_s3/Qwen3-8B,IKKε -> IKBKE,1
results/tsweep_t12_s3/Qwen3-8B,L-PGDS -> PTGDS,1
results/tsweep_t12_s3/Qwen3-8B,β-catenin -> CTNNB1,1
results/tsweep_t12_s3/Qwen3-8B,Opg -> TNFRSF11B,1
results/tsweep_t12_s3/Qwen3-8B,PAR2 -> F2RL1,1
results/tsweep_t12_s3/Qwen3-8B,Perforin -> PRF1,1
results/tsweep_t12_s3/Qwen3-8B,A20 -> TNFAIP3,1
results/tsweep_t12_s3/Qwen3-8B,PCAF -> KAT2B,1
results/tsweep_t12_s3/Qwen3-8B,RSK3 -> RPS6KA2,2
results/tsweep_t12_s3/Qwen3-8B,OPN -> SPP1,1
results/tsweep_t12_s3/Qwen3-8B,p21 -> CDKN1A,1
results/tsweep_t12_s3/Qwen3-8B,TDP-43 -> TARDBP,1
results/tsweep_t12_s3/Qwen3-8B,PKCδ -> PRRT2,1
results/tsweep_t12_s3/Qwen3-8B,Atf6α -> ATF6,1
results/tsweep_t12_s3/Qwen3-8B,miR-181a-5p -> MIR-181A,2
results/tsweep_t12_s3/Qwen3-8B,Mir18a-3p -> MIR-18A,1
results/tsweep_t12_s3/Qwen3-8B,Nox2 -> CYBB,1
results/tsweep_t12_s3/Qwen3-8B,Glut1 -> SLC2A1,2
results/tsweep_t12_s3/Qwen3-8B,Tankyrase -> TNKS,2
results/tsweep_t12_s3/Qwen3-8B,miR-204-5p -> MIR-204,1
results/tsweep_t12_s3/Qwen3-8B,St2 -> IL1RL1,1
results/tsweep_t12_s3/Qwen3-8B,MiR-455-3p -> MIR-455,1
results/tsweep_t12_s3/Qwen3-8B,PAR-1 -> F2R,1
results/tsweep_t12_s3/Qwen3-8B,PAR-2 -> F2RL1,1
results/nothink_35/Qwen3.5-4B,ET-1 -> EDN1,1
results/nothink_35/Qwen3.5-4B,XOR -> XDH,1
results/nothink_35/Qwen3.5-4B,miR-9-5p -> MIR-9,1
results/nothink_35/Qwen3.5-4B,Hic-5 -> TGFB1I1,1
results/nothink_35/Qwen3.5-4B,miR-10a-5p -> MIR-10A,2
results/nothink_35/Qwen3.5-4B,PAR2 -> F2RL1,3
results/nothink_35/Qwen3.5-4B,Sclerostin -> SOST,3
results/nothink_35/Qwen3.5-4B,Rip3 -> RIPK3,3
results/nothink_35/Qwen3.5-4B,S-DCs -> SDC1,1
results/nothink_35/Qwen3.5-4B,CD59a -> CD59,1
results/nothink_35/Qwen3.5-4B,Mig6 -> ERRFI1,1
results/nothink_35/Qwen3.5-4B,SDF-1 -> CXCL12,2
results/nothink_35/Qwen3.5-4B,IL-1 ra -> IL1RN,1
results/nothink_35/Qwen3.5-4B,TGF-β -> TGFB1,1
results/nothink_35/Qwen3.5-4B,CD11b -> ITGAM,1
results/nothink_35/Qwen3.5-4B,Zcchc6 -> TUT7,1
results/nothink_35/Qwen3.5-4B,LOX-1 -> OLR1,1
results/nothink_35/Qwen3.5-4B,IL-1Ra -> IL1RN,1
results/nothink_35/Qwen3.5-4B,IL-17 -> IL17A,1
results/nothink_35/Qwen3.5-4B,Alk5 -> TGFBR1,1
results/nothink_35/Qwen3.5-4B,NCAM -> NCAM1,1
results/nothink_35/Qwen3.5-4B,NF-κB -> NFKB1,1
results/nothink_35/Qwen3.5-4B,tenascin-C -> TNC,2
results/nothink_35/Qwen3.5-4B,Ob-Rb -> LEPR,1
results/nothink_35/Qwen3.5-4B,Nrf2 -> NFE2L2,1
results/nothink_35/Qwen3.5-4B,Tenascin-C -> TNC,2
results/nothink_35/Qwen3.5-4B,IKKε -> IKBKE,1
results/nothink_35/Qwen3.5-4B,L-PGDS -> PTGDS,1
results/nothink_35/Qwen3.5-4B,Mig-6 -> ERRFI1,1
results/nothink_35/Qwen3.5-4B,c-Fos -> FOS,2
results/nothink_35/Qwen3.5-4B,β-catenin -> CTNNB1,1
results/nothink_35/Qwen3.5-4B,Opg -> TNFRSF11B,1
results/nothink_35/Qwen3.5-4B,perf -> FABP9,1
results/nothink_35/Qwen3.5-4B,galectin-3 -> LGALS3,1
results/nothink_35/Qwen3.5-4B,A20 -> TNFAIP3,1
results/nothink_35/Qwen3.5-4B,Decorin -> DCN,2
results/nothink_35/Qwen3.5-4B,Calcitonin -> CALCA,1
results/nothink_35/Qwen3.5-4B,PCAF -> KAT2B,1
results/nothink_35/Qwen3.5-4B,RSK-3 -> RPS6KA2,2
results/nothink_35/Qwen3.5-4B,Gm-csf -> CSF2,1
results/nothink_35/Qwen3.5-4B,Jmjd3 -> KDM6B,1
results/nothink_35/Qwen3.5-4B,Cox-2 -> PTGS2,1
results/nothink_35/Qwen3.5-4B,OPN -> SPP1,1
results/nothink_35/Qwen3.5-4B,p21 -> CDKN1A,1
results/nothink_35/Qwen3.5-4B,TDP-43 -> TARDBP,1
results/nothink_35/Qwen3.5-4B,PKCδ -> PRRT2,1
results/nothink_35/Qwen3.5-4B,Atf6 alpha -> ATF6,1
results/nothink_35/Qwen3.5-4B,miR-181a-5p -> MIR-181A,2
results/nothink_35/Qwen3.5-4B,miR-18a-3p -> MIR-18A,1
results/nothink_35/Qwen3.5-4B,Nox2 -> CYBB,1
results/nothink_35/Qwen3.5-4B,Glut1 -> SLC2A1,3
results/nothink_35/Qwen3.5-4B,Tankyrase -> TNKS,2
results/nothink_35/Qwen3.5-4B,miR-204-5p -> MIR-204,1
results/nothink_35/Qwen3.5-4B,miR-455-3p -> MIR-455,1
results/nothink_35/Qwen3.5-4B,PAR-2 -> F2RL1,1
results/nothink_35/Qwen3.5-4B,PAR-1 -> F2R,1
results/simple_8b/Qwen3-8B,ET1 -> EDN1,1
results/simple_8b/Qwen3-8B,miR-877-5p -> MIR-877,1
results/simple_8b/Qwen3-8B,XOR -> XDH,1
results/simple_8b/Qwen3-8B,miR-9-5p -> MIR-9,1
results/simple_8b/Qwen3-8B,Hic-5 -> TGFB1I1,1
results/simple_8b/Qwen3-8B,miR-10a-5p -> MIR-10A,2
results/simple_8b/Qwen3-8B,Par2 -> F2RL1,1
results/simple_8b/Qwen3-8B,Rip3 -> RIPK3,2
results/simple_8b/Qwen3-8B,TGF beta -> TGFB1,1
results/simple_8b/Qwen3-8B,CD59a -> CD59,1
results/simple_8b/Qwen3-8B,Mig6 -> ERRFI1,2
results/simple_8b/Qwen3-8B,SDF-1 -> CXCL12,1
results/simple_8b/Qwen3-8B,IL1RA -> IL1RN,1
results/simple_8b/Qwen3-8B,Sdf1 -> CXCL12,1
results/simple_8b/Qwen3-8B,TGF-β -> TGFB1,1
results/simple_8b/Qwen3-8B,Cd11b -> ITGAM,1
results/simple_8b/Qwen3-8B,ZCCHC6 -> TUT7,1
results/simple_8b/Qwen3-8B,LOX1 -> OLR1,1
results/simple_8b/Qwen3-8B,Il17 -> IL17A,1
results/simple_8b/Qwen3-8B,Alk5 -> TGFBR1,1
results/simple_8b/Qwen3-8B,NCAM -> NCAM1,1
results/simple_8b/Qwen3-8B,NF-κB -> NFKB1,1
results/simple_8b/Qwen3-8B,Ob-Rb -> LEPR,1
results/simple_8b/Qwen3-8B,Nrf2 -> NFE2L2,1
results/simple_8b/Qwen3-8B,IKKε -> IKBKE,1
results/simple_8b/Qwen3-8B,L-PGDS -> PTGDS,1
results/simple_8b/Qwen3-8B,PLA2 -> PLA2G1B,1
results/simple_8b/Qwen3-8B,JNK -> MAPK8,1
results/simple_8b/Qwen3-8B,c-Fos -> FOS,1
results/simple_8b/Qwen3-8B,Opg -> TNFRSF11B,1
results/simple_8b/Qwen3-8B,PAR2 -> F2RL1,1
results/simple_8b/Qwen3-8B,Perf -> FABP9,1
results/simple_8b/Qwen3-8B,A20 -> TNFAIP3,1
results/simple_8b/Qwen3-8B,PCAF -> KAT2B,1
results/simple_8b/Qwen3-8B,RSK3 -> RPS6KA2,1
results/simple_8b/Qwen3-8B,Gmcsf -> CSF2,1
results/simple_8b/Qwen3-8B,OPN -> SPP1,1
results/simple_8b/Qwen3-8B,p21 -> CDKN1A,1
results/simple_8b/Qwen3-8B,TDP-43 -> TARDBP,1
results/simple_8b/Qwen3-8B,Pkcδ -> PRRT2,1
results/simple_8b/Qwen3-8B,Atf6α -> ATF6,1
results/simple_8b/Qwen3-8B,miR-181a-5p -> MIR-181A,2
results/simple_8b/Qwen3-8B,MiR-18a-3p -> MIR-18A,1
results/simple_8b/Qwen3-8B,Nox2 -> CYBB,1
results/simple_8b/Qwen3-8B,Glut1 -> SLC2A1,2
results/simple_8b/Qwen3-8B,miR-204-5p -> MIR-204,1
results/simple_8b/Qwen3-8B,MiR-455-3p -> MIR-455,1
results/simple_8b/Qwen3-8B,PAR-1 -> F2R,1
results/simple_8b/Qwen3-8B,PAR-2 -> F2RL1,1
results/psweep_v3/Qwen3-8B,ET1 -> EDN1,1
results/psweep_v3/Qwen3-8B,miR-877-5p -> MIR-877,1
results/psweep_v3/Qwen3-8B,Xor -> XDH,1
results/psweep_v3/Qwen3-8B,miR-9-5p -> MIR-9,1
results/psweep_v3/Qwen3-8B,Hic-5 -> TGFB1I1,1
results/psweep_v3/Qwen3-8B,A3AR -> ADORA3,2
results/psweep_v3/Qwen3-8B,PAR2 -> F2RL1,3
results/psweep_v3/Qwen3-8B,Neutrophil elastase -> ELANE,1
results/psweep_v3/Qwen3-8B,Rip3 -> RIPK3,1
results/psweep_v3/Qwen3-8B,TGF beta -> TGFB1,1
results/psweep_v3/Qwen3-8B,CD59a -> CD59,1
results/psweep_v3/Qwen3-8B,Mig6 -> ERRFI1,2
results/psweep_v3/Qwen3-8B,SDF-1 -> CXCL12,2
results/psweep_v3/Qwen3-8B,Il1ra -> IL1RN,2
results/psweep_v3/Qwen3-8B,VEGFR-3 -> FLT4,1
results/psweep_v3/Qwen3-8B,BTZ -> CASC3,1
results/psweep_v3/Qwen3-8B,TGF-β -> TGFB1,1
results/psweep_v3/Qwen3-8B,Cd11b -> ITGAM,1
results/psweep_v3/Qwen3-8B,Zcchc6 -> TUT7,1
results/psweep_v3/Qwen3-8B,Lox1 -> OLR1,1
results/psweep_v3/Qwen3-8B,Il17 -> IL17A,1
results/psweep_v3/Qwen3-8B,Alk5 -> TGFBR1,1
results/psweep_v3/Qwen3-8B,Ncam -> NCAM1,2
results/psweep_v3/Qwen3-8B,NF-κB -> NFKB1,1
results/psweep_v3/Qwen3-8B,TNF-α -> TNF,1
results/psweep_v3/Qwen3-8B,caspase-3 -> CASP3,1
results/psweep_v3/Qwen3-8B,Ob-Rb -> LEPR,1
results/psweep_v3/Qwen3-8B,Nrf2 -> NFE2L2,1
results/psweep_v3/Qwen3-8B,IKKε -> IKBKE,1
results/psweep_v3/Qwen3-8B,L-PGDS -> PTGDS,1
results/psweep_v3/Qwen3-8B,JNK -> MAPK8,1
results/psweep_v3/Qwen3-8B,c-Fos -> FOS,1
results/psweep_v3/Qwen3-8B,Opg -> TNFRSF11B,1
results/psweep_v3/Qwen3-8B,Perf -> FABP9,1
results/psweep_v3/Qwen3-8B,A20 -> TNFAIP3,1
results/psweep_v3/Qwen3-8B,Lubricin -> PRG4,2
results/psweep_v3/Qwen3-8B,PCAF -> KAT2B,1
results/psweep_v3/Qwen3-8B,Rsk3 -> RPS6KA2,2
results/psweep_v3/Qwen3-8B,Gmcsf -> CSF2,1
results/psweep_v3/Qwen3-8B,OPN -> SPP1,1
results/psweep_v3/Qwen3-8B,p21 -> CDKN1A,1
results/psweep_v3/Qwen3-8B,TDP-43 -> TARDBP,1
results/psweep_v3/Qwen3-8B,Pkcd -> PRRT2,1
results/psweep_v3/Qwen3-8B,Atf6α -> ATF6,1
results/psweep_v3/Qwen3-8B,miR-181a-5p -> MIR-181A,2
results/psweep_v3/Qwen3-8B,MiR-18a-3p -> MIR-18A,1
results/psweep_v3/Qwen3-8B,Nox2 -> CYBB,1
results/psweep_v3/Qwen3-8B,Glut1 -> SLC2A1,3
results/psweep_v3/Qwen3-8B,Tankyrase -> TNKS,1
results/psweep_v3/Qwen3-8B,miR-204-5p -> MIR-204,1
results/psweep_v3/Qwen3-8B,St2 -> IL1RL1,1
results/psweep_v3/Qwen3-8B,Akt -> AKT1,1
results/psweep_v3/Qwen3-8B,MiR-455-3p -> MIR-455,1
results/psweep_v3/Qwen3-8B,PAR-2 -> F2RL1,1
results/psweep_v3/Qwen3-8B,PAR-1 -> F2R,1
results/qwen36_think/Qwen3.6-27B,ET-1 -> EDN1,1
results/qwen36_think/Qwen3.6-27B,XOR -> XDH,1
results/qwen36_think/Qwen3.6-27B,miR-9-5p -> MIR-9,1
results/qwen36_think/Qwen3.6-27B,Hic-5 -> TGFB1I1,1
results/qwen36_think/Qwen3.6-27B,miR-10a-5p -> MIR-10A,2
results/qwen36_think/Qwen3.6-27B,Rip3 -> RIPK3,3
results/qwen36_think/Qwen3.6-27B,CD59a -> CD59,1
results/qwen36_think/Qwen3.6-27B,Mig6 -> ERRFI1,1
results/qwen36_think/Qwen3.6-27B,SDF-1 -> CXCL12,2
results/qwen36_think/Qwen3.6-27B,IL1ra -> IL1RN,1
results/qwen36_think/Qwen3.6-27B,VEGFR-3 -> FLT4,1
results/qwen36_think/Qwen3.6-27B,TGF-β -> TGFB1,1
results/qwen36_think/Qwen3.6-27B,Cd11b -> ITGAM,1
results/qwen36_think/Qwen3.6-27B,Zcchc6 -> TUT7,1
results/qwen36_think/Qwen3.6-27B,LOX-1 -> OLR1,1
results/qwen36_think/Qwen3.6-27B,Il17 -> IL17A,1
results/qwen36_think/Qwen3.6-27B,Alk5 -> TGFBR1,1
results/qwen36_think/Qwen3.6-27B,NCAM -> NCAM1,2
results/qwen36_think/Qwen3.6-27B,NF-κB -> NFKB1,1
results/qwen36_think/Qwen3.6-27B,Ob-Rb -> LEPR,1
results/qwen36_think/Qwen3.6-27B,Nrf2 -> NFE2L2,1
results/qwen36_think/Qwen3.6-27B,IKKε -> IKBKE,1
results/qwen36_think/Qwen3.6-27B,L-PGDS -> PTGDS,1
results/qwen36_think/Qwen3.6-27B,JNK -> MAPK8,1
results/qwen36_think/Qwen3.6-27B,Mig-6 -> ERRFI1,1
results/qwen36_think/Qwen3.6-27B,Opg -> TNFRSF11B,1
results/qwen36_think/Qwen3.6-27B,PAR2 -> F2RL1,2
results/qwen36_think/Qwen3.6-27B,Perf -> FABP9,1
results/qwen36_think/Qwen3.6-27B,Galectin-3 -> LGALS3,1
results/qwen36_think/Qwen3.6-27B,A20 -> TNFAIP3,1
results/qwen36_think/Qwen3.6-27B,Calcitonin -> CALCA,1
results/qwen36_think/Qwen3.6-27B,Rsk3 -> RPS6KA2,2
results/qwen36_think/Qwen3.6-27B,Jmjd3 -> KDM6B,1
results/qwen36_think/Qwen3.6-27B,OPN -> SPP1,1
results/qwen36_think/Qwen3.6-27B,Cathepsin K -> CTSK,2
results/qwen36_think/Qwen3.6-27B,p21 -> CDKN1A,1
results/qwen36_think/Qwen3.6-27B,TDP-43 -> TARDBP,1
results/qwen36_think/Qwen3.6-27B,Atf6a -> ATF6,1
results/qwen36_think/Qwen3.6-27B,miR-181a-5p -> MIR-181A,2
results/qwen36_think/Qwen3.6-27B,miR-18a-3p -> MIR-18A,1
results/qwen36_think/Qwen3.6-27B,Nox2 -> CYBB,1
results/qwen36_think/Qwen3.6-27B,Glut1 -> SLC2A1,2
results/qwen36_think/Qwen3.6-27B,Tankyrase -> TNKS,1
results/qwen36_think/Qwen3.6-27B,miR-204-5p -> MIR-204,1
results/qwen36_think/Qwen3.6-27B,ST2 -> IL1RL1,1
results/qwen36_think/Qwen3.6-27B,miR-455-3p -> MIR-455,1
results/qwen36_think/Qwen3.6-27B,PAR-1 -> F2R,1
results/qwen36_think/Qwen3.6-27B,PAR-2 -> F2RL1,1
results/qthink_v1/Qwen3-8B,ET-1 -> EDN1,1
results/qthink_v1/Qwen3-8B,miR-877-5p -> MIR-877,1
results/qthink_v1/Qwen3-8B,XOR -> XDH,1
results/qthink_v1/Qwen3-8B,miR-9-5p -> MIR-9,1
results/qthink_v1/Qwen3-8B,Hic-5 -> TGFB1I1,1
results/qthink_v1/Qwen3-8B,miR-10a-5p -> MIR-10A,1
results/qthink_v1/Qwen3-8B,PAR2 -> F2RL1,3
results/qthink_v1/Qwen3-8B,Neutrophil elastase -> ELANE,1
results/qthink_v1/Qwen3-8B,TNF-alpha -> TNF,1
results/qthink_v1/Qwen3-8B,Rip3 -> RIPK3,2
results/qthink_v1/Qwen3-8B,RIP3 -> RIPK3,1
results/qthink_v1/Qwen3-8B,RAGE -> AGER,1
results/qthink_v1/Qwen3-8B,CD59a -> CD59,1
results/qthink_v1/Qwen3-8B,Mig6 -> ERRFI1,2
results/qthink_v1/Qwen3-8B,IL1RA -> IL1RN,3
results/qthink_v1/Qwen3-8B,VEGFR3 -> FLT4,1
results/qthink_v1/Qwen3-8B,SDF-1 -> CXCL12,1
results/qthink_v1/Qwen3-8B,CXCR4 -> CXCR4,1
results/qthink_v1/Qwen3-8B,TGF-β -> TGFB1,1
results/qthink_v1/Qwen3-8B,CD11b -> ITGAM,1
results/qthink_v1/Qwen3-8B,ZCCHC6 -> TUT7,1
results/qthink_v1/Qwen3-8B,LOX-1 -> OLR1,1
results/qthink_v1/Qwen3-8B,IL17 -> IL17A,1
results/qthink_v1/Qwen3-8B,ALK5 -> TGFBR1,1
results/qthink_v1/Qwen3-8B,NCAM -> NCAM1,1
results/qthink_v1/Qwen3-8B,NF-κB -> NFKB1,1
results/qthink_v1/Qwen3-8B,Ob-Rb -> LEPR,1
results/qthink_v1/Qwen3-8B,Nrf2 -> NFE2L2,1
results/qthink_v1/Qwen3-8B,OSM -> OSM,1
results/qthink_v1/Qwen3-8B,TNF -> TNF,1
results/qthink_v1/Qwen3-8B,IKKε -> IKBKE,1
results/qthink_v1/Qwen3-8B,L-PGDS -> PTGDS,1
results/qthink_v1/Qwen3-8B,JNK -> MAPK8,1
results/qthink_v1/Qwen3-8B,Mig-6 -> ERRFI1,1
results/qthink_v1/Qwen3-8B,FoxO1 -> FOXO1,4
results/qthink_v1/Qwen3-8B,FoxO3 -> FOXO3,4
results/qthink_v1/Qwen3-8B,FoxO4 -> FOXO4,4
results/qthink_v1/Qwen3-8B,c-Fos -> FOS,1
results/qthink_v1/Qwen3-8B,OPG -> TNFRSF11B,1
results/qthink_v1/Qwen3-8B,CCL2 -> CCL2,2
results/qthink_v1/Qwen3-8B,CCR2 -> CCR2,2
results/qthink_v1/Qwen3-8B,Lumican -> LUM,1
results/qthink_v1/Qwen3-8B,Fibromodulin -> FMOD,1
results/qthink_v1/Qwen3-8B,miR-141 -> MIR-141,2
results/qthink_v1/Qwen3-8B,miR-200c -> MIR-200C,2
results/qthink_v1/Qwen3-8B,Perf -> FABP9,1
results/qthink_v1/Qwen3-8B,A20 -> TNFAIP3,1
results/qthink_v1/Qwen3-8B,5-LOX -> ALOX5,1
results/qthink_v1/Qwen3-8B,TNFα -> TNF,1
results/qthink_v1/Qwen3-8B,PCAF -> KAT2B,1
results/qthink_v1/Qwen3-8B,RSK-3 -> RPS6KA2,1
results/qthink_v1/Qwen3-8B,Gmcsf -> CSF2,1
results/qthink_v1/Qwen3-8B,Jmjd3 -> KDM6B,1
results/qthink_v1/Qwen3-8B,Cox2 -> PTGS2,1
results/qthink_v1/Qwen3-8B,ApoE -> APOE,1
results/qthink_v1/Qwen3-8B,S100a9 -> S100A9,1
results/qthink_v1/Qwen3-8B,TDP-43 -> TARDBP,1
results/qthink_v1/Qwen3-8B,PKCδ -> PRRT2,1
results/qthink_v1/Qwen3-8B,Atf6α -> ATF6,1
results/qthink_v1/Qwen3-8B,miR-181a-5p -> MIR-181A,1
results/qthink_v1/Qwen3-8B,MiR-18a-3p -> MIR-18A,1
results/qthink_v1/Qwen3-8B,LPA1 -> LPAR1,2
results/qthink_v1/Qwen3-8B,Nox2 -> CYBB,1
results/qthink_v1/Qwen3-8B,BMP-4 -> BMP4,1
results/qthink_v1/Qwen3-8B,sFlt-1 -> SFLT1,1
results/qthink_v1/Qwen3-8B,Glut1 -> SLC2A1,2
results/qthink_v1/Qwen3-8B,miR-204-5p -> MIR-204,1
results/qthink_v1/Qwen3-8B,IL-33 -> IL33,1
results/qthink_v1/Qwen3-8B,ST2 -> IL1RL1,1
results/qthink_v1/Qwen3-8B,miR-455-3p -> MIR-455,1
results/qthink_v1/Qwen3-8B,HIF-2α -> EPAS1,1
results/qthink_v1/Qwen3-8B,ADAMTS4 -> ADAMTS4,1
results/qthink_v1/Qwen3-8B,ADAMTS5 -> ADAMTS5,1
results/qthink_v1/Qwen3-8B,PAR-1 -> F2R,1
results/qthink_v1/Qwen3-8B,PAR-2 -> F2RL1,1
results/qthink_v1/Qwen3-8B,GC (glucosamine -> GCGLUCOSAMINE,1
results/qthink_v1/Qwen3-8B,chitooligosaccharides) -> CHITOOLIGOSACCHARIDES,1
results/psweep_v6lite/Qwen3-8B,ETB -> EDNRB,2
results/psweep_v6lite/Qwen3-8B,P53 -> TP53,1
results/psweep_v6lite/Qwen3-8B,RIP3 -> RIPK3,2
results/psweep_v6lite/Qwen3-8B,SDF-1 -> CXCL12,1
results/psweep_v6lite/Qwen3-8B,CD11B -> ITGAM,2
results/psweep_v6lite/Qwen3-8B,ZCCHC6 -> TUT7,1
results/psweep_v6lite/Qwen3-8B,LOX1 -> OLR1,2
results/psweep_v6lite/Qwen3-8B,ALK5 -> TGFBR1,1
results/psweep_v6lite/Qwen3-8B,NRF2 -> NFE2L2,1
results/psweep_v6lite/Qwen3-8B,CFOS -> FOS,1
results/psweep_v6lite/Qwen3-8B,PAR2 -> F2RL1,3
results/psweep_v6lite/Qwen3-8B,AKT -> AKT1,1
results/psweep_v6lite/Qwen3-8B,Jmjd3 -> KDM6B,1
results/psweep_v6lite/Qwen3-8B,COX-2 -> PTGS2,1
results/psweep_v6lite/Qwen3-8B,ATF6A -> ATF6,1
results/psweep_v6lite/Qwen3-8B,GLUT1 -> SLC2A1,3
results/psweep_v6lite/Qwen3-8B,ST2 -> IL1RL1,2
results/psweep_v6lite/Qwen3-8B,PAR1 -> F2R,1
results/qwen36_v3/Qwen3.6-27B,ET-1 -> EDN1,1
results/qwen36_v3/Qwen3.6-27B,XOR -> XDH,1
results/qwen36_v3/Qwen3.6-27B,miR-9-5p -> MIR-9,1
results/qwen36_v3/Qwen3.6-27B,Hic-5 -> TGFB1I1,1
results/qwen36_v3/Qwen3.6-27B,miR-10a-5p -> MIR-10A,2
results/qwen36_v3/Qwen3.6-27B,Rip3 -> RIPK3,3
results/qwen36_v3/Qwen3.6-27B,CD59a -> CD59,1
results/qwen36_v3/Qwen3.6-27B,Mig6 -> ERRFI1,1
results/qwen36_v3/Qwen3.6-27B,SDF-1 -> CXCL12,2
results/qwen36_v3/Qwen3.6-27B,IL1ra -> IL1RN,1
results/qwen36_v3/Qwen3.6-27B,VEGFR-3 -> FLT4,1
results/qwen36_v3/Qwen3.6-27B,TGF-β -> TGFB1,1
results/qwen36_v3/Qwen3.6-27B,Cd11b -> ITGAM,1
results/qwen36_v3/Qwen3.6-27B,Zcchc6 -> TUT7,1
results/qwen36_v3/Qwen3.6-27B,LOX-1 -> OLR1,1
results/qwen36_v3/Qwen3.6-27B,Il17 -> IL17A,1
results/qwen36_v3/Qwen3.6-27B,Alk5 -> TGFBR1,1
results/qwen36_v3/Qwen3.6-27B,NCAM -> NCAM1,2
results/qwen36_v3/Qwen3.6-27B,NF-κB -> NFKB1,1
results/qwen36_v3/Qwen3.6-27B,Ob-Rb -> LEPR,1
results/qwen36_v3/Qwen3.6-27B,Nrf2 -> NFE2L2,1
results/qwen36_v3/Qwen3.6-27B,IKKε -> IKBKE,1
results/qwen36_v3/Qwen3.6-27B,L-PGDS -> PTGDS,1
results/qwen36_v3/Qwen3.6-27B,JNK -> MAPK8,1
results/qwen36_v3/Qwen3.6-27B,Mig-6 -> ERRFI1,1
results/qwen36_v3/Qwen3.6-27B,Opg -> TNFRSF11B,1
results/qwen36_v3/Qwen3.6-27B,PAR2 -> F2RL1,2
results/qwen36_v3/Qwen3.6-27B,Perf -> FABP9,1
results/qwen36_v3/Qwen3.6-27B,Galectin-3 -> LGALS3,1
results/qwen36_v3/Qwen3.6-27B,A20 -> TNFAIP3,1
results/qwen36_v3/Qwen3.6-27B,Calcitonin -> CALCA,1
results/qwen36_v3/Qwen3.6-27B,Rsk3 -> RPS6KA2,2
results/qwen36_v3/Qwen3.6-27B,Jmjd3 -> KDM6B,1
results/qwen36_v3/Qwen3.6-27B,OPN -> SPP1,1
results/qwen36_v3/Qwen3.6-27B,Cathepsin K -> CTSK,2
results/qwen36_v3/Qwen3.6-27B,p21 -> CDKN1A,1
results/qwen36_v3/Qwen3.6-27B,TDP-43 -> TARDBP,1
results/qwen36_v3/Qwen3.6-27B,Atf6a -> ATF6,1
results/qwen36_v3/Qwen3.6-27B,miR-181a-5p -> MIR-181A,2
results/qwen36_v3/Qwen3.6-27B,miR-18a-3p -> MIR-18A,1
results/qwen36_v3/Qwen3.6-27B,Nox2 -> CYBB,1
results/qwen36_v3/Qwen3.6-27B,Glut1 -> SLC2A1,2
results/qwen36_v3/Qwen3.6-27B,Tankyrase -> TNKS,1
results/qwen36_v3/Qwen3.6-27B,miR-204-5p -> MIR-204,1
results/qwen36_v3/Qwen3.6-27B,ST2 -> IL1RL1,1
results/qwen36_v3/Qwen3.6-27B,miR-455-3p -> MIR-455,1
results/qwen36_v3/Qwen3.6-27B,PAR-1 -> F2R,1
results/qwen36_v3/Qwen3.6-27B,PAR-2 -> F2RL1,1
results/dev/Qwen3-8B,ET-1 -> EDN1,1
results/dev/Qwen3-8B,XOR -> XDH,1
results/dev/Qwen3-8B,Hic-5 -> TGFB1I1,1
results/dev/Qwen3-8B,Adenosine A3 receptor -> ADORA3,2
results/dev/Qwen3-8B,miR-10a-5p -> MIR-10A,1
results/dev/Qwen3-8B,Rip3 -> RIPK3,1
results/dev/Qwen3-8B,CD59a -> CD59,1
results/dev/Qwen3-8B,Mig6 -> ERRFI1,1
results/dev/Qwen3-8B,SDF-1 -> CXCL12,2
results/dev/Qwen3-8B,IL1RA -> IL1RN,1
results/dev/Qwen3-8B,VEGFR-3 -> FLT4,1
results/dev/Qwen3-8B,BTZ -> CASC3,1
results/dev/Qwen3-8B,TGF-β -> TGFB1,1
results/dev/Qwen3-8B,Cd11b -> ITGAM,1
results/dev/Qwen3-8B,ZCCHC6 -> TUT7,1
results/dev/Qwen3-8B,LOX-1 -> OLR1,1
results/dev/Qwen3-8B,Il17 -> IL17A,1
results/dev/Qwen3-8B,Alk5 -> TGFBR1,1
results/dev/Qwen3-8B,NCAM -> NCAM1,2
results/dev/Qwen3-8B,Ob-Rb -> LEPR,1
results/dev/Qwen3-8B,Nrf2 -> NFE2L2,1
results/dev/Qwen3-8B,IKKε -> IKBKE,1
results/dev/Qwen3-8B,L-PGDS -> PTGDS,1
results/dev/Qwen3-8B,Mig-6 -> ERRFI1,1
results/dev/Qwen3-8B,c-Fos -> FOS,2
results/dev/Qwen3-8B,β-catenin -> CTNNB1,1
results/dev/Qwen3-8B,Opg -> TNFRSF11B,1
results/dev/Qwen3-8B,PAR2 -> F2RL1,2
results/dev/Qwen3-8B,A20 -> TNFAIP3,1
results/dev/Qwen3-8B,Lubricin -> PRG4,1
results/dev/Qwen3-8B,PCAF -> KAT2B,1
results/dev/Qwen3-8B,RSK-3 -> RPS6KA2,2
results/dev/Qwen3-8B,Jmjd3 -> KDM6B,1
results/dev/Qwen3-8B,OPN -> SPP1,1
results/dev/Qwen3-8B,p21 -> CDKN1A,1
results/dev/Qwen3-8B,PKCδ -> PRRT2,1
results/dev/Qwen3-8B,Atf6α -> ATF6,1
results/dev/Qwen3-8B,Nox2 -> CYBB,1
results/dev/Qwen3-8B,Glut1 -> SLC2A1,3
results/dev/Qwen3-8B,Tankyrase -> TNKS,1
results/dev/Qwen3-8B,miR-204-5p -> MIR-204,1
results/dev/Qwen3-8B,ADAMTS-4 -> ADAMTS4,2
results/dev/Qwen3-8B,ADAMTS-5 -> ADAMTS5,2
results/dev/Qwen3-8B,PAR-2 -> F2RL1,1
results/dev/Qwen3-4B-Thinking-2507,ET-1 -> EDN1,1
results/dev/Qwen3-4B-Thinking-2507,XOR -> XDH,1
results/dev/Qwen3-4B-Thinking-2507,Hic-5 -> TGFB1I1,1
results/dev/Qwen3-4B-Thinking-2507,miR-10a-5p -> MIR-10A,2
results/dev/Qwen3-4B-Thinking-2507,sclerostin -> SOST,3
results/dev/Qwen3-4B-Thinking-2507,Rip3 -> RIPK3,2
results/dev/Qwen3-4B-Thinking-2507,RAGE -> AGER,1
results/dev/Qwen3-4B-Thinking-2507,Mig6 -> ERRFI1,1
results/dev/Qwen3-4B-Thinking-2507,SDF-1 -> CXCL12,2
results/dev/Qwen3-4B-Thinking-2507,IL1RA -> IL1RN,2
results/dev/Qwen3-4B-Thinking-2507,TGF-β -> TGFB1,1
results/dev/Qwen3-4B-Thinking-2507,CD11b -> ITGAM,1
results/dev/Qwen3-4B-Thinking-2507,ZCCHC6 -> TUT7,1
results/dev/Qwen3-4B-Thinking-2507,LOX1 -> OLR1,1
results/dev/Qwen3-4B-Thinking-2507,IL17 -> IL17A,1
results/dev/Qwen3-4B-Thinking-2507,Alk5 -> TGFBR1,1
results/dev/Qwen3-4B-Thinking-2507,NCAM -> NCAM1,1
results/dev/Qwen3-4B-Thinking-2507,Ob-Rb -> LEPR,1
results/dev/Qwen3-4B-Thinking-2507,Nrf2 -> NFE2L2,1
results/dev/Qwen3-4B-Thinking-2507,ERRγ -> ESRRG,1
results/dev/Qwen3-4B-Thinking-2507,OSM -> OSM,1
results/dev/Qwen3-4B-Thinking-2507,TNFalpha -> TNF,1
results/dev/Qwen3-4B-Thinking-2507,IKKε -> IKBKE,1
results/dev/Qwen3-4B-Thinking-2507,L-PGDS -> PTGDS,1
results/dev/Qwen3-4B-Thinking-2507,Mig-6 -> ERRFI1,1
results/dev/Qwen3-4B-Thinking-2507,FoxO1 -> FOXO1,4
results/dev/Qwen3-4B-Thinking-2507,FoxO3 -> FOXO3,4
results/dev/Qwen3-4B-Thinking-2507,FoxO4 -> FOXO4,4
results/dev/Qwen3-4B-Thinking-2507,c-Fos -> FOS,2
results/dev/Qwen3-4B-Thinking-2507,β-catenin -> CTNNB1,1
results/dev/Qwen3-4B-Thinking-2507,Opg -> TNFRSF11B,1
results/dev/Qwen3-4B-Thinking-2507,PAR2 -> F2RL1,3
results/dev/Qwen3-4B-Thinking-2507,CCL2 -> CCL2,2
results/dev/Qwen3-4B-Thinking-2507,CCR2 -> CCR2,2
results/dev/Qwen3-4B-Thinking-2507,Lum -> LUM,1
results/dev/Qwen3-4B-Thinking-2507,Fmod -> FMOD,1
results/dev/Qwen3-4B-Thinking-2507,perf -> FABP9,1
results/dev/Qwen3-4B-Thinking-2507,A20 -> TNFAIP3,1
results/dev/Qwen3-4B-Thinking-2507,Calcitonin -> CALCA,1
results/dev/Qwen3-4B-Thinking-2507,CXCR4 -> CXCR4,1
results/dev/Qwen3-4B-Thinking-2507,PCAF -> KAT2B,1
results/dev/Qwen3-4B-Thinking-2507,RSK3 -> RPS6KA2,2
results/dev/Qwen3-4B-Thinking-2507,ApoE -> APOE,1
results/dev/Qwen3-4B-Thinking-2507,S100a9 -> S100A9,1
results/dev/Qwen3-4B-Thinking-2507,p21 -> CDKN1A,1
results/dev/Qwen3-4B-Thinking-2507,TDP-43 -> TARDBP,1
results/dev/Qwen3-4B-Thinking-2507,PKCδ -> PRRT2,1
results/dev/Qwen3-4B-Thinking-2507,Atf6α -> ATF6,1
results/dev/Qwen3-4B-Thinking-2507,miR-181a-5p -> MIR-181A,2
results/dev/Qwen3-4B-Thinking-2507,miR-18a-3p -> MIR-18A,1
results/dev/Qwen3-4B-Thinking-2507,Nox2 -> CYBB,1
results/dev/Qwen3-4B-Thinking-2507,Glut1 -> SLC2A1,2
results/dev/Qwen3-4B-Thinking-2507,tankyrase -> TNKS,1
results/dev/Qwen3-4B-Thinking-2507,miR-204-5p -> MIR-204,1
results/dev/Qwen3-4B-Thinking-2507,Adamts4 -> ADAMTS4,1
results/dev/Qwen3-4B-Thinking-2507,Adamts5 -> ADAMTS5,1
results/dev/Qwen3-4B-Thinking-2507,PAR1 -> F2R,1
results/dev/Qwen3-4B-Instruct-2507,ET-1 -> EDN1,1
results/dev/Qwen3-4B-Instruct-2507,XOR -> XDH,1
results/dev/Qwen3-4B-Instruct-2507,miR-9-5p -> MIR-9,1
results/dev/Qwen3-4B-Instruct-2507,Hic-5 -> TGFB1I1,1
results/dev/Qwen3-4B-Instruct-2507,Sclerostin -> SOST,2
results/dev/Qwen3-4B-Instruct-2507,Rip3 -> RIPK3,2
results/dev/Qwen3-4B-Instruct-2507,Mig6 -> ERRFI1,1
results/dev/Qwen3-4B-Instruct-2507,SDF-1 -> CXCL12,2
results/dev/Qwen3-4B-Instruct-2507,TGF-β -> TGFB1,1
results/dev/Qwen3-4B-Instruct-2507,CD11b -> ITGAM,1
results/dev/Qwen3-4B-Instruct-2507,ZCCHC6 -> TUT7,1
results/dev/Qwen3-4B-Instruct-2507,LOX-1 -> OLR1,1
results/dev/Qwen3-4B-Instruct-2507,IL17 -> IL17A,1
results/dev/Qwen3-4B-Instruct-2507,IL1Ra -> IL1RN,1
results/dev/Qwen3-4B-Instruct-2507,Alk5 -> TGFBR1,1
results/dev/Qwen3-4B-Instruct-2507,NCAM -> NCAM1,2
results/dev/Qwen3-4B-Instruct-2507,Ob-Rb -> LEPR,1
results/dev/Qwen3-4B-Instruct-2507,Nrf2 -> NFE2L2,1
results/dev/Qwen3-4B-Instruct-2507,ERRγ -> ESRRG,1
results/dev/Qwen3-4B-Instruct-2507,IKKε -> IKBKE,1
results/dev/Qwen3-4B-Instruct-2507,L-PGDS -> PTGDS,1
results/dev/Qwen3-4B-Instruct-2507,Mig-6 -> ERRFI1,1
results/dev/Qwen3-4B-Instruct-2507,c-Fos -> FOS,1
results/dev/Qwen3-4B-Instruct-2507,β-catenin -> CTNNB1,1
results/dev/Qwen3-4B-Instruct-2507,OPG -> TNFRSF11B,1
results/dev/Qwen3-4B-Instruct-2507,PAR2 -> F2RL1,3
results/dev/Qwen3-4B-Instruct-2507,perf -> FABP9,1
results/dev/Qwen3-4B-Instruct-2507,Lubricin -> PRG4,3
results/dev/Qwen3-4B-Instruct-2507,Calcitonin -> CALCA,1
results/dev/Qwen3-4B-Instruct-2507,PCAF -> KAT2B,1
results/dev/Qwen3-4B-Instruct-2507,Jmjd3 -> KDM6B,1
results/dev/Qwen3-4B-Instruct-2507,p21 -> CDKN1A,1
results/dev/Qwen3-4B-Instruct-2507,TDP-43 -> TARDBP,1
results/dev/Qwen3-4B-Instruct-2507,PKCδ -> PRRT2,1
results/dev/Qwen3-4B-Instruct-2507,Atf6α -> ATF6,1
results/dev/Qwen3-4B-Instruct-2507,Nox2 -> CYBB,1
results/dev/Qwen3-4B-Instruct-2507,Glut1 -> SLC2A1,3
results/dev/Qwen3-4B-Instruct-2507,Tankyrase -> TNKS,2
results/dev/Qwen3-4B-Instruct-2507,miR-204-5p -> MIR-204,1
results/dev/Qwen3-4B-Instruct-2507,ST2 -> IL1RL1,1
results/dev/Qwen3-4B-Instruct-2507,ADAMTS-4 -> ADAMTS4,1
results/dev/Qwen3-4B-Instruct-2507,ADAMTS-5 -> ADAMTS5,1
results/dev/Qwen3-4B-Instruct-2507,PAR1 -> F2R,1
results/dev/Qwen3.5-4B,ET-1 -> EDN1,1
results/dev/Qwen3.5-4B,XOR -> XDH,1
results/dev/Qwen3.5-4B,Hic-5 -> TGFB1I1,1
results/dev/Qwen3.5-4B,Adenosine A3 receptor -> ADORA3,1
results/dev/Qwen3.5-4B,miR-10a-5p -> MIR-10A,1
results/dev/Qwen3.5-4B,P53 -> TP53,1
results/dev/Qwen3.5-4B,Sclerostin -> SOST,3
results/dev/Qwen3.5-4B,Rip3 -> RIPK3,3
results/dev/Qwen3.5-4B,CD59a -> CD59,1
results/dev/Qwen3.5-4B,Mig6 -> ERRFI1,1
results/dev/Qwen3.5-4B,SDF-1 -> CXCL12,2
results/dev/Qwen3.5-4B,IL-1ra -> IL1RN,1
results/dev/Qwen3.5-4B,SDF-1α -> CXCL12,1
results/dev/Qwen3.5-4B,TGF-β -> TGFB1,1
results/dev/Qwen3.5-4B,CD11b -> ITGAM,1
results/dev/Qwen3.5-4B,Zcchc6 -> TUT7,1
results/dev/Qwen3.5-4B,LOX-1 -> OLR1,1
results/dev/Qwen3.5-4B,IL-17 -> IL17A,1
results/dev/Qwen3.5-4B,Alk5 -> TGFBR1,1
results/dev/Qwen3.5-4B,NCAM -> NCAM1,2
results/dev/Qwen3.5-4B,Tenascin-C -> TNC,4
results/dev/Qwen3.5-4B,Ob-Rb -> LEPR,1
results/dev/Qwen3.5-4B,Nrf2 -> NFE2L2,1
results/dev/Qwen3.5-4B,IKKε -> IKBKE,1
results/dev/Qwen3.5-4B,L-PGDS -> PTGDS,1
results/dev/Qwen3.5-4B,Mig-6 -> ERRFI1,1
results/dev/Qwen3.5-4B,c-Fos -> FOS,2
results/dev/Qwen3.5-4B,β-catenin -> CTNNB1,1
results/dev/Qwen3.5-4B,Opg -> TNFRSF11B,1
results/dev/Qwen3.5-4B,PAR2 -> F2RL1,2
results/dev/Qwen3.5-4B,perf -> FABP9,1
results/dev/Qwen3.5-4B,A20 -> TNFAIP3,1
results/dev/Qwen3.5-4B,Decorin -> DCN,2
results/dev/Qwen3.5-4B,Calcitonin -> CALCA,1
results/dev/Qwen3.5-4B,PCAF -> KAT2B,1
results/dev/Qwen3.5-4B,RSK-3 -> RPS6KA2,3
results/dev/Qwen3.5-4B,Jmjd3 -> KDM6B,1
results/dev/Qwen3.5-4B,Cox2 -> PTGS2,1
results/dev/Qwen3.5-4B,Gm-csf -> CSF2,2
results/dev/Qwen3.5-4B,OPN -> SPP1,1
results/dev/Qwen3.5-4B,p21 -> CDKN1A,1
results/dev/Qwen3.5-4B,TDP-43 -> TARDBP,1
results/dev/Qwen3.5-4B,PKCδ -> PRRT2,1
results/dev/Qwen3.5-4B,Atf6 alpha -> ATF6,1
results/dev/Qwen3.5-4B,miR-181a-5p -> MIR-181A,2
results/dev/Qwen3.5-4B,miR-18a-3p -> MIR-18A,1
results/dev/Qwen3.5-4B,Nox2 -> CYBB,1
results/dev/Qwen3.5-4B,Glut1 -> SLC2A1,3
results/dev/Qwen3.5-4B,Tankyrase -> TNKS,2
results/dev/Qwen3.5-4B,miR-204-5p -> MIR-204,1
results/dev/Qwen3.5-4B,ADAMTS-4 -> ADAMTS4,1
results/dev/Qwen3.5-4B,ADAMTS-5 -> ADAMTS5,1
results/dev/Qwen3.5-4B,PAR-2 -> F2RL1,1
results/dev/Qwen3.5-4B,PAR-1 -> F2R,1
results/dyn_k3/Qwen3-8B,ET1 -> EDN1,1
results/dyn_k3/Qwen3-8B,ETB -> EDNRB,1
results/dyn_k3/Qwen3-8B,XOR -> XDH,1
results/dyn_k3/Qwen3-8B,miR-9-5p -> MIR-9,1
results/dyn_k3/Qwen3-8B,HIC5 -> TGFB1I1,2
results/dyn_k3/Qwen3-8B,miR-10a-5p -> MIR-10A,1
results/dyn_k3/Qwen3-8B,PAR2 -> F2RL1,3
results/dyn_k3/Qwen3-8B,NE -> ELANE,1
results/dyn_k3/Qwen3-8B,RIP3 -> RIPK3,3
results/dyn_k3/Qwen3-8B,RAGE -> AGER,2
results/dyn_k3/Qwen3-8B,DC -> DCX,2
results/dyn_k3/Qwen3-8B,MIG6 -> ERRFI1,2
results/dyn_k3/Qwen3-8B,P38 -> MAPK14,1
results/dyn_k3/Qwen3-8B,VEGFR3 -> FLT4,1
results/dyn_k3/Qwen3-8B,ZCCHC6 -> TUT7,1
results/dyn_k3/Qwen3-8B,LOX1 -> OLR1,1
results/dyn_k3/Qwen3-8B,IL17 -> IL17A,1
results/dyn_k3/Qwen3-8B,NCAM -> NCAM1,2
results/dyn_k3/Qwen3-8B,TNF-α -> TNF,2
results/dyn_k3/Qwen3-8B,Caspase-3 -> CASP3,2
results/dyn_k3/Qwen3-8B,IKKε -> IKBKE,3
results/dyn_k3/Qwen3-8B,H2 -> FGFR1,1
results/dyn_k3/Qwen3-8B,TCTP -> TPT1,2
results/dyn_k3/Qwen3-8B,CFOS -> FOS,1
results/dyn_k3/Qwen3-8B,PERF -> FABP9,1
results/dyn_k3/Qwen3-8B,A20 -> TNFAIP3,1
results/dyn_k3/Qwen3-8B,CALCITONIN -> CALCA,1
results/dyn_k3/Qwen3-8B,PCAF -> KAT2B,1
results/dyn_k3/Qwen3-8B,RSK3 -> RPS6KA2,2
results/dyn_k3/Qwen3-8B,Jmjd3 -> KDM6B,1
results/dyn_k3/Qwen3-8B,OPN -> SPP1,1
results/dyn_k3/Qwen3-8B,NF-kB -> NFKB1,1
results/dyn_k3/Qwen3-8B,TDP43 -> TARDBP,1
results/dyn_k3/Qwen3-8B,ATF6A -> ATF6,1
results/dyn_k3/Qwen3-8B,LPA1 -> LPAR1,2
results/dyn_k3/Qwen3-8B,NOX2 -> CYBB,1
results/dyn_k3/Qwen3-8B,GLUT1 -> SLC2A1,3
results/dyn_k3/Qwen3-8B,ST2 -> IL1RL1,1
results/dyn_k3/Qwen3-8B,miR-455-3p -> MIR-455,1
results/dyn_k3/Qwen3-8B,HIF2A -> EPAS1,1
results/tsweep_t09_s3/Qwen3-8B,ET1 -> EDN1,1
results/tsweep_t09_s3/Qwen3-8B,miR-877-5p -> MIR-877,1
results/tsweep_t09_s3/Qwen3-8B,XOR -> XDH,1
results/tsweep_t09_s3/Qwen3-8B,miR-9-5p -> MIR-9,1
results/tsweep_t09_s3/Qwen3-8B,Hic-5 -> TGFB1I1,1
results/tsweep_t09_s3/Qwen3-8B,miR-10a-5p -> MIR-10A,2
results/tsweep_t09_s3/Qwen3-8B,Neutrophil elastase -> ELANE,1
results/tsweep_t09_s3/Qwen3-8B,PAR2 -> F2RL1,2
results/tsweep_t09_s3/Qwen3-8B,TNF-alpha -> TNF,1
results/tsweep_t09_s3/Qwen3-8B,Rip3 -> RIPK3,1
results/tsweep_t09_s3/Qwen3-8B,Rage -> AGER,1
results/tsweep_t09_s3/Qwen3-8B,CD59a -> CD59,1
results/tsweep_t09_s3/Qwen3-8B,Mig6 -> ERRFI1,2
results/tsweep_t09_s3/Qwen3-8B,SDF-1 -> CXCL12,1
results/tsweep_t09_s3/Qwen3-8B,SDF1 -> CXCL12,1
results/tsweep_t09_s3/Qwen3-8B,TGF-β -> TGFB1,1
results/tsweep_t09_s3/Qwen3-8B,Zcchc6 -> TUT7,1
results/tsweep_t09_s3/Qwen3-8B,Lox1 -> OLR1,1
results/tsweep_t09_s3/Qwen3-8B,Il1ra -> IL1RN,1
results/tsweep_t09_s3/Qwen3-8B,Il17 -> IL17A,1
results/tsweep_t09_s3/Qwen3-8B,Alk5 -> TGFBR1,1
results/tsweep_t09_s3/Qwen3-8B,NCAM -> NCAM1,1
results/tsweep_t09_s3/Qwen3-8B,NF-κB -> NFKB1,1
results/tsweep_t09_s3/Qwen3-8B,Tncc -> TNC,2
results/tsweep_t09_s3/Qwen3-8B,Ob-Rb -> LEPR,1
results/tsweep_t09_s3/Qwen3-8B,Nrf2 -> NFE2L2,1
results/tsweep_t09_s3/Qwen3-8B,IKKε -> IKBKE,1
results/tsweep_t09_s3/Qwen3-8B,L-PGDS -> PTGDS,1
results/tsweep_t09_s3/Qwen3-8B,C-Fos -> FOS,1
results/tsweep_t09_s3/Qwen3-8B,Opg -> TNFRSF11B,1
results/tsweep_t09_s3/Qwen3-8B,Perf -> FABP9,1
results/tsweep_t09_s3/Qwen3-8B,A20 -> TNFAIP3,1
results/tsweep_t09_s3/Qwen3-8B,PCAF -> KAT2B,1
results/tsweep_t09_s3/Qwen3-8B,Rsk3 -> RPS6KA2,2
results/tsweep_t09_s3/Qwen3-8B,Gmcsf -> CSF2,1
results/tsweep_t09_s3/Qwen3-8B,Jmjd3 -> KDM6B,1
results/tsweep_t09_s3/Qwen3-8B,Cox2 -> PTGS2,1
results/tsweep_t09_s3/Qwen3-8B,OPN -> SPP1,1
results/tsweep_t09_s3/Qwen3-8B,p21 -> CDKN1A,1
results/tsweep_t09_s3/Qwen3-8B,TDP-43 -> TARDBP,1
results/tsweep_t09_s3/Qwen3-8B,PKCδ -> PRRT2,1
results/tsweep_t09_s3/Qwen3-8B,Atf6α -> ATF6,1
results/tsweep_t09_s3/Qwen3-8B,miR-181a-5p -> MIR-181A,1
results/tsweep_t09_s3/Qwen3-8B,MiR-18a-3p -> MIR-18A,1
results/tsweep_t09_s3/Qwen3-8B,Nox2 -> CYBB,1
results/tsweep_t09_s3/Qwen3-8B,Glut1 -> SLC2A1,2
results/tsweep_t09_s3/Qwen3-8B,miR-204-5p -> MIR-204,1
results/tsweep_t09_s3/Qwen3-8B,MiR-455-3p -> MIR-455,1
results/tsweep_t09_s3/Qwen3-8B,HIF-2α -> EPAS1,1
results/tsweep_t09_s3/Qwen3-8B,PAR-2 -> F2RL1,1
results/tsweep_t09_s3/Qwen3-8B,PAR-1 -> F2R,1
results/qthink_v4/Qwen3-8B,ET1 -> EDN1,1
results/qthink_v4/Qwen3-8B,miR-877-5p -> MIR-877,1
results/qthink_v4/Qwen3-8B,XOR -> XDH,1
results/qthink_v4/Qwen3-8B,miR-9-5p -> MIR-9,1
results/qthink_v4/Qwen3-8B,Hic-5 -> TGFB1I1,1
results/qthink_v4/Qwen3-8B,miR-10a-5p -> MIR-10A,2
results/qthink_v4/Qwen3-8B,Par2 -> F2RL1,2
results/qthink_v4/Qwen3-8B,Neutrophil elastase -> ELANE,1
results/qthink_v4/Qwen3-8B,TNF-alpha -> TNF,1
results/qthink_v4/Qwen3-8B,Rip3 -> RIPK3,2
results/qthink_v4/Qwen3-8B,RAGE -> AGER,1
results/qthink_v4/Qwen3-8B,CD59a -> CD59,1
results/qthink_v4/Qwen3-8B,Mig6 -> ERRFI1,3
results/qthink_v4/Qwen3-8B,SDF-1 -> CXCL12,1
results/qthink_v4/Qwen3-8B,IL1RA -> IL1RN,1
results/qthink_v4/Qwen3-8B,Cd11b -> ITGAM,1
results/qthink_v4/Qwen3-8B,ZCCHC6 -> TUT7,1
results/qthink_v4/Qwen3-8B,Lox1 -> OLR1,1
results/qthink_v4/Qwen3-8B,Il17 -> IL17A,1
results/qthink_v4/Qwen3-8B,Alk5 -> TGFBR1,1
results/qthink_v4/Qwen3-8B,NCAM -> NCAM1,1
results/qthink_v4/Qwen3-8B,NF-κB -> NFKB1,1
results/qthink_v4/Qwen3-8B,Ob-Rb -> LEPR,1
results/qthink_v4/Qwen3-8B,Nrf2 -> NFE2L2,1
results/qthink_v4/Qwen3-8B,IKKε -> IKBKE,1
results/qthink_v4/Qwen3-8B,L-PGDS -> PTGDS,1
results/qthink_v4/Qwen3-8B,PLA2 -> PLA2G1B,1
results/qthink_v4/Qwen3-8B,Opg -> TNFRSF11B,1
results/qthink_v4/Qwen3-8B,PAR2 -> F2RL1,1
results/qthink_v4/Qwen3-8B,Perf -> FABP9,1
results/qthink_v4/Qwen3-8B,A20 -> TNFAIP3,1
results/qthink_v4/Qwen3-8B,PCAF -> KAT2B,1
results/qthink_v4/Qwen3-8B,Rsk3 -> RPS6KA2,2
results/qthink_v4/Qwen3-8B,Gmcsf -> CSF2,1
results/qthink_v4/Qwen3-8B,Jmjd3 -> KDM6B,1
results/qthink_v4/Qwen3-8B,COX-2 -> PTGS2,1
results/qthink_v4/Qwen3-8B,OPN -> SPP1,1
results/qthink_v4/Qwen3-8B,p21 -> CDKN1A,1
results/qthink_v4/Qwen3-8B,TDP-43 -> TARDBP,1
results/qthink_v4/Qwen3-8B,PKCδ -> PRRT2,1
results/qthink_v4/Qwen3-8B,Atf6α -> ATF6,1
results/qthink_v4/Qwen3-8B,miR-181a-5p -> MIR-181A,2
results/qthink_v4/Qwen3-8B,MiR-18a-3p -> MIR-18A,1
results/qthink_v4/Qwen3-8B,Nox2 -> CYBB,1
results/qthink_v4/Qwen3-8B,Glut1 -> SLC2A1,2
results/qthink_v4/Qwen3-8B,Tankyrase -> TNKS,1
results/qthink_v4/Qwen3-8B,miR-204-5p -> MIR-204,1
results/qthink_v4/Qwen3-8B,St2 -> IL1RL1,1
results/qthink_v4/Qwen3-8B,MiR-455-3p -> MIR-455,1
results/qthink_v4/Qwen3-8B,Par1 -> F2R,1
results/gemma4_v6/gemma-4-12B-it,ET1 -> EDN1,1
results/gemma4_v6/gemma-4-12B-it,XOR -> XDH,1
results/gemma4_v6/gemma-4-12B-it,HIC5 -> TGFB1I1,1
results/gemma4_v6/gemma-4-12B-it,NEUTROPHILELASTASE -> ELANE,2
results/gemma4_v6/gemma-4-12B-it,PAR2 -> F2RL1,5
results/gemma4_v6/gemma-4-12B-it,P38ALPHA -> MAPK14,1
results/gemma4_v6/gemma-4-12B-it,P53 -> TP53,1
results/gemma4_v6/gemma-4-12B-it,SCLEROSTIN -> SOST,4
results/gemma4_v6/gemma-4-12B-it,RIP3 -> RIPK3,2
results/gemma4_v6/gemma-4-12B-it,RAGE -> AGER,1
results/gemma4_v6/gemma-4-12B-it,MIG6 -> ERRFI1,3
results/gemma4_v6/gemma-4-12B-it,IL1R -> IL1R1,1
results/gemma4_v6/gemma-4-12B-it,VEGFR3 -> FLT4,1
results/gemma4_v6/gemma-4-12B-it,CD11B -> ITGAM,1
results/gemma4_v6/gemma-4-12B-it,ZCCHC6 -> TUT7,1
results/gemma4_v6/gemma-4-12B-it,LOX1 -> OLR1,1
results/gemma4_v6/gemma-4-12B-it,IL1RA -> IL1RN,1
results/gemma4_v6/gemma-4-12B-it,IL17 -> IL17A,1
results/gemma4_v6/gemma-4-12B-it,ALK5 -> TGFBR1,1
results/gemma4_v6/gemma-4-12B-it,NCAM -> NCAM1,1
results/gemma4_v6/gemma-4-12B-it,NFKB -> NFKB1,1
results/gemma4_v6/gemma-4-12B-it,TENASCINC -> TNC,2
results/gemma4_v6/gemma-4-12B-it,NRF2 -> NFE2L2,1
results/gemma4_v6/gemma-4-12B-it,ERRG -> ESRRG,2
results/gemma4_v6/gemma-4-12B-it,TNFA -> TNF,1
results/gemma4_v6/gemma-4-12B-it,IKKE -> IKBKE,1
results/gemma4_v6/gemma-4-12B-it,LPGDS -> PTGDS,1
results/gemma4_v6/gemma-4-12B-it,BCATENIN -> CTNNB1,1
results/gemma4_v6/gemma-4-12B-it,OPG -> TNFRSF11B,1
results/gemma4_v6/gemma-4-12B-it,PERF -> FABP9,1
results/gemma4_v6/gemma-4-12B-it,A20 -> TNFAIP3,1
results/gemma4_v6/gemma-4-12B-it,DECORIN -> DCN,2
results/gemma4_v6/gemma-4-12B-it,PCAF -> KAT2B,1
results/gemma4_v6/gemma-4-12B-it,RSK3 -> RPS6KA2,2
results/gemma4_v6/gemma-4-12B-it,GMCSF -> CSF2,1
results/gemma4_v6/gemma-4-12B-it,JMJD3 -> KDM6B,1
results/gemma4_v6/gemma-4-12B-it,P38A -> MAPK14,1
results/gemma4_v6/gemma-4-12B-it,P38B -> MAPK11,1
results/gemma4_v6/gemma-4-12B-it,OPN -> SPP1,1
results/gemma4_v6/gemma-4-12B-it,P21 -> CDKN1A,1
results/gemma4_v6/gemma-4-12B-it,TDP43 -> TARDBP,1
results/gemma4_v6/gemma-4-12B-it,ATF6A -> ATF6,1
results/gemma4_v6/gemma-4-12B-it,NOX2 -> CYBB,1
results/gemma4_v6/gemma-4-12B-it,GLUT1 -> SLC2A1,2
results/gemma4_v6/gemma-4-12B-it,ST2 -> IL1RL1,1
results/gemma4_v6/gemma-4-12B-it,PAR1 -> F2R,1
